iata_code,icao_code,airport_name,city,country_code,latitude,longitude,elevation_ft,timezone,airport_type
AAA,NTGA,Anaa Airport,Anaa,PF,-17.3526,-145.509995,10,Pacific/Tahiti,medium_airport
AAC,HEAR,El Arish International Airport,El Arish,EG,31.078565,33.836791,118,Africa/Cairo,medium_airport
AAE,DABB,Annaba Rabah Bitat Airport,Annaba,DZ,36.826781,7.81334,16,Africa/Algiers,medium_airport
AAL,EKYT,Aalborg Airport,Aalborg,DK,57.094763,9.84993,10,Europe/Copenhagen,medium_airport
AAM,FAMD,Malamala Airport,Malamala,ZA,-24.816866,31.544085,1124,Africa/Johannesburg,medium_airport
AAN,OMAL,Al Ain International Airport,Al Ain,AE,24.261699676513672,55.60919952392578,869,Asia/Dubai,medium_airport
AAO,SVAN,Anaco Airport,Anaco,VE,9.430225,-64.470726,721,America/Caracas,medium_airport
AAP,WALS,Aji Pangeran Tumenggung Pranoto International Airport,Samarinda,ID,-0.374478,117.250128,82,Asia/Makassar,medium_airport
AAQ,URKA,Anapa Vityazevo Airport,Krasnyi Kurgan,RU,45.002102,37.347301,174,Europe/Moscow,medium_airport
AAR,EKAH,Aarhus Airport,Aarhus,DK,56.303331,10.618286,82,Europe/Copenhagen,medium_airport
AAT,ZWAT,Altay Xuedu Airport,Altay,CN,47.749886,88.085808,2460,Asia/Shanghai,medium_airport
AAV,RPMA,Allah Valley Airport,Surallah,PH,6.367903,124.752431,659,Asia/Manila,medium_airport
AAX,SBAX,Romeu Zema Airport,Araxá,BR,-19.5632,-46.9604,3276,America/Sao_Paulo,medium_airport
AAY,OYGD,Al Ghaydah International Airport,Al Ghaydah,YE,16.193341,52.174186,134,Asia/Aden,medium_airport
ABA,UNAA,Abakan International Airport,Abakan,RU,53.740002,91.385002,831,Asia/Krasnoyarsk,medium_airport
ABB,DNAS,Asaba International Airport,Asaba,NG,6.204167,6.665278,305,Africa/Lagos,medium_airport
ABC,LEAB,Albacete Airport / Los Llanos Air Base,Albacete,ES,38.948502,-1.86352,2302,Europe/Madrid,medium_airport
ABD,OIAA,Abadan Airport,Abadan,IR,30.367887,48.230075,10,Asia/Tehran,medium_airport
ABE,KABE,Lehigh Valley International Airport,Allentown,US,40.651773,-75.442797,393,America/New_York,medium_airport
ABI,KABI,Abilene Regional Airport,Abilene,US,32.4113006592,-99.68190002440001,1791,America/Chicago,medium_airport
ABJ,DIAP,Félix-Houphouët-Boigny International Airport,Abidjan,CI,5.26139,-3.92629,21,Africa/Abidjan,medium_airport
ABK,HAKD,Kebri Dahar Airport,Kebri Dahar,ET,6.732577,44.241339,1800,Africa/Addis_Ababa,medium_airport
ABL,PAFM,Ambler Airport,Ambler,US,67.105529,-157.855339,334,America/Anchorage,medium_airport
ABQ,KABQ,Albuquerque International Sunport,Albuquerque,US,35.039976,-106.608925,5355,America/Denver,large_airport
ABR,KABR,Aberdeen Regional Airport,Aberdeen,US,45.449100494384766,-98.42179870605469,1302,America/Chicago,medium_airport
ABS,HEBL,Abu Simbel Airport,Abu Simbel,EG,22.367657,31.609962,614,Africa/Cairo,medium_airport
ABT,OEBA,King Saud Bin Abdulaziz (Al Baha) Airport,Al-Baha,SA,20.298506,41.636153,5486,Asia/Riyadh,medium_airport
ABV,DNAA,Nnamdi Azikiwe International Airport,Abuja,NG,9.00679,7.26317,1123,Africa/Lagos,large_airport
ABX,YMAY,Albury Airport,East Albury,AU,-36.066758,146.959148,539,Australia/Sydney,medium_airport
ABY,KABY,Southwest Georgia Regional Airport,Albany,US,31.532946,-84.196215,197,America/New_York,medium_airport
ABZ,EGPD,Aberdeen International Airport,Aberdeen,GB,57.2019,-2.19778,215,Europe/London,medium_airport
ACA,MMAA,General Juan N. Álvarez International Airport,Acapulco,MX,16.757126,-99.753113,16,America/Mexico_City,medium_airport
ACC,DGAA,Kotoka International Airport,Accra,GH,5.605189800262451,-0.16678600013256073,205,Africa/Accra,large_airport
ACE,GCRR,César Manrique-Lanzarote Airport,San Bartolomé,ES,28.945499,-13.6052,46,Atlantic/Canary,large_airport
ACH,LSZR,Sankt Gallen Altenrhein Airport,St. Gallen,CH,47.485001,9.56077,1306,Europe/Zurich,medium_airport
ACI,EGJA,Alderney Airport,Saint Anne,GG,49.706104,-2.21472,290,Europe/Guernsey,medium_airport
ACJ,VCCA,Anuradhapura Airport,Anuradhapura,LK,8.301542,80.42848,324,Asia/Colombo,medium_airport
ACK,KACK,Nantucket Memorial Airport,Nantucket,US,41.25310135,-70.06020355,47,America/New_York,medium_airport
ACS,UNKS,Achinsk Airport,Achinsk,RU,56.269185,90.57511,1033,Asia/Krasnoyarsk,medium_airport
ACT,KACT,Waco Regional Airport,Waco,US,31.611299514770508,-97.23049926757812,516,America/Chicago,medium_airport
ACV,KACV,California Redwood Coast-Humboldt County Airport,Arcata/Eureka,US,40.978101,-124.109,221,America/Los_Angeles,medium_airport
ACX,ZUYI,Xingyi Wanfenglin Airport,Xingyi,CN,25.083423,104.960804,4150,Asia/Shanghai,medium_airport
ACY,KACY,Atlantic City International Airport,Atlantic City,US,39.45759963989258,-74.57720184326172,75,America/New_York,medium_airport
ACZ,OIZB,Zabol Airport,Zabol,IR,31.098301,61.5439,1628,Asia/Tehran,medium_airport
ADA,LTAF,Adana Şakirpaşa Airport,Seyhan,TR,36.982201,35.280399,65,Europe/Istanbul,medium_airport
ADB,LTBJ,Adnan Menderes International Airport,Gaziemir,TR,38.2924,27.157,412,Europe/Istanbul,large_airport
ADD,HAAB,Addis Ababa Bole International Airport,Addis Ababa,ET,8.97789,38.799301,7630,Africa/Addis_Ababa,large_airport
ADE,OYAA,Aden International Airport,Aden,YE,12.8295,45.028801,7,Asia/Aden,medium_airport
ADF,LTCP,Adıyaman Airport,Adıyaman,TR,37.7314,38.468899,2216,Europe/Istanbul,medium_airport
ADI,FYAR,Arandis Airport,Arandis,NA,-22.461875,14.979322,1905,Africa/Windhoek,medium_airport
ADJ,OJAM,Amman Civil (Marka International) Airport,Amman,JO,31.9727,35.9916,2555,Asia/Amman,medium_airport
ADK,PADK,Adak Airport,Adak,US,51.883564,-176.642783,18,America/Adak,medium_airport
ADL,YPAD,Adelaide International Airport,Adelaide,AU,-34.947512,138.533393,20,Australia/Adelaide,large_airport
ADP,VCCG,Ampara Airport,Ampara,LK,7.336745,81.623869,150,N/A,medium_airport
ADQ,PADQ,Kodiak Airport,Kodiak,US,57.75,-152.4940033,78,America/Anchorage,medium_airport
ADT,KADH,Ada Regional Airport,Ada,US,34.805214,-96.671988,1016,America/Chicago,medium_airport
ADU,OITL,Ardabil Airport,Ardabil,IR,38.3256988525,48.4244003296,4315,Asia/Tehran,medium_airport
ADW,KADW,Joint Base Andrews,Camp Springs,US,38.810799,-76.866997,280,America/New_York,large_airport
ADX,EGQL,Leuchars Station Airfield,"Leuchars, Fife",GB,56.37398,-2.868862,38,Europe/London,medium_airport
ADZ,SKSP,Gustavo Rojas Pinilla International Airport,San Andrés,CO,12.5836,-81.7112,19,America/Bogota,medium_airport
AEB,ZGBS,Baise (Bose) Bama Airport,Baise (Tianyang),CN,23.7206,106.959999,490,Asia/Shanghai,medium_airport
AEG,WIME,Aek Godang Airport,Padang Sidempuan,ID,1.4001,99.430496,922,Asia/Jakarta,medium_airport
AEH,FTTC,Abeche Airport,Abeche,TD,13.847,20.844299,1788,Africa/Ndjamena,medium_airport
AEP,SABE,Jorge Newbery Airpark,Buenos Aires,AR,-34.5592,-58.4156,18,America/Argentina/Buenos_Aires,large_airport
AER,URSS,Sochi International Airport,Sochi,RU,43.449902,39.9566,89,Europe/Moscow,large_airport
AES,ENAL,"Ålesund Airport, Vigra",Ålesund,NO,62.5625,6.1197,69,Europe/Oslo,medium_airport
AEU,OIBA,Abu Musa Island Airport,Abu Musa,IR,25.8757,55.033001,23,Asia/Tehran,medium_airport
AEX,KAEX,Alexandria International Airport,Alexandria,US,31.3274,-92.549797,89,America/Chicago,medium_airport
AEY,BIAR,Akureyri Airport,Akureyri,IS,65.656573,-18.072018,6,Atlantic/Reykjavik,medium_airport
AFA,SAMR,Suboficial Ay Santiago Germano Airport,San Rafael,AR,-34.588299,-68.4039,2470,America/Argentina/Mendoza,medium_airport
AFL,SBAT,Piloto Osvaldo Marques Dias Airport,Alta Floresta,BR,-9.866389,-56.106298,948,America/Cuiaba,medium_airport
AFW,KAFW,Perot Field/Fort Worth Alliance Airport,Fort Worth,US,32.99044,-97.31947,722,America/Chicago,medium_airport
AFY,LTAH,Afyon Air Base,Afyonkarahisar,TR,38.726398,30.601101,3310,Europe/Istanbul,medium_airport
AFZ,OIMS,Sabzevar National Airport,Sabzevar,IR,36.16809844970703,57.59519958496094,3010,Asia/Tehran,medium_airport
AGA,GMAD,Al Massira Airport,Agadir (Temsia),MA,30.322478,-9.412003,250,Africa/Casablanca,large_airport
AGB,EDMA,Augsburg Airport,Augsburg,DE,48.425278,10.931667,1516,Europe/Berlin,medium_airport
AGC,KAGC,Allegheny County Airport,Pittsburgh,US,40.354401,-79.930199,1252,America/New_York,medium_airport
AGF,LFBA,Agen La Garenne airport,Agen,FR,44.174171,0.59309,204,Europe/Paris,medium_airport
AGH,ESTA,Ängelholm-Helsingborg Airport,Ängelholm,SE,56.29610061645508,12.847100257873535,68,Europe/Stockholm,medium_airport
AGP,LEMG,Málaga-Costa del Sol Airport,Málaga,ES,36.6749,-4.49911,53,Europe/Madrid,large_airport
AGR,VIAG,Agra Airport / Agra Air Force Station,Agra,IN,27.157683,77.960942,551,Asia/Kolkata,medium_airport
AGS,KAGS,Augusta Regional At Bush Field,Augusta,US,33.3699,-81.9645,144,America/New_York,medium_airport
AGT,SGES,Aeropuerto Internacional Guaraní,Ciudad del Este,PY,-25.457186,-54.839544,846,America/Asuncion,large_airport
AGU,MMAS,Jesús Terán Peredo International Airport,Aguascalientes,MX,21.699589,-102.318372,6112,America/Mexico_City,medium_airport
AGV,SVAC,Oswaldo Guevara Mujica Airport,Acarigua,VE,9.553375,-69.237869,640,America/Caracas,medium_airport
AGX,VOAT,Agatti Airport,Agatti,IN,10.8237,72.176003,14,Asia/Kolkata,medium_airport
AGZ,FAAG,Aggeneys Airport,Aggeneys,ZA,-29.281799,18.8139,2648,Africa/Johannesburg,medium_airport
AHA,VEAP,Maa Mahamaya Airport,Ambikapur,IN,22.98753,83.19612,1930,Asia/Kolkata,medium_airport
AHB,OEAB,Abha International Airport,Abha,SA,18.2404,42.656601,6858,Asia/Riyadh,large_airport
AHE,NTHE,Ahe Airport,Ahe Atoll,PF,-14.428099632263184,-146.2570037841797,11,Pacific/Tahiti,medium_airport
AHJ,ZUHY,Hongyuan Airport,Ngawa (Hongyuan),CN,32.53154,102.35224,11600,Asia/Shanghai,medium_airport
AHN,KAHN,Athens Ben Epps Airport,Athens,US,33.948842,-83.325634,808,America/New_York,medium_airport
AHO,LIEA,Alghero-Fertilia Airport,Alghero,IT,40.632099,8.29077,87,Europe/Rome,medium_airport
AHU,GMTA,Cherif Al Idrissi Airport,Al Hoceima,MA,35.177101,-3.83952,95,Africa/Casablanca,medium_airport
AIA,KAIA,Alliance Municipal Airport,Alliance,US,42.052543,-102.803965,3931,America/Denver,medium_airport
AIN,PAWI,Wainwright Airport,Wainwright,US,70.638,-159.994995,41,America/Anchorage,medium_airport
AJA,LFKJ,Ajaccio Napoléon Bonaparte airport,Ajaccio,FR,41.923599,8.80292,18,Europe/Paris,medium_airport
AJF,OESK,Al-Jawf Domestic Airport,Al-Jawf,SA,29.78510093688965,40.099998474121094,2261,Asia/Riyadh,medium_airport
AJI,LTCO,Ağrı Airport,Ağrı,TR,39.655642,43.025742,5462,Europe/Istanbul,medium_airport
AJL,VELP,Lengpui Airport,Aizawl (Lengpui),IN,23.840599,92.619698,1398,Asia/Kolkata,medium_airport
AJN,FMCV,Ouani Airport,Ouani,KM,-12.131047,44.430044,62,Indian/Comoro,medium_airport
AJR,ESNX,Arvidsjaur Airport,Arvidsjaur,SE,65.59030151367188,19.28190040588379,1245,Europe/Stockholm,medium_airport
AJU,SBAR,Aracaju - Santa Maria International Airport,Aracaju,BR,-10.984,-37.070301,139,America/Fortaleza,medium_airport
AJY,DRZA,Mano Dayak International Airport,Agadez,NE,16.965999603271484,8.000109672546387,1657,Africa/Niamey,medium_airport
AKC,KAKR,Akron Fulton International Airport,Akron,US,41.037355,-81.46784,1067,America/New_York,medium_airport
AKD,VAAK,Akola Airport,Akola,IN,20.698931,77.056883,999,Asia/Kolkata,medium_airport
AKF,HLKF,Kufra Airport,Kufra,LY,24.178699493408203,23.31399917602539,1367,Africa/Tripoli,medium_airport
AKH,OEPS,Prince Sultan Air Base,Al Kharj,SA,24.0627,47.580502,1651,Asia/Riyadh,medium_airport
AKJ,RJEC,Asahikawa Airport,Higashikagura,JP,43.670799,142.447006,721,Asia/Tokyo,medium_airport
AKL,NZAA,Auckland International Airport,Auckland,NZ,-37.01199,174.786331,23,Pacific/Auckland,large_airport
AKN,PAKN,King Salmon Airport,King Salmon,US,58.677845,-156.651965,73,America/Anchorage,medium_airport
AKP,PAKP,Anaktuvuk Pass Airport,Anaktuvuk Pass,US,68.133598,-151.742996,2102,America/Anchorage,medium_airport
AKR,DNAK,Akure Airport,Akure,NG,7.246739864349365,5.3010101318359375,1100,N/A,medium_airport
AKT,LCRA,RAF Akrotiri,Akrotiri,CY,34.590401,32.9879,76,Asia/Nicosia,medium_airport
AKU,ZWAK,Aksu Hongqipo Airport,Aksu (Onsu),CN,41.262501,80.291702,3816,Asia/Shanghai,medium_airport
AKW,OIAG,Aghajari Airport,Aghajari,IR,30.7444,49.6772,88,Asia/Tehran,medium_airport
AKX,UATT,Aktobe Airport,Aktobe,KZ,50.2458,57.206699,738,Asia/Aqtobe,medium_airport
AKY,VYSW,Sittwe Airport,Sittwe,MM,20.133165,92.870693,27,Asia/Yangon,medium_airport
ALA,UAAA,Almaty International Airport,Almaty,KZ,43.354267,77.042828,2234,Asia/Almaty,large_airport
ALB,KALB,Albany International Airport,Albany,US,42.74829864501953,-73.80169677734375,285,America/New_York,medium_airport
ALC,LEAL,Alicante-Elche Miguel Hernández Airport,Alicante,ES,38.2822,-0.558156,142,Europe/Madrid,large_airport
ALF,ENAT,Alta Airport,Alta,NO,69.976097,23.3717,9,Europe/Oslo,medium_airport
ALG,DAAG,Houari Boumediene Airport,Algiers,DZ,36.693886,3.214531,82,Africa/Algiers,large_airport
ALH,YABA,Albany Airport,Albany,AU,-34.943333,117.808889,233,Australia/Perth,medium_airport
ALI,KALI,Alice International Airport,Alice,US,27.7409,-98.026901,178,America/Chicago,medium_airport
ALJ,FAAB,Alexander Bay Airport,Alexander Bay,ZA,-28.575001,16.5333,98,Africa/Johannesburg,medium_airport
ALM,KALM,Alamogordo White Sands Regional Airport,Alamogordo,US,32.837818,-105.993149,4200,America/Denver,medium_airport
ALN,KALN,St Louis Regional Airport,Alton/St Louis,US,38.89030075069999,-90.0459976196,544,America/Chicago,medium_airport
ALO,KALO,Waterloo Regional Airport,Waterloo,US,42.557098388671875,-92.40029907226562,873,America/Chicago,medium_airport
ALP,OSAP,Aleppo International Airport,Aleppo,SY,36.180698,37.2244,1276,Asia/Damascus,medium_airport
ALR,NZLX,Alexandra Aerodrome,Alexandra,NZ,-45.210495,169.371113,752,Pacific/Auckland,medium_airport
ALS,KALS,San Luis Valley Regional Airport/Bergman Field,Alamosa,US,37.434898,-105.866997,7539,America/Denver,medium_airport
ALW,KALW,Walla Walla Regional Airport,Walla Walla,US,46.09489822,-118.288002,1194,America/Los_Angeles,medium_airport
AMA,KAMA,Rick Husband Amarillo International Airport,Amarillo,US,35.219398,-101.706001,3607,America/Chicago,medium_airport
AMD,VAAH,Sardar Vallabh Bhai Patel International Airport,Ahmedabad,IN,23.0772,72.634697,189,Asia/Kolkata,medium_airport
AMH,HAAM,Arba Minch Airport,Arba Minch,ET,6.03939,37.5905,3901,Africa/Addis_Ababa,medium_airport
AMM,OJAI,Queen Alia International Airport,Amman,JO,31.7226009369,35.9931983948,2395,Asia/Amman,large_airport
AMQ,WAPP,Pattimura International Airport,Ambon,ID,-3.71026,128.089005,33,Asia/Jayapura,medium_airport
AMS,EHAM,Amsterdam Airport Schiphol,Amsterdam,NL,52.308601,4.76389,-11,Europe/Amsterdam,large_airport
AMV,ULDD,Amderma Airport,Amderma,RU,69.76329803466797,61.556400299072266,13,Europe/Moscow,medium_airport
AMZ,NZAR,Ardmore Airport,Manurewa,NZ,-37.029701232910156,174.97300720214844,111,Pacific/Auckland,medium_airport
ANB,KANB,Anniston Regional Airport,Anniston,US,33.5882,-85.8581,612,America/Chicago,medium_airport
ANC,PANC,Ted Stevens Anchorage International Airport,Anchorage,US,61.179004,-149.992561,152,America/Anchorage,large_airport
AND,KAND,Anderson Regional Airport,Anderson,US,34.4945983887,-82.70939636230001,782,America/New_York,medium_airport
ANE,LFJR,Angers Marcé airport,Angers,FR,47.560299,-0.312222,194,Europe/Paris,medium_airport
ANF,SCFA,Andrés Sabella Gálvez International Airport,Antofagasta,CL,-23.444501,-70.445099,455,America/Santiago,medium_airport
ANG,LFBU,Angoulême Brie-Champniers airport,Angoulême,FR,45.729198,0.221456,436,Europe/Paris,medium_airport
ANI,PANI,Aniak Airport,Aniak,US,61.581600189208984,-159.54299926757812,88,America/Anchorage,medium_airport
ANK,LTAD,Etimesgut Air Base,Ankara,TR,39.949798584,32.6885986328,2653,Europe/Istanbul,medium_airport
ANM,FMNH,Antsirabe Airport,Antsirabe,MG,-14.9994,50.320202,20,Indian/Antananarivo,medium_airport
ANN,PANT,Annette Island Airport,Metlakatla,US,55.037663,-131.572609,119,America/Anchorage,medium_airport
ANR,EBAW,Antwerp International Airport (Deurne),Antwerp,BE,51.190667,4.463153,39,Europe/Brussels,medium_airport
ANU,TAPA,V C Bird International Airport,Osbourn,AG,17.1367,-61.792702,62,America/Antigua,medium_airport
ANV,PANV,Anvik Airport,Anvik,US,62.646702,-160.190994,291,America/Anchorage,medium_airport
ANX,ENAN,"Andøya Airport, Andenes",Andenes,NO,69.292503,16.144199,43,Europe/Oslo,medium_airport
AOC,EDAC,Leipzig–Altenburg Airport,Nobitz,DE,50.981945,12.506389,640,Europe/Berlin,medium_airport
AOE,LTBY,Anadolu Airport,Eskişehir,TR,39.809898,30.5194,2588,Europe/Istanbul,medium_airport
AOG,ZYAS,Anshan Teng'ao Airport / Anshan Air Base,Anshan,CN,41.105301,122.853996,,Asia/Shanghai,medium_airport
AOI,LIPY,Marche Airport,Falconara Marittima (AN),IT,43.616299,13.3623,49,Europe/Rome,medium_airport
AOJ,RJSA,Aomori Airport,Aomori,JP,40.73469924926758,140.6909942626953,664,Asia/Tokyo,medium_airport
AOK,LGKP,Karpathos Airport,Karpathos Island,GR,35.421398,27.146,66,Europe/Athens,medium_airport
AOL,SARL,Paso De Los Libres Airport,Paso de los Libres,AR,-29.6894,-57.1521,230,America/Argentina/Cordoba,medium_airport
AOO,KAOO,Altoona Blair County Airport,Altoona,US,40.296398,-78.32,1503,America/New_York,medium_airport
AOR,WMKA,Sultan Abdul Halim Airport,Alor Satar,MY,6.189670085906982,100.39800262451172,15,Asia/Kuala_Lumpur,medium_airport
AOT,LIMW,Aosta Corrado Gex Airport,Saint-Christophe (AO),IT,45.738552,7.3683,1791,Europe/Rome,medium_airport
APA,KAPA,Centennial Airport,Denver,US,39.57009888,-104.848999,5885,America/Denver,medium_airport
APF,KAPF,Naples Municipal Airport,Naples,US,26.1525993347,-81.7752990723,8,America/New_York,medium_airport
APG,KAPG,Phillips Army Air Field,Aberdeen,US,39.466202,-76.1688,57,America/New_York,medium_airport
API,SKAP,Gomez Nino Apiay Air Base,Apiay,CO,4.07607,-73.5627,1207,America/Bogota,medium_airport
APJ,ZUPL,Ali Pulan Airport,Burang Town,CN,30.397898,81.13317,13943,Asia/Shanghai,medium_airport
APL,FQNP,Nampula Airport,Nampula,MZ,-15.105600357055664,39.28179931640625,1444,Africa/Maputo,medium_airport
APN,KAPN,Alpena County Regional Airport,Alpena,US,45.0780983,-83.56030273,690,America/New_York,medium_airport
APO,SKLC,Antonio Roldán Betancur Airport,Carepa,CO,7.81196,-76.7164,46,America/Bogota,medium_airport
APW,NSFA,Faleolo International Airport,Apia,WS,-13.829999923706055,-172.00799560546875,58,Pacific/Apia,medium_airport
APZ,SAHZ,Zapala Airport,Zapala,AR,-38.975498,-70.113602,3330,America/Argentina/Salta,medium_airport
AQA,SBAQ,Araraquara Airport,Araraquara,BR,-21.812,-48.132999,2334,America/Sao_Paulo,medium_airport
AQG,ZSAQ,Anqing Tianzhushan Airport / Anqing North Air Base,Anqing,CN,30.582199,117.050003,,Asia/Shanghai,medium_airport
AQI,OEPA,Al Qaisumah/Hafr Al Batin Airport,Qaisumah,SA,28.335199,46.125099,1174,Asia/Riyadh,medium_airport
AQJ,OJAQ,Aqaba King Hussein International Airport,Aqaba,JO,29.611600875854492,35.01810073852539,175,Asia/Amman,medium_airport
AQP,SPQU,Rodríguez Ballón International Airport,Arequipa,PE,-16.3411006927,-71.5830993652,8405,America/Lima,medium_airport
ARA,KARA,Acadiana Regional Airport,New Iberia,US,30.0378,-91.883904,24,America/Chicago,medium_airport
ARC,PARC,Arctic Village Airport,Arctic Village,US,68.1147,-145.578995,2092,America/Anchorage,medium_airport
ARE,TJAB,Antonio Nery Juarbe Pol Airport,Arecibo,PR,18.45085,-66.675768,23,America/Puerto_Rico,medium_airport
ARH,ULAA,Talagi Airport,Archangelsk,RU,64.60030364990234,40.71670150756836,62,Europe/Moscow,medium_airport
ARI,SCAR,Chacalluta Airport,Arica,CL,-18.348499,-70.338699,167,America/Santiago,medium_airport
ARK,HTAR,Arusha Airport,Arusha,TZ,-3.3677899837493896,36.63330078125,4550,Africa/Dar_es_Salaam,medium_airport
ARM,YARM,Armidale Airport,Armidale,AU,-30.528099060099997,151.617004395,3556,Australia/Sydney,medium_airport
ARN,ESSA,Stockholm-Arlanda Airport,Stockholm,SE,59.64849,17.928829,137,Europe/Stockholm,large_airport
ART,KART,Watertown International Airport,Watertown,US,43.991901,-76.021698,325,America/New_York,medium_airport
ARU,SBAU,Araçatuba Airport,Araçatuba,BR,-21.141479,-50.424575,1361,America/Sao_Paulo,medium_airport
ARW,LRAR,Arad International Airport,Arad,RO,46.176601,21.261999,352,Europe/Bucharest,medium_airport
ARX,SBAC,Aracati Dragão do Mar Regional Airport,Aracati,BR,-4.568896,-37.805135,128,N/A,medium_airport
ARY,YARA,Ararat Airport,Ararat,AU,-37.309978,142.988688,1008,Australia/Melbourne,medium_airport
ASA,HHSB,Assab International Airport,Assab,ER,13.0718,42.645,46,Africa/Asmara,medium_airport
ASB,UTAA,Ashgabat International Airport,Ashgabat,TM,37.986801,58.361,692,Asia/Ashgabat,large_airport
ASD,MYAF,Andros Town Airport,Andros Town,BS,24.697901,-77.795601,5,America/Nassau,medium_airport
ASE,KASE,Aspen-Pitkin County Airport (Sardy Field),Aspen,US,39.223202,-106.869003,7820,America/Denver,medium_airport
ASF,URWA,Astrakhan Narimanovo Boris M. Kustodiev International Airport,Astrakhan,RU,46.282843,48.010511,-65,Europe/Astrakhan,medium_airport
ASI,FHAW,RAF Ascension Island,Cat Hill,SH,-7.9696,-14.3937,278,Atlantic/St_Helena,medium_airport
ASJ,RJKA,Amami Airport,Amami,JP,28.430599212646484,129.71299743652344,27,Asia/Tokyo,medium_airport
ASK,DIYO,Yamoussoukro Airport,Yamoussoukro,CI,6.9031701088,-5.36558008194,699,Africa/Abidjan,medium_airport
ASM,HHAS,Asmara International Airport,Asmara,ER,15.291899681091309,38.910701751708984,7661,Africa/Asmara,medium_airport
ASO,HASO,Asosa Airport,Asosa,ET,10.018500328063965,34.586299896240234,5100,Africa/Addis_Ababa,medium_airport
ASP,YBAS,Alice Springs Airport,Alice Springs,AU,-23.806588,133.903427,1789,Australia/Darwin,medium_airport
ASR,LTAU,Kayseri Erkilet Airport,Kayseri,TR,38.770401001,35.4953994751,3463,Europe/Istanbul,medium_airport
AST,KAST,Astoria Regional Airport,Astoria,US,46.158000946,-123.878997803,15,America/Los_Angeles,medium_airport
ASU,SGAS,Aeropuerto Internacional Silvio Pettirossi,Asunción,PY,-25.240156,-57.519227,292,America/Asuncion,large_airport
ASV,HKAM,Amboseli Airport,Amboseli National Park,KE,-2.645050048828125,37.25310134887695,3755,Africa/Nairobi,medium_airport
ASW,HESN,Aswan International Airport,Aswan,EG,23.968137,32.824445,650,Africa/Cairo,medium_airport
ATA,SPHZ,Comandante FAP German Arias Graziani Airport,Anta,PE,-9.347439765930176,-77.59839630126953,9097,America/Lima,medium_airport
ATC,MYCA,Arthur's Town Airport,Arthur's Town,BS,24.6294,-75.673797,18,America/Nassau,medium_airport
ATF,SEAM,Chachoán Regional Airport,Ambato,EC,-1.21207,-78.5746,8502,America/Guayaquil,medium_airport
ATG,,Minhas Air Base,Kamra,PK,33.8690986633,72.4009017944,1023,N/A,medium_airport
ATH,LGAV,Athens Eleftherios Venizelos International Airport,Spata-Artemida,GR,37.936401,23.9445,308,Europe/Athens,large_airport
ATK,PATQ,Atqasuk Edward Burnell Sr Memorial Airport,Atqasuk,US,70.46704,-157.436013,96,America/Anchorage,medium_airport
ATL,KATL,Hartsfield Jackson Atlanta International Airport,Atlanta,US,33.6367,-84.428101,1026,America/New_York,large_airport
ATM,SBHT,Altamira Interstate Airport,Altamira,BR,-3.253144,-52.253938,368,America/Santarem,medium_airport
ATQ,VIAR,Sri Guru Ram Dass Jee International Airport,Amritsar,IN,31.7096,74.797302,756,Asia/Kolkata,medium_airport
ATR,GQPA,Atar International Airport,Atar,MR,20.506799697875977,-13.04319953918457,734,Africa/Nouakchott,medium_airport
ATW,KATW,Appleton International Airport,Appleton,US,44.258099,-88.519096,918,America/Chicago,medium_airport
ATY,KATY,Watertown Regional Airport,Watertown,US,44.91400146,-97.15470123,1749,America/Chicago,medium_airport
ATZ,HEAT,Asyut International Airport,Asyut,EG,27.050818,31.016309,748,Africa/Cairo,medium_airport
AUA,TNCA,Queen Beatrix International Airport,Oranjestad,AW,12.5014,-70.015198,60,America/Aruba,large_airport
AUC,SKUC,Santiago Perez Airport,Arauca,CO,7.06888,-70.7369,420,America/Bogota,medium_airport
AUF,LFLA,Auxerre Branches airport,Auxerre,FR,47.850201,3.49711,523,Europe/Paris,medium_airport
AUG,KAUG,Augusta State Airport,Augusta,US,44.320598602299995,-69.7973022461,352,America/New_York,medium_airport
AUH,OMAA,Zayed International Airport,Abu Dhabi,AE,24.443764,54.651718,88,Asia/Dubai,large_airport
AUQ,NTMN,Hiva Oa-Atuona Airport,Hiva Oa Island,PF,-9.76879024506,-139.011001587,1481,Pacific/Marquesas,medium_airport
AUR,LFLW,Aurillac airport,Aurillac,FR,44.891399,2.42194,2096,Europe/Paris,medium_airport
AUS,KAUS,Austin Bergstrom International Airport,Austin,US,30.197535,-97.662015,542,America/Chicago,large_airport
AUW,KAUW,Wausau Downtown Airport,Wausau,US,44.9262008667,-89.6266021729,1201,America/Chicago,medium_airport
AUX,SWGN,Araguaína Airport,Araguaína,BR,-7.22787,-48.240501,771,America/Fortaleza,medium_airport
AVA,ZUAS,Anshun Huangguoshu Airport,Anshun (Xixiu),CN,26.260556,105.873333,4812,Asia/Shanghai,medium_airport
AVB,LIPA,Aviano Air Base,Aviano (PN),IT,46.031898,12.596503,410,Europe/Rome,medium_airport
AVI,MUCA,Máximo Gómez Airport,Ciro Redondo,CU,22.0271,-78.789597,335,America/Havana,medium_airport
AVK,ZMAH,Arvaikheer Airport,Arvaikheer,MN,46.250301361083984,102.802001953125,5932,Asia/Ulaanbaatar,medium_airport
AVL,KAVL,Asheville Regional Airport,Asheville,US,35.436199,-82.541801,2165,America/New_York,medium_airport
AVN,LFMV,Avignon Caumont airport,Avignon,FR,43.907299,4.90183,124,Europe/Paris,medium_airport
AVP,KAVP,Wilkes Barre Scranton International Airport,Wilkes-Barre/Scranton,US,41.338500976599995,-75.72339630130001,962,America/New_York,medium_airport
AVV,YMAV,Melbourne Avalon International Airport,Lara,AU,-38.040269,144.467196,35,Australia/Melbourne,medium_airport
AWA,HALA,Hawassa International Airport,Hawassa,ET,7.099869,38.396187,5450,Africa/Addis_Ababa,medium_airport
AWK,PWAK,Wake Island Airfield,Wake Island,UM,19.282437,166.636637,14,Pacific/Wake,medium_airport
AWZ,OIAW,Lieutenant General Qasem Soleimani International Airport,Ahvaz,IR,31.3374,48.762001,66,Asia/Tehran,medium_airport
AXA,TQPF,Clayton J Lloyd International Airport,The Valley,AI,18.204773,-63.05383,127,America/Anguilla,medium_airport
AXD,LGAL,Alexandroupoli Democritus Airport,Alexandroupolis,GR,40.8559,25.956301,24,Europe/Athens,medium_airport
AXF,ZBAL,Alxa Left Banner Bayanhot Airport,Bayanhot,CN,38.748317,105.58416,4560,Asia/Shanghai,medium_airport
AXK,OYAT,Ataq Airport,Ataq,YE,14.5513,46.826199,3735,Asia/Aden,medium_airport
AXM,SKAR,El Eden Airport,Armenia,CO,4.45278,-75.7664,3990,America/Bogota,medium_airport
AXN,KAXN,Chandler Field,Alexandria,US,45.866299,-95.394699,1425,America/Chicago,medium_airport
AXP,MYAP,Spring Point Airport,Spring Point,BS,22.441799,-73.970901,11,America/Nassau,medium_airport
AXR,NTGU,Arutua Airport,,PF,-15.248299598693848,-146.61700439453125,9,Pacific/Tahiti,medium_airport
AXT,RJSK,Akita Airport,Akita,JP,39.615601,140.218994,313,Asia/Tokyo,medium_airport
AXU,HAAX,Axum Airport,Axum,ET,14.1468,38.7728,6959,Africa/Addis_Ababa,medium_airport
AYJ,VEAY,Ayodhya Airport,Faizabad,IN,26.751283,82.155295,335,Asia/Kolkata,medium_airport
AYO,SGAY,Aeropuerto Nacional Juan de Ayolas,Ayolas,PY,-27.378379,-56.856791,223,America/Asuncion,medium_airport
AYP,SPHO,Air Force Colonel Alfredo Mendivil Duarte Airport,Ayacucho,PE,-13.1548,-74.204399,8917,America/Lima,medium_airport
AYQ,YAYE,Ayers Rock Connellan Airport,Yulara,AU,-25.185913,130.97703,1626,Australia/Darwin,medium_airport
AYT,LTAI,Antalya International Airport,Antalya,TR,36.898701,30.800501,177,Europe/Istanbul,large_airport
AYX,SPAY,Teniente General Gerardo Pérez Pinedo Airport,Atalaya,PE,-10.7291,-73.766502,751,America/Lima,medium_airport
AZA,KIWA,Mesa Gateway Airport,Mesa,US,33.3078,-111.654999,1382,America/Phoenix,medium_airport
AZD,OIYY,Shahid Sadooghi Airport,Yazd,IR,31.9048995972,54.2765007019,4054,Asia/Tehran,medium_airport
AZI,OMAD,Al Bateen Executive Airport,Abu Dhabi,AE,24.428301,54.458099,16,Asia/Dubai,medium_airport
AZN,UZFA,Andizhan Airport,Andizhan,UZ,40.727699,72.293999,1515,Asia/Tashkent,medium_airport
AZO,KAZO,Kalamazoo Battle Creek International Airport,Kalamazoo,US,42.234901428222656,-85.5521011352539,874,America/Detroit,medium_airport
AZR,DAUA,Touat Cheikh Sidi Mohamed Belkebir Airport,Adrar,DZ,27.837601,-0.186414,919,Africa/Algiers,medium_airport
AZS,MDCY,Samaná El Catey International Airport,Samana,DO,19.269259,-69.737405,30,America/Santo_Domingo,medium_airport
BAB,KBAB,Beale Air Force Base,Beale Air Force Base,US,39.136101,-121.436996,113,America/Los_Angeles,medium_airport
BAD,KBAD,Barksdale Air Force Base,Bossier City,US,32.501801,-93.662697,166,America/Chicago,medium_airport
BAF,KBAF,Westfield-Barnes Regional Airport,Westfield,US,42.157799,-72.715599,271,America/New_York,medium_airport
BAG,RPUB,Loakan Airport,Baguio,PH,16.375034,120.619949,4251,Asia/Manila,medium_airport
BAH,OBBI,Bahrain International Airport,Manama,BH,26.267295,50.63764,6,Asia/Bahrain,large_airport
BAI,MRBA,Buenos Aires Airport,Punta Arenas,CR,9.163949,-83.330171,1214,America/Costa_Rica,medium_airport
BAL,LTCJ,Batman Airport,Batman,TR,37.929000854499996,41.1166000366,1822,Europe/Istanbul,medium_airport
BAQ,SKBQ,Ernesto Cortissoz International Airport,Barranquilla,CO,10.8896,-74.7808,98,America/Bogota,medium_airport
BAR,ZJQH,Qionghai Bo'ao Airport,Qionghai (Basuo),CN,19.140951,110.452766,30,Asia/Shanghai,medium_airport
BAT,,Chafei Amsei Airport,Barretos,BR,-20.584631,-48.594125,1903,America/Sao_Paulo,medium_airport
BAV,ZBOW,Baotou Donghe Airport,Baotou,CN,40.560001,109.997002,3321,Asia/Shanghai,medium_airport
BAX,UNBB,Barnaul Airport,Barnaul,RU,53.363800048828125,83.53849792480469,837,Asia/Barnaul,medium_airport
BAY,LRBM,Maramureș International Airport,Tăuții-Măgherăuș,RO,47.658444,23.464445,605,Europe/Bucharest,medium_airport
BBA,SCBA,Balmaceda Airport,Balmaceda,CL,-45.915968,-71.689499,1722,America/Santiago,medium_airport
BBD,KBBD,Curtis Field,Brady,US,31.178931,-99.324732,1827,America/Chicago,medium_airport
BBI,VEBS,Biju Patnaik International Airport,Bhubaneswar,IN,20.2444,85.817802,138,Asia/Kolkata,medium_airport
BBK,FBKE,Kasane Airport,Kasane,BW,-17.832899,25.162399,3289,Africa/Gaborone,medium_airport
BBM,VDBG,Battambang Airport,Battambang,KH,13.0956,103.223999,59,Asia/Phnom_Penh,medium_airport
BBN,WBGZ,Bario Airport,Bario,MY,3.734648,115.478548,3350,Asia/Kuala_Lumpur,medium_airport
BBO,HCMI,Berbera Airport,Berbera,SO,10.385035,44.936723,30,Africa/Mogadishu,medium_airport
BBQ,TAPH,Codrington Airport,Codrington,AG,17.635799,-61.828602,15,N/A,medium_airport
BBS,EGLK,Blackbushe Airport,"Camberley, Surrey",GB,51.323898,-0.8475,325,Europe/London,medium_airport
BBT,FEFT,Berbérati Airport,Berbérati,CF,4.2215800285339355,15.786399841308594,1929,Africa/Bangui,medium_airport
BBU,LRBS,Bucharest Băneasa Aurel Vlaicu International Airport,Bucharest,RO,44.503201,26.1021,297,Europe/Bucharest,medium_airport
BCA,MUBA,Gustavo Rizo Airport,Baracoa,CU,20.365299224853516,-74.5062026977539,26,America/Havana,medium_airport
BCD,RPVB,Bacolod-Silay Airport,Bacolod City,PH,10.7764,123.014999,82,Asia/Manila,medium_airport
BCE,KBCE,Bryce Canyon Airport,Bryce Canyon,US,37.706401825,-112.144996643,7590,America/Denver,medium_airport
BCH,WPEC,Cakung Airport,Baucau,TL,-8.486479,126.399981,1771,Asia/Dili,medium_airport
BCI,YBAR,Barcaldine Airport,Barcaldine,AU,-23.566268,145.302086,878,Australia/Brisbane,medium_airport
BCL,MRBC,Barra del Colorado Airport,Pococi,CR,10.7687,-83.585602,3,America/Costa_Rica,medium_airport
BCM,LRBC,Bacău George Enescu International  Airport,Bacău,RO,46.5219,26.910299,607,Europe/Bucharest,medium_airport
BCN,LEBL,Josep Tarradellas Barcelona-El Prat Airport,Barcelona,ES,41.2971,2.07846,12,Europe/Madrid,large_airport
BCQ,,Brak Airport,Brak,LY,27.653,14.272,1056,N/A,medium_airport
BCT,KBCT,Boca Raton Airport,Boca Raton,US,26.3785,-80.107697,13,America/New_York,medium_airport
BCU,DNBC,Sir Abubakar Tafawa Balewa International Airport,Bauchi,NG,10.482833,9.744,1965,N/A,medium_airport
BCW,,Benguera Island Airport,Benguera Island,MZ,-21.8533,35.438301,,N/A,medium_airport
BDA,TXKF,L.F. Wade International Airport,Hamilton,BM,32.363998,-64.678703,12,Atlantic/Bermuda,medium_airport
BDB,YBUD,Bundaberg Airport,Bundaberg,AU,-24.905039,152.322612,107,Australia/Brisbane,medium_airport
BDE,KBDE,Baudette International Airport,Baudette,US,48.7284011841,-94.612197876,1086,America/Chicago,medium_airport
BDH,OIBL,Bandar Lengeh International Airport,Bandar Lengeh,IR,26.532283,54.82484,67,Asia/Tehran,medium_airport
BDJ,WAOO,Syamsudin Noor International Airport,Landasan Ulin,ID,-3.44236,114.763,66,Asia/Makassar,medium_airport
BDL,KBDL,Bradley International Airport,Hartford,US,41.93851,-72.688066,173,America/New_York,large_airport
BDM,LTBG,Bandırma Airport,Bandırma,TR,40.318001,27.977699,170,Europe/Istanbul,medium_airport
BDO,WICC,Husein Sastranegara International Airport,Bandung,ID,-6.90063,107.575996,2436,Asia/Jakarta,medium_airport
BDQ,VABO,Vadodara Airport,Vadodara,IN,22.336201,73.226303,129,Asia/Kolkata,medium_airport
BDR,KBDR,Igor I Sikorsky Memorial Airport,Bridgeport,US,41.163502,-73.126198,9,America/New_York,medium_airport
BDS,LIBR,Brindisi Airport,Brindisi,IT,40.6576,17.947001,47,Europe/Rome,large_airport
BDT,FZFD,Gbadolite Airport,Gbadolite,CD,4.252745,20.975271,1509,Africa/Kinshasa,medium_airport
BDU,ENDU,Bardufoss Airport,Målselv,NO,69.055801,18.5404,252,Europe/Oslo,medium_airport
BEB,EGPL,Benbecula Airport,Balivanich,GB,57.48109817504883,-7.3627800941467285,19,Europe/London,medium_airport
BED,KBED,Laurence G Hanscom Field,Bedford,US,42.470001,-71.289001,133,America/New_York,medium_airport
BEF,MNBL,Bluefields Airport,Bluefields,NI,11.991,-83.774101,20,America/Managua,medium_airport
BEG,LYBE,Belgrade Nikola Tesla Airport,Belgrade,RS,44.818401,20.309099,335,Europe/Belgrade,large_airport
BEJ,WAQT,Kalimarau Airport,Tanjung Redeb - Borneo Island,ID,2.14776,117.430705,59,Asia/Makassar,medium_airport
BEK,VIBY,Bareilly Air Force Station,Bareilly,IN,28.4221,79.450798,580,Asia/Kolkata,medium_airport
BEL,SBBE,Val de Cans/Júlio Cezar Ribeiro International Airport,Belém,BR,-1.379279,-48.476207,54,America/Belem,large_airport
BEN,HLLB,Benina International Airport,Benina,LY,32.096802,20.269501,433,Africa/Tripoli,medium_airport
BEP,VOBI,Bellary Airport,Bellary,IN,15.162799835205078,76.88279724121094,30,Asia/Kolkata,medium_airport
BEQ,EGXH,RAF Honington,"Bury Saint Edmunds, Suffolk",GB,52.342602,0.772939,174,Europe/London,medium_airport
BER,EDDB,Berlin Brandenburg Airport,Berlin,DE,52.362247,13.500672,157,Europe/Berlin,large_airport
BES,LFRB,Brest Bretagne airport,Brest,FR,48.447899,-4.41854,325,Europe/Paris,medium_airport
BET,PABE,Bethel Airport,Bethel,US,60.77980042,-161.8379974,126,America/Anchorage,medium_airport
BEU,YBIE,Bedourie Airport,Bedourie,AU,-24.3461,139.460007,300,Australia/Brisbane,medium_airport
BEW,FQBR,Beira Airport,Beira,MZ,-19.7964,34.9076,33,Africa/Maputo,medium_airport
BEX,EGUB,RAF Benson,"Wallingford, Oxfordshire",GB,51.614366,-1.095991,226,Europe/London,medium_airport
BEY,OLBA,Beirut Rafic Hariri International Airport,Beirut,LB,33.820899963378906,35.488399505615234,87,Asia/Beirut,large_airport
BFD,KBFD,Bradford Regional Airport,Bradford,US,41.8031005859375,-78.64009857177734,2143,America/New_York,medium_airport
BFF,KBFF,Western Neb. Rgnl/William B. Heilig Airport,Scottsbluff,US,41.87400055,-103.5960007,3967,America/Denver,medium_airport
BFH,SBBI,Bacacheri Airport,Curitiba,BR,-25.4051,-49.231998,3057,America/Sao_Paulo,medium_airport
BFI,KBFI,Boeing Field King County International Airport,Seattle,US,47.529999,-122.302002,21,America/Los_Angeles,medium_airport
BFJ,ZUBJ,Bijie Feixiong Airport,Bijie,CN,27.267066,105.472097,4751,Asia/Shanghai,medium_airport
BFK,KBKF,Buckley Space Force Base,Aurora,US,39.701698,-104.751999,5662,America/Denver,medium_airport
BFL,KBFL,Meadows Field,Bakersfield,US,35.433601,-119.056999,510,America/Los_Angeles,medium_airport
BFM,KBFM,Mobile Downtown Airport,Mobile,US,30.626800537100003,-88.06809997559999,26,America/Chicago,medium_airport
BFN,FABL,Bram Fischer International Airport,Bloemfontain,ZA,-29.092699,26.302401,4457,Africa/Johannesburg,medium_airport
BFO,FVCZ,Buffalo Range Airport,Chiredzi,ZW,-21.008101,31.5786,1421,Africa/Harare,medium_airport
BFP,KBVI,Beaver County Airport,Beaver Falls,US,40.772499,-80.391403,1253,America/New_York,medium_airport
BFS,EGAA,Belfast International Airport,Belfast,GB,54.6575012207,-6.2158298492399995,268,Europe/London,large_airport
BFU,ZSBB,Bengbu Tenghu Airport,Bengbu,CN,32.847733,117.320244,100,Asia/Shanghai,medium_airport
BFV,VTUO,Buri Ram Airport,Buriram,TH,15.2295,103.252998,590,Asia/Bangkok,medium_airport
BFX,FKKU,Bafoussam Airport,Bafoussam,CM,5.536920070650001,10.354599952700001,4347,Africa/Douala,medium_airport
BFY,ZSBA,Bengbu Tenghu Airport (U.C.),Bengbu,CN,33.165808,117.057295,72,Asia/Shanghai,medium_airport
BGA,SKBG,Palonegro Airport,Bucaramanga,CO,7.1265,-73.1848,3897,America/Bogota,medium_airport
BGC,LPBG,Bragança Airport,Bragança,PT,41.8578,-6.70713,2241,Europe/Lisbon,medium_airport
BGF,FEFF,Bangui M'Poko International Airport,Bangui,CF,4.39847993850708,18.518800735473633,1208,Africa/Bangui,medium_airport
BGI,TBPB,Grantley Adams International Airport,Bridgetown,BB,13.0746,-59.4925,169,America/Barbados,medium_airport
BGM,KBGM,Greater Binghamton/Edwin A Link field,Binghamton,US,42.20869827,-75.97979736,1636,America/New_York,medium_airport
BGN,UESG,Belaya Gora Airport,Belaya Gora,RU,68.556227,146.22784,118,Asia/Magadan,medium_airport
BGO,ENBR,"Bergen Airport, Flesland",Bergen,NO,60.2934,5.21814,170,Europe/Oslo,large_airport
BGR,KBGR,Bangor International Airport,Bangor,US,44.8074,-68.828102,192,America/New_York,medium_airport
BGW,ORBI,Baghdad International Airport / New Al Muthana Air Base,Baghdad,IQ,33.262501,44.2346,114,Asia/Baghdad,large_airport
BGX,SBBG,Comandante Gustavo Kraemer Airport,Bagé,BR,-31.390499,-54.112202,600,America/Sao_Paulo,medium_airport
BGY,LIME,Milan Bergamo Airport / Antonio Locatelli Air Base,Orio al Serio (BG),IT,45.670725,9.709223,782,Europe/Rome,large_airport
BHB,KBHB,Hancock County-Bar Harbor Airport,Bar Harbor,US,44.45000076,-68.3615036,83,America/New_York,medium_airport
BHD,EGAC,George Best Belfast City Airport,Belfast,GB,54.618099,-5.8725,15,Europe/London,medium_airport
BHE,NZWB,Woodbourne Airport,Blenheim,NZ,-41.5182991027832,173.8699951171875,109,Pacific/Auckland,medium_airport
BHH,OEBH,Bisha Airport,Bisha,SA,19.9844,42.620899,3887,Asia/Riyadh,medium_airport
BHI,SAZB,Comandante Espora Airport,Bahía Blanca,AR,-38.725,-62.1693,246,America/Argentina/Buenos_Aires,medium_airport
BHJ,VABJ,Bhuj Airport,Bhuj,IN,23.2877998352,69.6701965332,268,Asia/Kolkata,medium_airport
BHK,UZSB,Bukhara International Airport,Bukhara,UZ,39.775002,64.483299,751,Asia/Samarkand,medium_airport
BHM,KBHM,Birmingham-Shuttlesworth International Airport,Birmingham,US,33.562901,-86.753502,650,America/Chicago,medium_airport
BHO,VABP,Raja Bhoj International Airport,Bhopal,IN,23.2875003815,77.3374023438,1711,Asia/Kolkata,medium_airport
BHQ,YBHI,Broken Hill Airport,Broken Hill,AU,-32.0013999939,141.472000122,958,Australia/Adelaide,medium_airport
BHS,YBTH,Bathurst Airport,Bathurst,AU,-33.406817,149.651161,2435,Australia/Sydney,medium_airport
BHU,VABV,Bhavnagar Airport,Bhavnagar,IN,21.752199173,72.1852035522,44,Asia/Kolkata,medium_airport
BHV,OPBW,Bahawalpur Airport,Bahawalpur,PK,29.348100662231445,71.71800231933594,392,Asia/Karachi,medium_airport
BHX,EGBB,Birmingham Airport,"Birmingham, West Midlands",GB,52.453899,-1.74803,327,Europe/London,large_airport
BHY,ZGBH,Beihai Fucheng Airport,Beihai (Yinhai),CN,21.5394,109.293999,75,Asia/Shanghai,medium_airport
BIA,LFKB,Bastia Poretta airport,Bastia,FR,42.5527,9.48373,26,Europe/Paris,medium_airport
BIF,KBIF,Biggs Army Air Field (Fort Bliss),Fort Bliss/El Paso,US,31.84950066,-106.3799973,3946,America/Denver,medium_airport
BIG,PABI,Allen Army Airfield,Delta Junction Ft Greely,US,63.9944992065,-145.722000122,1291,America/Anchorage,medium_airport
BIH,KBIH,Eastern Sierra Regional Airport,Bishop,US,37.3731,-118.363998,4124,America/Los_Angeles,medium_airport
BIK,WABB,Frans Kaisiepo Airport,Biak,ID,-1.19002,136.108002,46,Asia/Jayapura,medium_airport
BIL,KBIL,Billings Logan International Airport,Billings,US,45.807701,-108.542999,3652,America/Denver,medium_airport
BIM,MYBS,South Bimini Airport,South Bimini,BS,25.6998996735,-79.2647018433,10,America/Nassau,medium_airport
BIO,LEBB,Bilbao Airport,Bilbao,ES,43.301102,-2.91061,138,Europe/Madrid,medium_airport
BIQ,LFBZ,Biarritz Pays Basque airport,Biarritz,FR,43.468372,-1.523223,245,Europe/Paris,medium_airport
BIR,VNVT,Biratnagar Airport,Biratnagar,NP,26.48150062561035,87.26399993896484,236,Asia/Kathmandu,medium_airport
BIS,KBIS,Bismarck Municipal Airport,Bismarck,US,46.772701263427734,-100.74600219726562,1661,America/Chicago,medium_airport
BIX,KBIX,Keesler Air Force Base,Biloxi,US,30.4104003906,-88.92440032959999,33,America/Chicago,medium_airport
BIY,FABE,Bisho Airport,Bisho,ZA,-32.897099,27.2791,1950,Africa/Johannesburg,medium_airport
BJA,DAAE,Soummam–Abane Ramdane Airport,Béjaïa,DZ,36.711952,5.069804,20,Africa/Algiers,medium_airport
BJB,OIMN,Bojnord Airport,Bojnord,IR,37.49300003051758,57.30820083618164,3499,Asia/Tehran,medium_airport
BJC,KBJC,Rocky Mountain Metropolitan Airport,Denver,US,39.908798,-105.116997,5673,America/Denver,medium_airport
BJF,ENBS,Båtsfjord Airport,Båtsfjord,NO,70.60025,29.692612,490,Europe/Oslo,medium_airport
BJI,KBJI,Bemidji Regional Airport,Bemidji,US,47.50939941,-94.93370056,1391,America/Chicago,medium_airport
BJL,GBYD,Banjul International Airport,Yundum,GM,13.338,-16.652201,95,Africa/Banjul,large_airport
BJM,HBBA,Bujumbura Melchior Ndadaye International Airport,Bujumbura,BI,-3.32402,29.318501,2582,Africa/Bujumbura,medium_airport
BJO,SLBJ,Bermejo Airport,Bermejo,BO,-22.7733001709,-64.31289672850001,1249,America/La_Paz,medium_airport
BJR,HABD,Bahir Dar Airport,Bahir Dar,ET,11.6081,37.321602,5978,Africa/Addis_Ababa,medium_airport
BJV,LTFE,Milas Bodrum International Airport,Bodrum,TR,37.250599,27.664301,21,Europe/Istanbul,large_airport
BJX,MMLO,Del Bajío International Airport,Silao,MX,20.992695,-101.480284,5956,America/Mexico_City,medium_airport
BJY,LYBT,Batajnica Air Base,Zemun,RS,44.935299,20.2575,265,Europe/Belgrade,medium_airport
BJZ,LEBZ,Badajoz Airport,Badajoz,ES,38.8913,-6.82133,609,Europe/Madrid,medium_airport
BKA,,Baykit Airport,Baykit,RU,61.676701,96.355003,853,Europe/Moscow,medium_airport
BKB,VIBK,Nal Airport,Bikaner,IN,28.070601,73.207199,750,Asia/Kolkata,medium_airport
BKE,KBKE,Baker City Municipal Airport,Baker City,US,44.837299346900004,-117.808998108,3373,America/Los_Angeles,medium_airport
BKG,KBBG,Branson Airport,Branson,US,36.532082,-93.200544,1302,America/Chicago,medium_airport
BKH,PHBK,Barking Sands Airport,Kekaha,US,22.0228,-159.785004,23,Pacific/Honolulu,medium_airport
BKI,WBKK,Kota Kinabalu International Airport,Kota Kinabalu,MY,5.932743,116.049324,10,Asia/Kuching,medium_airport
BKK,VTBS,Suvarnabhumi Airport,Bangkok,TH,13.6811,100.747002,5,Asia/Bangkok,large_airport
BKL,KBKL,Burke Lakefront Airport,Cleveland,US,41.51750183105469,-81.68329620361328,583,America/New_York,medium_airport
BKO,GABS,Modibo Keita International Airport,Bamako,ML,12.5335,-7.94994,1247,Africa/Bamako,large_airport
BKQ,YBCK,Blackall Airport,Blackall,AU,-24.431678,145.429716,928,Australia/Brisbane,medium_airport
BKS,WIGG,Fatmawati Soekarno Airport,Bengkulu,ID,-3.8637,102.338997,50,Asia/Jakarta,medium_airport
BKW,KBKW,Raleigh County Memorial Airport,Beaver,US,37.7873,-81.124199,2504,America/New_York,medium_airport
BKY,FZMA,Bukavu Kavumu Airport,Kamakombe,CD,-2.30898,28.8088,5643,Africa/Lubumbashi,medium_airport
BLA,SVBC,General José Antonio Anzoategui International Airport,Barcelona,VE,10.111111,-64.692222,30,America/Caracas,large_airport
BLD,,Boulder City Municipal Airport,Boulder City,US,35.947161,-114.858799,2201,America/Los_Angeles,medium_airport
BLE,ESSD,Dala Airport,Borlange,SE,60.422001,15.5152,503,Europe/Stockholm,medium_airport
BLF,KBLF,Mercer County Airport,Bluefield,US,37.295799,-81.207703,2857,America/New_York,medium_airport
BLH,KBLH,Blythe Airport,Blythe,US,33.6192016602,-114.717002869,399,America/Los_Angeles,medium_airport
BLI,KBLI,Bellingham International Airport,Bellingham,US,48.79280090332031,-122.53800201416016,170,America/Los_Angeles,medium_airport
BLJ,DABT,Batna Mostefa Ben Boulaid Airport,Batna,DZ,35.752102,6.30859,2697,Africa/Algiers,medium_airport
BLK,EGNH,Blackpool Airport,Blackpool,GB,53.771702,-3.02861,34,Europe/London,medium_airport
BLL,EKBI,Billund Airport,Billund,DK,55.740335,9.157019,247,Europe/Copenhagen,large_airport
BLN,YBLA,Benalla Airport,Benalla,AU,-36.551899,146.007004,569,Australia/Melbourne,medium_airport
BLQ,LIPE,Bologna Guglielmo Marconi Airport,Bologna,IT,44.5354,11.2887,123,Europe/Rome,large_airport
BLR,VOBL,Kempegowda International Airport,Bangalore,IN,13.1979,77.706299,3000,Asia/Kolkata,large_airport
BLT,YBTR,Blackwater Airport,,AU,-23.6031,148.807007,657,Australia/Brisbane,medium_airport
BLV,KBLV,Scott AFB/Midamerica Airport,Belleville,US,38.5452,-89.835197,459,America/Chicago,medium_airport
BLZ,FWCL,Chileka International Airport,Blantyre,MW,-15.679100036621094,34.9739990234375,2555,Africa/Blantyre,medium_airport
BMA,ESSB,Stockholm-Bromma Airport,Stockholm,SE,59.354400634765625,17.941699981689453,47,Europe/Stockholm,medium_airport
BME,YBRM,Broome International Airport,Broome,AU,-17.949444,122.227778,56,Australia/Perth,medium_airport
BMG,KBMG,Monroe County Airport,Bloomington,US,39.145999908447266,-86.61669921875,846,America/New_York,medium_airport
BMI,KBMI,Central Illinois Regional Airport at Bloomington-Normal,Bloomington/Normal,US,40.4771,-88.915901,871,America/Chicago,medium_airport
BMM,FOOB,Bitam Airport,Bitam,GA,2.07564,11.4932,1969,Africa/Libreville,medium_airport
BMV,VVBM,Buon Ma Thuot Airport,Buon Ma Thuot,VN,12.668299675,108.120002747,1729,Asia/Ho_Chi_Minh,medium_airport
BNA,KBNA,Nashville International Airport,Nashville,US,36.1245,-86.6782,599,America/Chicago,large_airport
BND,OIKB,Bandar Abbas International Airport,Bandar Abbas,IR,27.218299865722656,56.37779998779297,22,Asia/Tehran,medium_airport
BNE,YBBN,Brisbane International Airport,Brisbane,AU,-27.384199142456055,153.11700439453125,13,Australia/Brisbane,large_airport
BNI,DNBE,Benin Airport,Benin,NG,6.316979885101318,5.5995001792907715,258,Africa/Lagos,medium_airport
BNK,YBNA,Ballina Byron Gateway Airport,Ballina,AU,-28.833236,153.561471,7,Australia/Sydney,medium_airport
BNN,ENBN,"Brønnøysund Airport, Brønnøy",Brønnøy,NO,65.461098,12.2175,25,Europe/Oslo,medium_airport
BNO,KBNO,Burns Municipal Airport,Burns,US,43.590463,-118.955154,4148,America/Los_Angeles,medium_airport
BNS,SVBI,Barinas Airport,Barinas,VE,8.615,-70.214167,615,America/Caracas,medium_airport
BNX,LQBK,Banja Luka International Airport,Mahovljani,BA,44.941399,17.297501,400,Europe/Sarajevo,medium_airport
BOB,NTTB,Bora Bora Airport,Motu Mute,PF,-16.444400787353516,-151.75100708007812,10,Pacific/Tahiti,medium_airport
BOC,MPBO,Bocas del Toro International Airport,Isla Colón,PA,9.34085,-82.250801,10,America/Panama,medium_airport
BOD,LFBD,Bordeaux–Mérignac Airport,Bordeaux,FR,44.82865,-0.715356,162,Europe/Paris,large_airport
BOG,SKBO,El Dorado International Airport,Bogota,CO,4.70159,-74.1469,8361,America/Bogota,large_airport
BOH,EGHH,Bournemouth Airport,Bournemouth,GB,50.780483,-1.839576,38,Europe/London,medium_airport
BOI,KBOI,Boise Air Terminal/Gowen Field,Boise,US,43.5644,-116.223,2871,America/Boise,medium_airport
BOJ,LBBG,Burgas Airport,Burgas,BG,42.569917,27.515173,135,Europe/Sofia,large_airport
BOM,VABB,Chhatrapati Shivaji International Airport,Mumbai,IN,19.0886993408,72.8678970337,39,Asia/Kolkata,large_airport
BON,TNCB,Flamingo International Airport,Kralendijk,BQ,12.131,-68.268501,20,America/Kralendijk,large_airport
BOO,ENBO,Bodø Airport,Bodø,NO,67.269203,14.3653,42,Europe/Oslo,medium_airport
BOR,,Bokeo International Airport,Ton Phueng,LA,20.323986,100.165392,1175,N/A,medium_airport
BOS,KBOS,Logan International Airport,Boston,US,42.36197,-71.0079,20,America/New_York,large_airport
BOU,LFLD,Bourges airport,Bourges,FR,47.060158,2.369633,529,Europe/Paris,medium_airport
BOY,DFOO,Bobo Dioulasso Airport,Bobo Dioulasso,BF,11.160099983215332,-4.33096981048584,1511,Africa/Ouagadougou,medium_airport
BPC,FKKV,Bamenda Airport,Bamenda,CM,6.03924,10.1226,4065,Africa/Douala,medium_airport
BPE,ZBDH,Qinhuangdao Beidaihe Airport,Qinhuangdao (Changli),CN,39.666384,119.061384,46,N/A,medium_airport
BPG,SBBW,Barra do Garças Airport,Barra do Garças,BR,-15.861417,-52.389008,1147,America/Campo_Grande,medium_airport
BPH,RPMF,Bislig Airport,Bislig,PH,8.195052,126.321015,12,Asia/Manila,medium_airport
BPI,KBPI,Miley Memorial Field,Big Piney,US,42.58509827,-110.1110001,6990,America/Denver,medium_airport
BPL,ZWBL,Bole Alashankou Airport,Bole,CN,44.895461,82.30007,1253,Asia/Shanghai,medium_airport
BPM,VOHY,Begumpet Airport,Hyderabad,IN,17.4531,78.467598,1742,Asia/Kolkata,medium_airport
BPN,WALL,Sultan Aji Muhammad Sulaiman Sepinggan International Airport,Balikpapan,ID,-1.268342,116.89452,12,Asia/Makassar,large_airport
BPS,SBPS,Porto Seguro Airport,Porto Seguro,BR,-16.438426,-39.080584,169,America/Bahia,large_airport
BPT,KBPT,Jack Brooks Regional Airport,Beaumont/Port Arthur,US,29.9508,-94.020699,15,America/Chicago,medium_airport
BPX,ZUBD,Qamdo Bangda Airport,Bangda,CN,30.553600311279297,97.1082992553711,14219,Asia/Shanghai,medium_airport
BPY,FMNQ,Besalampy Airport,Besalampy,MG,-16.74453,44.482484,125,Indian/Antananarivo,medium_airport
BQA,RPUR,Dr Juan C Angara Airport,Baler,PH,15.729309,121.500034,108,Asia/Manila,medium_airport
BQH,EGKB,London Biggin Hill Airport,London,GB,51.33079910279999,0.0324999988079,598,Europe/London,medium_airport
BQK,KBQK,Brunswick Golden Isles Airport,Brunswick,US,31.258801,-81.466499,26,America/New_York,medium_airport
BQL,YBOU,Boulia Airport,,AU,-22.913299560546875,139.89999389648438,542,Australia/Brisbane,medium_airport
BQN,TJBQ,Rafael Hernández International Airport,Aguadilla,PR,18.4949,-67.129402,237,America/Puerto_Rico,medium_airport
BQS,UHBB,Ignatyevo Airport,Blagoveschensk,RU,50.42539978027344,127.41200256347656,638,Asia/Yakutsk,medium_airport
BQT,UMBB,Brest Airport,Brest,BY,52.108299,23.8981,468,Europe/Minsk,medium_airport
BQU,TVSB,J F Mitchell Airport,Bequia,VC,12.9884,-61.262001,15,America/St_Vincent,medium_airport
BRC,SAZS,San Carlos de Bariloche Airport,San Carlos de Bariloche,AR,-41.151199,-71.157501,2774,America/Argentina/Salta,medium_airport
BRD,KBRD,Brainerd Lakes Regional Airport,Brainerd,US,46.402861,-94.129727,1232,America/Chicago,medium_airport
BRE,EDDW,Bremen Airport,Bremen,DE,53.046786,8.78932,14,Europe/Berlin,medium_airport
BRI,LIBD,Bari Karol Wojtyła International Airport,Bari,IT,41.138901,16.760599,193,Europe/Rome,large_airport
BRK,YBKE,Bourke Airport,,AU,-30.039199829101562,145.95199584960938,352,Australia/Sydney,medium_airport
BRL,KBRL,Southeast Iowa Regional Airport,Burlington,US,40.783199310302734,-91.12550354003906,698,America/Chicago,medium_airport
BRM,SVBM,Barquisimeto International Airport,Barquisimeto,VE,10.042747,-69.35862,2042,America/Caracas,medium_airport
BRN,LSZB,Bern Airport,Bern,CH,46.912868,7.498512,1671,Europe/Zurich,medium_airport
BRO,KBRO,Brownsville South Padre Island International Airport,Brownsville,US,25.90679931640625,-97.4259033203125,22,America/Chicago,medium_airport
BRQ,LKTB,Brno-Tuřany Airport,Brno,CZ,49.15129852294922,16.694400787353516,778,Europe/Prague,medium_airport
BRR,EGPR,Barra Airport,Eoligarry,GB,57.0228,-7.44306,5,Europe/London,medium_airport
BRS,EGGD,Bristol Airport,Bristol,GB,51.382702,-2.71909,622,Europe/London,medium_airport
BRT,YBTI,Bathurst Island Airport,Wurrumiyanga,AU,-11.764966,130.615774,67,Australia/Darwin,medium_airport
BRU,EBBR,Brussels Airport,Zaventem,BE,50.901402,4.48444,175,Europe/Brussels,large_airport
BRW,PABR,Wiley Post Will Rogers Memorial Airport,Utqiaġvik,US,71.285402,-156.766008,44,America/Anchorage,medium_airport
BRX,MDBH,Maria Montez International Airport,Barahona,DO,18.25149917602539,-71.12039947509766,10,America/Santo_Domingo,medium_airport
BSB,SBBR,Presidente Juscelino Kubitschek International Airport,Brasília,BR,-15.869167,-47.920834,3497,America/Sao_Paulo,large_airport
BSC,SKBS,José Celestino Mutis Airport,Bahía Solano,CO,6.20292,-77.3947,80,America/Bogota,medium_airport
BSD,ZPBS,Baoshan Yunrui Airport,Baoshan (Longyang),CN,25.053301,99.168297,5453,Asia/Shanghai,medium_airport
BSG,FGBT,Bata Airport,Bata,GQ,1.90547,9.80568,13,Africa/Malabo,medium_airport
BSJ,YBNS,Bairnsdale Airport,Bairnsdale,AU,-37.887539,147.569379,165,Australia/Hobart,medium_airport
BSK,DAUB,Biskra - Mohamed Khider Airport,Biskra,DZ,34.793301,5.73823,289,Africa/Algiers,medium_airport
BSL,LFSB,EuroAirport Basel–Mulhouse–Freiburg,Bâle / Mulhouse,FR,47.60068,7.521117,885,Europe/Paris,large_airport
BSO,RPUO,Basco Airport,Basco,PH,20.4513,121.980003,291,Asia/Manila,medium_airport
BSR,ORMM,Basra International Airport,Basra,IQ,30.549101,47.662102,11,Asia/Baghdad,medium_airport
BSZ,UCFM,Manas International Airport,Bishkek,KG,43.061298,74.4776,2058,Asia/Bishkek,large_airport
BTC,VCCB,Batticaloa Airport,Batticaloa,LK,7.70576,81.678802,20,Asia/Colombo,medium_airport
BTH,WIDD,Hang Nadim International Airport,Batam,ID,1.12103,104.119003,126,Asia/Jakarta,medium_airport
BTI,PABA,Barter Island Long Range Radar Station Airport,Barter Island,US,70.134003,-143.582001,2,America/Anchorage,medium_airport
BTJ,WITT,Sultan Iskandar Muda International Airport,Banda Aceh,ID,5.525087,95.41997,65,Asia/Jakarta,medium_airport
BTK,UIBB,Bratsk Airport,Bratsk,RU,56.370601654052734,101.697998046875,1610,Asia/Irkutsk,medium_airport
BTL,KBTL,Battle Creek Executive Airport at Kellogg Field,Battle Creek,US,42.307301,-85.251503,952,America/Detroit,medium_airport
BTM,KBTM,Bert Mooney Airport,Butte,US,45.95479965209961,-112.49700164794922,5550,America/Denver,medium_airport
BTR,KBTR,Baton Rouge Metropolitan Airport,Baton Rouge,US,30.533199,-91.149597,70,America/Chicago,medium_airport
BTS,LZIB,M. R. Štefánik Airport,Bratislava,SK,48.1702,17.2127,436,Europe/Bratislava,large_airport
BTU,WBGB,Bintulu Airport,Bintulu,MY,3.12385010719,113.019996643,74,Asia/Kuching,medium_airport
BTV,KBTV,Burlington International Airport,South Burlington,US,44.471901,-73.153297,335,America/New_York,medium_airport
BTZ,,Betong International Airport,Betong,TH,5.79,101.15,785,Europe/Istanbul,medium_airport
BUA,AYBK,Buka Airport,Buka Island,PG,-5.422299,154.672698,11,Pacific/Port_Moresby,medium_airport
BUD,LHBP,Budapest Liszt Ferenc International Airport,Budapest,HU,47.43018,19.262393,495,Europe/Budapest,large_airport
BUF,KBUF,Buffalo Niagara International Airport,Buffalo,US,42.940498,-78.732201,728,America/New_York,large_airport
BUG,FNBG,Benguela Airport,Benguela,AO,-12.609,13.4037,118,Africa/Luanda,medium_airport
BUJ,DAAD,Bou Saada Airport,Ouled Sidi Brahim,DZ,35.3325,4.20639,1506,Africa/Algiers,medium_airport
BUN,SKBU,Gerardo Tobar López Airport,Buenaventura,CO,3.81963,-76.9898,48,America/Bogota,medium_airport
BUP,VIBT,Bhatinda Air Force Station,,IN,30.2701,74.755798,662,Asia/Kolkata,medium_airport
BUQ,FVJN,Joshua Mqabuko Nkomo International Airport,Bulawayo,ZW,-20.021254,28.626296,4359,Africa/Harare,medium_airport
BUR,KBUR,Hollywood Burbank Airport,Burbank,US,34.197703,-118.356378,778,America/Los_Angeles,medium_airport
BUS,UGSB,Batumi International Airport,Batumi,GE,41.610298,41.599701,105,Asia/Tbilisi,medium_airport
BUX,FZKA,Bunia Airport,Bunia,CD,1.565743,30.220685,4045,Africa/Lubumbashi,medium_airport
BUZ,OIBB,Bushehr Airport,Bushehr,IR,28.9447994232,50.8345985413,68,Asia/Tehran,medium_airport
BVA,LFOB,Beauvais Tillé airport,Beauvais,FR,49.454399,2.11278,359,Europe/Paris,medium_airport
BVB,SBBV,Atlas Brasil Cantanhede Airport,Boa Vista,BR,2.845855,-60.690944,276,America/Boa_Vista,medium_airport
BVC,GVBA,Rabil Airport,Rabil,CV,16.136499404907227,-22.888900756835938,69,Atlantic/Cape_Verde,medium_airport
BVE,LFSL,Brive Souillac airport,Brive,FR,45.039722,1.485556,1016,Europe/Paris,medium_airport
BVG,ENBV,Berlevåg Airport,Berlevåg,NO,70.871517,29.034097,42,Europe/Oslo,medium_airport
BVH,SBVH,Brigadeiro Camarão Airport,Vilhena,BR,-12.6944,-60.098301,2018,America/Boa_Vista,medium_airport
BVI,YBDV,Birdsville Airport,,AU,-25.897499084472656,139.34800720214844,159,Australia/Brisbane,medium_airport
BVJ,USDB,Bovanenkovo Airport,Bovanenkovo,RU,70.315278,68.333611,24,Asia/Yekaterinburg,medium_airport
BVY,KBVY,Beverly Regional Airport,Beverly / Danvers,US,42.584202,-70.916496,107,America/New_York,medium_airport
BWA,VNBW,Gautam Buddha International Airport,Siddharthanagar (Bhairahawa),NP,27.505328,83.412594,358,Asia/Kathmandu,medium_airport
BWE,EDVE,Braunschweig-Wolfsburg Airport,Braunschweig,DE,52.319199,10.5561,295,Europe/Berlin,medium_airport
BWF,EGNL,Barrow Walney Island Airport,Barrow-in-Furness,GB,54.1286111,-3.2675,173,Europe/London,medium_airport
BWG,KBWG,Bowling Green Warren County Regional Airport,Bowling Green,US,36.964500427199994,-86.41970062259999,547,America/Chicago,medium_airport
BWH,WMKB,RMAF Butterworth Air Base,Butterworth,MY,5.46592,100.390999,11,Asia/Kuala_Lumpur,medium_airport
BWI,KBWI,Baltimore/Washington International Thurgood Marshall Airport,Baltimore,US,39.1754,-76.668297,146,America/New_York,large_airport
BWK,LDSB,Brač Airport,Gornji Humac,HR,43.284454,16.678362,1776,Europe/Zagreb,medium_airport
BWN,WBSB,Brunei International Airport,Bandar Seri Begawan,BN,4.9442,114.928001,73,Asia/Brunei,large_airport
BWO,UWSB,Balakovo Airport,Balakovo,RU,51.858299,47.745602,95,Europe/Saratov,medium_airport
BWQ,YBRW,Brewarrina Airport,,AU,-29.975792,146.81438,414,Australia/Sydney,medium_airport
BWT,YWYY,Wynyard Airport,Burnie,AU,-40.997039,145.726,62,Australia/Melbourne,medium_airport
BWU,YSBK,Sydney Bankstown Airport,Sydney,AU,-33.923618,150.990792,29,Australia/Sydney,medium_airport
BXB,WASO,Babo Airport,Babo,ID,-2.53224,133.438995,10,Asia/Jayapura,medium_airport
BXE,GOTB,Bakel Airport,Bakel,SN,14.847299575805664,-12.468299865722656,98,Africa/Dakar,medium_airport
BXH,UAAH,Balkhash Airport,Balkhash,KZ,46.894246,75.004533,1446,Asia/Qyzylorda,medium_airport
BXR,OIKM,Bam Airport,Bam,IR,29.0842,58.450001,3231,Asia/Tehran,medium_airport
BXU,RPME,Bancasi Airport,Butuan,PH,8.9515,125.4788,141,Asia/Manila,medium_airport
BXY,UAOL,Baikonur Krayniy Airport,Baikonur,KZ,45.621994,63.210773,317,Asia/Almaty,medium_airport
BYC,SLYA,Yacuiba Airport,Yacuíba,BO,-21.960899353027344,-63.65169906616211,2112,America/La_Paz,medium_airport
BYH,KBYH,Arkansas International Airport,Blytheville,US,35.9642982483,-89.94400024410001,254,America/Chicago,medium_airport
BYI,KBYI,Burley Municipal Airport,Burley,US,42.542598724399994,-113.772003174,4150,America/Boise,medium_airport
BYJ,LPBJ,Beja Airport / Airbase,Beja,PT,38.078899,-7.9324,636,Europe/Lisbon,medium_airport
BYK,DIBK,Bouaké Airport,Bouaké,CI,7.7388,-5.07367,1230,Africa/Abidjan,medium_airport
BYM,MUBY,Carlos Manuel de Cespedes Airport,Bayamo,CU,20.3964,-76.621399,203,America/Havana,medium_airport
BYN,ZMBH,Bayankhongor Airport,Bayankhongor,MN,46.163299560546875,100.7040023803711,6085,Asia/Ulaanbaatar,medium_airport
BYS,KBYS,Bicycle Lake Army Air Field,Fort Irwin/Barstow,US,35.2804985046,-116.629997253,2350,America/Los_Angeles,medium_airport
BYU,EDQD,Bayreuth Airport,Bindlach,DE,49.985001,11.64,1601,Europe/Berlin,medium_airport
BZB,,Bazaruto Island Airport,Bazaruto Island,MZ,-21.5411,35.4729,,N/A,medium_airport
BZC,,Umberto Modiano Airport,Cabo Frio,BR,-22.770881,-41.96308,10,America/Sao_Paulo,medium_airport
BZD,YBRN,Balranald Airport,,AU,-34.624834,143.577114,210,Australia/Sydney,medium_airport
BZE,MZBZ,Philip S. W. Goldson International Airport,Belize City,BZ,17.539951,-88.303556,15,America/Belize,large_airport
BZG,EPBY,Bydgoszcz Ignacy Jan Paderewski Airport,Bydgoszcz,PL,53.096802,17.977699,235,Europe/Warsaw,medium_airport
BZI,LTBF,Balıkesir Airport,Balıkesir,TR,39.619301,27.926001,340,Europe/Istanbul,medium_airport
BZK,UUBP,Bryansk Airport,Bryansk,RU,53.214199,34.176399,663,Europe/Moscow,medium_airport
BZL,VGBR,Barisal Airport,Barisal,BD,22.801001,90.301201,23,Asia/Dhaka,medium_airport
BZN,KBZN,Bozeman Yellowstone International Airport,Bozeman,US,45.7775,-111.153,4473,America/Denver,medium_airport
BZO,LIPB,Bolzano Airport,Bolzano (BZ),IT,46.460201,11.3264,789,Europe/Rome,medium_airport
BZR,LFMU,Béziers Vias airport,Béziers,FR,43.323502,3.3539,56,Europe/Paris,medium_airport
BZU,FZKJ,Buta Zega Airport,Buta,CD,2.818058,24.793997,1378,Africa/Lubumbashi,medium_airport
BZV,FCBB,Maya-Maya Airport,Brazzaville,CG,-4.251699924468994,15.253000259399414,1048,Africa/Brazzaville,medium_airport
BZY,LUBL,Bălți International Airport,Bălți,MD,47.837666,27.781108,758,Europe/Chisinau,medium_airport
BZZ,EGVN,RAF Brize Norton,"Carterton, Oxfordshire",GB,51.75,-1.58362,288,Europe/London,medium_airport
CAB,FNCA,Cabinda Airport,Cabinda,AO,-5.59699010848999,12.188400268554688,66,Africa/Luanda,medium_airport
CAC,SBCA,Coronel Adalberto Mendes da Silva Airport,Cascavel,BR,-25.000323,-53.501208,2481,America/Sao_Paulo,medium_airport
CAE,KCAE,Columbia Metropolitan Airport,Columbia,US,33.938801,-81.119499,236,America/New_York,medium_airport
CAG,LIEE,Cagliari Elmas Airport,Cagliari,IT,39.251499,9.05428,13,Europe/Rome,large_airport
CAH,VVCM,Cà Mau Airport,Ca Mau City,VN,9.177667,105.177778,6,Asia/Ho_Chi_Minh,medium_airport
CAI,HECA,Cairo International Airport,Cairo,EG,30.111534,31.396694,322,Africa/Cairo,large_airport
CAJ,SVCN,Canaima Airport,Canaima,VE,6.231989,-62.85485,1450,America/Caracas,medium_airport
CAK,KCAK,Akron Canton Regional Airport,Akron,US,40.916099548339844,-81.44219970703125,1228,America/New_York,medium_airport
CAL,EGEC,Campbeltown Airport,Campbeltown,GB,55.437198638916016,-5.686389923095703,42,Europe/London,medium_airport
CAN,ZGGG,Guangzhou Baiyun International Airport,Guangzhou (Huadu),CN,23.392401,113.299004,50,Asia/Shanghai,large_airport
CAP,MTCH,Cap Haitien International Airport,Cap Haitien,HT,19.726734,-72.199576,10,America/Port-au-Prince,medium_airport
CAQ,SKCU,Juan H White Airport,Caucasia,CO,7.96847,-75.1985,174,America/Bogota,medium_airport
CAR,KCAR,Caribou Municipal Airport,Caribou,US,46.871498,-68.017899,626,America/New_York,medium_airport
CAT,LPCS,Cascais Airport,Cascais,PT,38.724998,-9.35523,325,Europe/Lisbon,medium_airport
CAW,SBCP,Bartolomeu Lisandro Airport,Campos dos Goytacazes,BR,-21.698299,-41.301701,59,America/Sao_Paulo,medium_airport
CAX,EGNC,Carlisle Lake District Airport,"Carlisle, Cumbria",GB,54.9375,-2.80917,190,Europe/London,medium_airport
CAY,SOCA,Cayenne – Félix Eboué Airport,Matoury,GF,4.819964,-52.361326,26,America/Cayenne,large_airport
CAZ,YCBA,Cobar Airport,,AU,-31.538299560546875,145.79400634765625,724,Australia/Sydney,medium_airport
CBB,SLCB,Jorge Wilsterman International Airport,Cochabamba,BO,-17.421100616455078,-66.1771011352539,8360,America/La_Paz,medium_airport
CBD,VOCX,Car Nicobar Air Force Base,IAF Camp,IN,9.153056,92.819273,5,Asia/Kolkata,medium_airport
CBG,EGSC,Cambridge City Airport,"Cambridge, Cambridgeshire",GB,52.205002,0.175,47,Europe/London,medium_airport
CBH,DAOR,Béchar Boudghene Ben Ali Lotfi Airport,Béchar,DZ,31.645700454711914,-2.269860029220581,2661,Africa/Algiers,medium_airport
CBJ,MDCR,Cabo Rojo Airport,Cabo Rojo,DO,17.929000854492188,-71.6447982788086,262,America/Santo_Domingo,medium_airport
CBL,SVCB,General Tomas de Heres Airport,Ciudad Bolivar,VE,8.122161,-63.536957,197,America/Caracas,medium_airport
CBM,KCBM,Columbus Air Force Base,Columbus,US,33.643799,-88.443802,219,America/Chicago,medium_airport
CBO,RPMC,Cotabato (Awang) Airport,Datu Odin Sinsuat,PH,7.164753,124.209938,189,Asia/Manila,medium_airport
CBQ,DNCA,Margaret Ekpo International Airport,Calabar,NG,4.976019859313965,8.347200393676758,210,Africa/Lagos,medium_airport
CBR,YSCB,Canberra Airport,Canberra,AU,-35.3069,149.195007,1886,Australia/Sydney,medium_airport
CBT,FNCT,Catumbela Airport,Catumbela,AO,-12.4792,13.4869,23,Africa/Luanda,medium_airport
CBV,MGCB,Coban Airport,Coban,GT,15.469,-90.4067,4339,America/Guatemala,medium_airport
CCC,MUCC,Jardines Del Rey Airport,Cayo Coco,CU,22.461000442499998,-78.32839965820001,13,America/Havana,medium_airport
CCE,,Capital International Airport,New Cairo,EG,30.074293,31.84296,761,Africa/Cairo,medium_airport
CCF,LFMK,Carcassonne Salvaza Airport,Carcassonne,FR,43.216,2.30632,433,Europe/Paris,medium_airport
CCH,SCCC,Chile Chico Airport,Chile Chico,CL,-46.5831,-71.686323,1070,America/Santiago,medium_airport
CCJ,VOCL,Calicut International Airport,Calicut,IN,11.1368,75.955299,342,Asia/Kolkata,medium_airport
CCK,YPCC,Cocos (Keeling) Islands Airport,West Island,CC,-12.19134,96.833696,10,Indian/Cocos,medium_airport
CCL,YCCA,Chinchilla Airport,Chinchilla,AU,-26.771947,150.617571,1028,Australia/Brisbane,medium_airport
CCM,,Forquilhinha - Criciúma  Airport,Criciúma,BR,-28.725743,-49.424475,92,America/Sao_Paulo,medium_airport
CCP,SCIE,Carriel Sur Airport,Concepcion,CL,-36.772701,-73.063103,26,America/Santiago,medium_airport
CCR,KCCR,Buchanan Field,Concord,US,37.9897,-122.056999,26,America/Los_Angeles,medium_airport
CCS,SVMI,Maiquetía Simón Bolívar International Airport,Maiquetía,VE,10.601194,-66.991222,234,America/Caracas,large_airport
CCU,VECC,Netaji Subhash Chandra Bose International Airport,Kolkata,IN,22.654699,88.446701,16,Asia/Kolkata,large_airport
CCY,KCCY,Northeast Iowa Regional Airport,Charles City,US,43.0726013184,-92.6108016968,1125,America/Chicago,medium_airport
CCZ,MYBC,Chub Cay Airport,Chub Cay,BS,25.417101,-77.880898,5,America/Nassau,medium_airport
CDB,PACD,Cold Bay Airport,Cold Bay,US,55.207871,-162.725029,96,America/Anchorage,medium_airport
CDC,KCDC,Cedar City Regional Airport,Cedar City,US,37.70100021362305,-113.0989990234375,5622,America/Denver,medium_airport
CDE,ZBCD,Chengde Puning Airport,Chengde,CN,41.1225,118.073889,,Asia/Shanghai,medium_airport
CDG,LFPG,Charles de Gaulle International Airport,"Paris (Roissy-en-France, Val-d'Oise)",FR,49.012798,2.55,392,Europe/Paris,large_airport
CDJ,SBAA,Conceição do Araguaia Airport,Conceição do Araguaia,BR,-8.34835,-49.301498,653,America/Belem,medium_airport
CDP,VOCP,Kadapa Airport,Kadapa,IN,14.513154,78.769183,430,Asia/Kolkata,medium_airport
CDR,KCDR,Chadron Municipal Airport,Chadron,US,42.837601,-103.095001,3297,America/Denver,medium_airport
CDS,KCDS,Childress Municipal Airport,Childress,US,34.4337997437,-100.288002014,1954,America/Chicago,medium_airport
CDT,LECH,Castellón-Costa Azahar Airport,Castellón de la Plana,ES,40.213889,0.073333,1182,Europe/Madrid,medium_airport
CDU,YSCN,Camden Airport,Cobbitty,AU,-34.038338,150.686406,230,Australia/Sydney,medium_airport
CDV,PACV,Merle K (Mudhole) Smith Airport,Cordova,US,60.491798,-145.477997,54,America/Anchorage,medium_airport
CEB,RPVM,Mactan Cebu International Airport,Lapu-Lapu City,PH,10.309261,123.97974,31,Asia/Manila,large_airport
CEC,KCEC,Jack Mc Namara Field Airport,Crescent City,US,41.778929,-124.236403,61,America/Los_Angeles,medium_airport
CED,YCDU,Ceduna Airport,,AU,-32.13059997558594,133.7100067138672,77,Australia/Adelaide,medium_airport
CEE,ULWC,Cherepovets Airport,Cherepovets,RU,59.273601532,38.015800476100004,377,Europe/Moscow,medium_airport
CEF,,Westover Metropolitan Airport / Westover Air Reserve Base,Chicopee,US,42.194,-72.534798,241,America/New_York,medium_airport
CEG,EGNR,Hawarden Airport,Broughton,GB,53.178101,-2.97778,45,Europe/London,medium_airport
CEI,,Mae Fah Luang - Chiang Rai International Airport,Chiang Rai,TH,19.952299,99.882896,1280,Asia/Bangkok,medium_airport
CEK,USCC,Chelyabinsk Balandino Airport,Chelyabinsk,RU,55.305801,61.5033,769,Asia/Yekaterinburg,medium_airport
CEN,MMCN,Ciudad Obregón International Airport,Ciudad Obregón,MX,27.39259910583496,-109.83300018310547,243,America/Hermosillo,medium_airport
CEQ,LFMD,Cannes Mandelieu Airport,Cannes,FR,43.547998,6.955176,13,Europe/Paris,medium_airport
CER,LFRC,Cherbourg Manche airport,Cherbourg,FR,49.650101,-1.47028,459,Europe/Paris,medium_airport
CEW,KCEW,Bob Sikes Airport,Crestview,US,30.778799057,-86.522102356,213,America/Chicago,medium_airport
CEZ,KCEZ,Cortez Municipal Airport,Cortez,US,37.303001,-108.627998,5918,America/Denver,medium_airport
CFE,LFLC,Clermont-Ferrand Auvergne airport,Clermont-Ferrand,FR,45.786701,3.16917,1090,Europe/Paris,medium_airport
CFG,MUCF,Jaime Gonzalez Airport,Cienfuegos,CU,22.149999618530273,-80.41419982910156,102,America/Havana,medium_airport
CFK,DAOI,Chlef Aboubakr Belkaid International Airport,Chlef,DZ,36.217166,1.342237,463,Africa/Algiers,medium_airport
CFN,EIDL,Donegal Airport,Donegal,IE,55.0442008972168,-8.340999603271484,30,Europe/Dublin,medium_airport
CFR,LFRK,Caen Carpiquet airport,Caen,FR,49.17678,-0.454883,256,Europe/Paris,medium_airport
CFS,YCFS,Coffs Harbour Airport,Coffs Harbour,AU,-30.320601,153.115997,18,Australia/Sydney,medium_airport
CFU,LGKR,Corfu Ioannis Kapodistrias International Airport,Kerkyra (Corfu),GR,39.602024,19.912038,6,Europe/Athens,medium_airport
CGB,SBCY,Marechal Rondon Airport,Cuiabá,BR,-15.6529,-56.116699,617,America/Cuiaba,medium_airport
CGD,ZGCD,Changde Taohuayuan Airport,Changde (Dingcheng),CN,28.9189,111.639999,128,Asia/Shanghai,medium_airport
CGF,KCGF,Cuyahoga County Airport,Cleveland,US,41.5651016235,-81.4863967896,879,America/New_York,medium_airport
CGH,SBSP,Congonhas Airport,São Paulo,BR,-23.627657,-46.654601,2631,America/Sao_Paulo,medium_airport
CGI,KCGI,Cape Girardeau Regional Airport,Cape Girardeau,US,37.2253,-89.570801,342,America/Chicago,medium_airport
CGJ,FLKE,Kasompe Airport,Chingola,ZM,-12.5728,27.8939,4636,Africa/Lusaka,medium_airport
CGK,WIII,Soekarno-Hatta International Airport,Jakarta,ID,-6.12557,106.655998,34,Asia/Jakarta,large_airport
CGM,RPMH,Camiguin Airport,Mambajao,PH,9.253894,124.709115,53,Asia/Manila,medium_airport
CGN,EDDK,Cologne Bonn Airport,Köln (Cologne),DE,50.865898,7.14274,302,Europe/Berlin,large_airport
CGO,ZHCC,Zhengzhou Xinzheng International Airport,Zhengzhou,CN,34.526497,113.849165,495,Asia/Shanghai,large_airport
CGP,VGEG,Shah Amanat International Airport,Chattogram (Chittagong),BD,22.249599,91.813301,12,Asia/Dhaka,medium_airport
CGQ,ZYCC,Changchun Longjia International Airport,Changchun,CN,43.996201,125.684998,706,Asia/Shanghai,large_airport
CGR,SBCG,Campo Grande Airport,Campo Grande,BR,-20.469998,-54.673988,1833,America/Campo_Grande,medium_airport
CGY,RPMY,Laguindingan International Airport,Laguindingan,PH,8.612203,124.456496,190,Asia/Manila,medium_airport
CHA,KCHA,Chattanooga Metropolitan Airport (Lovell Field),Chattanooga,US,35.035301,-85.203796,683,America/New_York,medium_airport
CHC,NZCH,Christchurch International Airport,Christchurch,NZ,-43.489029,172.532065,123,Pacific/Auckland,large_airport
CHG,ZYCY,Chaoyang Airport,"Shuangta, Chaoyang",CN,41.538101,120.434998,568,Asia/Shanghai,medium_airport
CHH,SPPY,Chachapoyas Airport,Chachapoyas,PE,-6.201911,-77.856195,8333,America/Lima,medium_airport
CHM,SPEO,FAP Lieutenant Jaime Andres de Montreuil Morales Airport,Chimbote,PE,-9.14961,-78.523804,69,America/Lima,medium_airport
CHO,KCHO,Charlottesville Albemarle Airport,Charlottesville,US,38.13859939575195,-78.4529037475586,639,America/New_York,medium_airport
CHQ,LGSA,Chania International Airport,Souda,GR,35.5317,24.1497,490,Europe/Athens,medium_airport
CHR,LFLX,Châteauroux Déols airport,Châteauroux,FR,46.860221,1.728326,529,Europe/Paris,medium_airport
CHS,KCHS,Charleston International Airport,Charleston,US,32.898602,-80.040497,46,America/New_York,medium_airport
CHT,NZCI,Chatham Islands / Tuuta Airport,Te One,NZ,-43.81189,-176.46514,43,Pacific/Chatham,medium_airport
CHX,MPCH,Changuinola Captain Manuel Niño International Airport,Changuinola,PA,9.458962,-82.515062,19,America/Panama,medium_airport
CIA,LIRA,Ciampino–G. B. Pastine International Airport,Rome,IT,41.7994,12.5949,427,Europe/Rome,medium_airport
CID,KCID,The Eastern Iowa Airport,Cedar Rapids,US,41.884701,-91.7108,869,America/Chicago,medium_airport
CIF,ZBCF,Chifeng Yulong Airport,Chifeng,CN,42.159723,118.840971,2018,Asia/Shanghai,medium_airport
CIJ,SLCO,Capitán Aníbal Arab Airport,Cobija,BO,-11.040399551400002,-68.7829971313,889,America/La_Paz,medium_airport
CIO,SGCO,Aeropuerto Nacional Tte. Cnel. Carmelo Peralta,Concepción,PY,-23.440334,-57.429206,253,America/Asuncion,medium_airport
CIS,PCIS,Canton Island Airport,Abariringa,KI,-2.7681200504300003,-171.710006714,9,Pacific/Enderbury,medium_airport
CIT,UAII,Shymkent Airport,Shymkent,KZ,42.364200592041016,69.47889709472656,1385,Asia/Almaty,medium_airport
CIU,KCIU,Chippewa County International Airport,Kincheloe,US,46.247707,-84.471379,800,America/New_York,medium_airport
CIW,TVSC,Canouan Airport,Canouan,VC,12.699,-61.3424,11,America/St_Vincent,medium_airport
CIX,SPHI,Air Force Captain Jose A Quinones Gonzales International Airport,Chiclayo,PE,-6.78748,-79.828102,97,America/Lima,medium_airport
CIY,LICB,Comiso Airport,Comiso,IT,36.99583,14.60889,756,Europe/Rome,medium_airport
CJA,SPJR,Mayor General FAP Armando Revoredo Iglesias Airport,Cajamarca,PE,-7.13918,-78.489403,8781,America/Lima,medium_airport
CJB,VOCB,Coimbatore International Airport,Coimbatore,IN,11.029999733,77.0434036255,1324,Asia/Kolkata,medium_airport
CJC,SCCF,El Loa Airport,Calama,CL,-22.498199,-68.903603,7543,America/Santiago,medium_airport
CJJ,RKTU,Cheongju International Airport/Cheongju Air Base (K-59/G-513),Cheongju,KR,36.717008,127.498741,191,Asia/Seoul,medium_airport
CJL,OPCH,Chitral Airport,Chitral,PK,35.886213,71.799922,4920,Asia/Karachi,medium_airport
CJM,VTSE,Chumphon Airport,Chumphon,TH,10.7112,99.361702,18,Asia/Bangkok,medium_airport
CJS,MMCS,Abraham González International Airport,Ciudad Juárez,MX,31.63610076904297,-106.42900085449219,3904,America/Mazatlan,medium_airport
CJU,RKPC,Jeju International Airport,Jeju City,KR,33.512058,126.492548,118,Asia/Seoul,large_airport
CKB,KCKB,North Central West Virginia Airport,Bridgeport,US,39.2966,-80.228104,1217,America/New_York,medium_airport
CKC,UKKE,Cherkasy International Airport,Cherkasy,UA,49.4156,31.9953,375,Europe/Kyiv,medium_airport
CKG,ZUCK,Chongqing Jiangbei International Airport,Chongqing,CN,29.712254,106.651895,1365,Asia/Shanghai,large_airport
CKH,UESO,Chokurdakh Airport,Chokurdah,RU,70.6231,147.901993,151,Asia/Srednekolymsk,medium_airport
CKL,UUMU,Chkalovskiy Air Base,Moscow,RU,55.8783,38.061699,499,Europe/Moscow,medium_airport
CKS,SBCJ,Carajás Airport,Parauapebas,BR,-6.117841,-50.003372,2064,America/Araguaina,medium_airport
CKT,OIMC,Sarakhs Airport,Sarakhs,IR,36.501202,61.064899,945,Asia/Tehran,medium_airport
CKY,GUCY,Conakry International Airport,Conakry,GN,9.57689,-13.612,72,Africa/Conakry,medium_airport
CKZ,LTBH,Çanakkale Airport,Çanakkale,TR,40.1376991272,26.4267997742,23,Europe/Istanbul,medium_airport
CLD,KCRQ,McClellan-Palomar Airport,Carlsbad,US,33.1283,-117.279999,331,America/Los_Angeles,medium_airport
CLE,KCLE,Cleveland Hopkins International Airport,Cleveland,US,41.411701,-81.8498,791,America/New_York,large_airport
CLJ,LRCL,Cluj Avram Iancu International Airport,Cluj-Napoca,RO,46.787425,23.684292,1039,Europe/Bucharest,medium_airport
CLL,KCLL,Easterwood Field,College Station,US,30.5886,-96.3638,320,America/Chicago,medium_airport
CLM,KCLM,William R Fairchild International Airport,Port Angeles,US,48.120201,-123.5,291,America/Los_Angeles,medium_airport
CLN,SBCI,Brig. Lysias Augusto Rodrigues Airport,Carolina,BR,-7.32044,-47.458698,565,America/Araguaina,medium_airport
CLO,SKCL,Alfonso Bonilla Aragon International Airport,Cali,CO,3.54322,-76.3816,3162,America/Bogota,medium_airport
CLQ,MMIA,Licenciado Miguel de la Madrid International Airport,Colima,MX,19.277,-103.577002,2467,America/Mexico_City,medium_airport
CLT,KCLT,Charlotte Douglas International Airport,Charlotte,US,35.2140007019043,-80.94309997558594,748,America/New_York,large_airport
CLU,KBAK,Columbus Municipal Airport,Columbus,US,39.262386,-85.895576,656,America/Indiana/Indianapolis,medium_airport
CLY,LFKC,Calvi Sainte Catherine Airport,Calvi,FR,42.530422,8.792984,209,Europe/Paris,medium_airport
CLZ,SVCL,Calabozo Airport,Guarico,VE,8.924656,-67.417091,328,America/Caracas,medium_airport
CMA,YCMU,Cunnamulla Airport,,AU,-28.030000686645508,145.6219940185547,630,Australia/Brisbane,medium_airport
CMB,VCBI,Bandaranaike International Colombo Airport,Colombo,LK,7.180759906768799,79.88410186767578,30,Asia/Colombo,large_airport
CMD,YCTM,Cootamundra Airport,,AU,-34.624283,148.036641,1110,Australia/Sydney,medium_airport
CME,MMCE,Ciudad del Carmen International Airport,Ciudad del Carmen,MX,18.65369987487793,-91.79900360107422,10,America/Mexico_City,medium_airport
CMF,LFLB,Chambéry Aix les Bains airport,Chambéry,FR,45.6381,5.88023,779,Europe/Paris,medium_airport
CMG,SBCR,Corumbá International Airport,Corumbá,BR,-19.01193,-57.672772,463,America/Campo_Grande,medium_airport
CMH,KCMH,John Glenn Columbus International Airport,Columbus,US,39.998001,-82.891899,815,America/New_York,large_airport
CMI,KCMI,University of Illinois Willard Airport,Savoy,US,40.039819,-88.276249,755,America/Chicago,medium_airport
CMN,GMMN,Mohammed V International Airport,Casablanca,MA,33.3675,-7.58997,656,Africa/Casablanca,large_airport
CMQ,YCMT,Clermont Airport,,AU,-22.7731,147.621002,908,Australia/Brisbane,medium_airport
CMR,LFGA,Colmar Houssen airport,Colmar,FR,48.109901,7.35901,628,Europe/Paris,medium_airport
CMU,AYCH,Chimbu Airport,Kundiawa,PG,-6.024290084838867,144.9709930419922,4974,Pacific/Port_Moresby,medium_airport
CMW,MUCM,Ignacio Agramonte International Airport,Camaguey,CU,21.420299530029297,-77.84750366210938,413,America/Havana,medium_airport
CMX,KCMX,Houghton County Memorial Airport,Hancock,US,47.168399810791016,-88.48909759521484,1095,America/New_York,medium_airport
CNB,YCNM,Coonamble Airport,,AU,-30.980946,148.377833,604,Australia/Sydney,medium_airport
CND,LRCK,Mihail Kogălniceanu International Airport,Mihail Kogălniceanu,RO,44.362202,28.4883,353,Europe/Bucharest,medium_airport
CNF,SBCF,Tancredo Neves International Airport,Belo Horizonte,BR,-19.63571,-43.966928,2721,America/Sao_Paulo,large_airport
CNG,LFBG,Cognac-Châteaubernard (BA 709) Air Base,Cognac/Châteaubernard,FR,45.658298,-0.3175,102,Europe/Paris,medium_airport
CNI,ZYCH,Changhai Airport,Dalian (Changhai),CN,39.266667,122.666944,80,Asia/Shanghai,medium_airport
CNJ,YCCY,Cloncurry Airport,Cloncurry,AU,-20.668600082399998,140.503997803,616,Australia/Brisbane,medium_airport
CNL,EKSN,Sindal Airport,Sindal,DK,57.503502,10.2294,92,Europe/Copenhagen,medium_airport
CNM,KCNM,Cavern City Air Terminal,Carlsbad,US,32.337501525878906,-104.26300048828125,3295,America/Denver,medium_airport
CNN,VOKN,Kannur International Airport,Kannur,IN,11.918614,75.547211,330,Asia/Kolkata,medium_airport
CNQ,SARC,Corrientes Airport,Corrientes,AR,-27.4455,-58.7619,202,America/Argentina/Cordoba,medium_airport
CNR,SCRA,Chañaral Airport,Chañaral,CL,-26.3325,-70.6073,97,America/Santiago,medium_airport
CNS,YBCS,Cairns International Airport,Cairns,AU,-16.878921,145.74948,10,Australia/Brisbane,medium_airport
CNU,KCNU,Chanute Martin Johnson Airport,Chanute,US,37.668173,-95.486727,1002,America/Chicago,medium_airport
CNX,VTCC,Chiang Mai International Airport,Chiang Mai,TH,18.766799926799997,98.962600708,1036,Asia/Bangkok,large_airport
CNY,KCNY,Canyonlands Regional Airport,Moab,US,38.755001,-109.754997,4557,America/Denver,medium_airport
COC,SAAC,Comodoro Pierrestegui Airport,Concordia,AR,-31.2969,-57.9966,112,America/Argentina/Cordoba,medium_airport
COD,KCOD,Yellowstone Regional Airport,Cody,US,44.520199,-109.024002,5102,America/Denver,medium_airport
COE,KCOE,Coeur D'Alene Airport - Pappy Boyington Field,Coeur d'Alene,US,47.7743,-116.82,2320,America/Los_Angeles,medium_airport
COF,KCOF,Patrick Space Force Base,Cocoa Beach,US,28.2349,-80.6101,8,America/New_York,medium_airport
COJ,YCBB,Coonabarabran Airport,,AU,-31.3325,149.266998,2117,Australia/Sydney,medium_airport
COK,VOCI,Cochin International Airport,Kochi,IN,10.151047,76.400838,30,Asia/Kolkata,large_airport
CON,KCON,Concord Municipal Airport,Concord,US,43.20270157,-71.50229645,342,America/New_York,medium_airport
COO,DBBB,Cadjehoun Airport,Cotonou,BJ,6.357230186462402,2.384350061416626,19,Africa/Porto-Novo,medium_airport
COQ,ZMCD,Choibalsan Airport,,MN,48.13570022583008,114.64600372314453,2457,Asia/Ulaanbaatar,medium_airport
COR,SACO,Ingeniero Ambrosio Taravella Airport,Cordoba,AR,-31.323601,-64.208,1604,America/Argentina/Cordoba,medium_airport
COS,KCOS,City of Colorado Springs Municipal Airport,Colorado Springs,US,38.805801,-104.700996,6187,America/Denver,medium_airport
COU,KCOU,Columbia Regional Airport,Columbia,US,38.8181,-92.219597,889,America/Chicago,medium_airport
COV,LTDB,Çukurova International Airport,Tarsus,TR,36.890908,35.070522,35,Europe/Istanbul,large_airport
CPC,SAZY,Aviador C. Campos Airport,Chapelco/San Martin de los Andes,AR,-40.075401,-71.137299,2569,America/Argentina/Salta,medium_airport
CPD,YCBP,Coober Pedy Airport,Coober Pedy,AU,-29.038312,134.722166,740,Australia/Adelaide,medium_airport
CPE,MMCP,Ingeniero Alberto Acuña Ongay International Airport,Campeche,MX,19.816799163800003,-90.5002975464,34,America/Merida,medium_airport
CPH,EKCH,Copenhagen Kastrup Airport,Copenhagen,DK,55.617900848389,12.656000137329,17,Europe/Copenhagen,large_airport
CPO,SCAT,Desierto de Atacama Airport,Copiapo,CL,-27.2611999512,-70.7791976929,670,America/Santiago,medium_airport
CPR,KCPR,Casper-Natrona County International Airport,Casper,US,42.908001,-106.463997,5350,America/Denver,medium_airport
CPT,FACT,Cape Town International Airport,Cape Town,ZA,-33.9648017883,18.6016998291,151,Africa/Johannesburg,large_airport
CPV,SBKG,Presidente João Suassuna Airport,Campina Grande,BR,-7.269662,-35.896057,1646,America/Fortaleza,medium_airport
CPX,TJCP,Benjamin Rivera Noriega Airport,Culebra,PR,18.312954,-65.303893,49,America/Puerto_Rico,medium_airport
CQD,OIFS,Shahrekord Airport,Shahrekord,IR,32.2971992493,50.842201232899995,6723,Asia/Tehran,medium_airport
CQF,LFAC,Calais Marck Airport,Calais,FR,50.962101,1.95476,12,Europe/Paris,medium_airport
CQM,LERL,Ciudad Real International Airport,Ciudad Real,ES,38.856479,-3.969944,2120,Europe/Madrid,medium_airport
CQW,ZUWL,Chongqing Xiannüshan Airport,Wulong,CN,29.465658,107.693664,1747,Asia/Shanghai,medium_airport
CRA,LRCV,Craiova International Airport,Craiova,RO,44.3181,23.888599,626,Europe/Bucharest,medium_airport
CRC,SKGO,Santa Ana Airport,Cartago,CO,4.75818,-75.9557,2979,America/Bogota,medium_airport
CRD,SAVC,General E. Mosconi Airport,Comodoro Rivadavia,AR,-45.7853,-67.4655,189,America/Argentina/Catamarca,medium_airport
CRE,KCRE,Grand Strand Airport,North Myrtle Beach,US,33.8116989136,-78.72389984130001,32,America/New_York,medium_airport
CRG,KCRG,Jacksonville Executive at Craig Airport,Jacksonville,US,30.3362998962,-81.51439666750001,41,America/New_York,medium_airport
CRI,MYCI,Colonel Hill Airport,Colonel Hill,BS,22.7456,-74.182404,5,America/Nassau,medium_airport
CRK,RPLC,Clark International Airport / Clark Air Base,Mabalacat,PH,15.186,120.559998,484,Asia/Manila,medium_airport
CRL,EBCI,Brussels South Charleroi Airport,Charleroi,BE,50.460982,4.457158,614,Europe/Brussels,medium_airport
CRM,RPVF,Catarman National Airport,Catarman,PH,12.50161,124.635258,6,Asia/Manila,medium_airport
CRP,KCRP,Corpus Christi International Airport,Corpus Christi,US,27.770399,-97.501198,44,America/Chicago,medium_airport
CRQ,,Caravelas Airport,Caravelas,BR,-17.6523,-39.253101,36,America/Bahia,medium_airport
CRV,LIBC,Crotone Sant'Anna Pythagoras Airport,Isola di Capo Rizzuto (KR),IT,38.9972,17.0802,522,Europe/Rome,medium_airport
CRW,KCRW,Yeager Airport,Charleston,US,38.3731,-81.593201,981,America/New_York,medium_airport
CRZ,UTAV,Türkmenabat International Airport,Türkmenabat,TM,38.930662,63.563982,649,Asia/Ashgabat,medium_airport
CSB,LRCS,Caransebeş Airport,Caransebeş,RO,45.420142,22.252507,866,Europe/Bucharest,medium_airport
CSF,LFPC,Creil Air Base,Creil,FR,49.253502,2.51914,291,Europe/Paris,medium_airport
CSG,KCSG,Columbus Metropolitan Airport,Columbus,US,32.516300201416016,-84.93890380859375,397,America/New_York,medium_airport
CSK,GOGS,Cap Skirring Airport,Cap Skirring,SN,12.39533,-16.748,52,Africa/Dakar,medium_airport
CSV,KCSV,Crossville Memorial Airport Whitson Field,Crossville,US,35.95131,-85.08499,1881,America/Chicago,medium_airport
CSX,ZGHA,Changsha Huanghua International Airport,Changsha (Changsha),CN,28.189199,113.220001,217,Asia/Shanghai,large_airport
CSY,UWKS,Cheboksary Airport,Cheboksary,RU,56.090302,47.347301,558,Europe/Moscow,medium_airport
CTA,LICC,Catania-Fontanarossa Airport,Catania,IT,37.466801,15.0664,39,Europe/Rome,large_airport
CTB,KCTB,Cut Bank International Airport,Cut Bank,US,48.608657,-112.378183,3854,America/Denver,medium_airport
CTC,SANC,Coronel Felipe Varela International Airport,Catamarca,AR,-28.593117,-65.7512,1522,America/Argentina/Catamarca,medium_airport
CTD,MPCE,Alonso Valderrama Airport,Chitré,PA,7.98784,-80.409837,33,America/Panama,medium_airport
CTG,SKCG,Rafael Nuñez International Airport,Cartagena,CO,10.4424,-75.513,4,America/Bogota,medium_airport
CTL,YBCV,Charleville Airport,Charleville,AU,-26.4132995605,146.261993408,1003,Australia/Brisbane,medium_airport
CTM,MMCM,Chetumal International Airport,Chetumal,MX,18.504985,-88.328018,39,America/Cancun,medium_airport
CTN,YCKN,Cooktown Airport,,AU,-15.443649,145.183221,26,Australia/Brisbane,medium_airport
CTS,RJCC,New Chitose Airport,Sapporo,JP,42.7752,141.692001,82,Asia/Tokyo,large_airport
CTT,LFMQ,Le Castellet Airport,"Le Castellet, Var",FR,43.252499,5.78519,1391,Europe/Paris,medium_airport
CTU,ZUUU,Chengdu Shuangliu International Airport,Chengdu (Shuangliu),CN,30.558257,103.945966,1625,Asia/Shanghai,large_airport
CUB,KCUB,Jim Hamilton L.B. Owens Airport,Columbia,US,33.970500946,-80.9952011108,193,America/New_York,medium_airport
CUC,SKCC,Camilo Daza International Airport,Cúcuta,CO,7.92757,-72.5115,1096,America/Bogota,medium_airport
CUE,SECU,Mariscal Lamar Airport,Cuenca,EC,-2.88947,-78.984398,8306,America/Guayaquil,medium_airport
CUF,LIMZ,Cuneo International Airport,Levaldigi (CN),IT,44.547001,7.62322,1267,Europe/Rome,medium_airport
CUK,,Caye Caulker Airport,Caye Caulker,BZ,17.735015,-88.032862,2,N/A,medium_airport
CUL,MMCL,Bachigualato Federal International Airport,Culiacán,MX,24.76504,-107.475228,108,America/Mazatlan,medium_airport
CUM,SVCU,Antonio José de Sucre Airport,Cumaná,VE,10.450333,-64.13047,14,America/Caracas,medium_airport
CUN,MMUN,Cancún International Airport,Cancún,MX,21.039444,-86.874304,22,America/Cancun,large_airport
CUP,SVCP,General Francisco Bermúdez Airport,Carúpano,VE,10.660014,-63.261681,33,America/Caracas,medium_airport
CUQ,YCOE,Coen Airport,Coen,AU,-13.761133,143.113311,532,Australia/Brisbane,medium_airport
CUR,TNCC,Hato International Airport,Willemstad,CW,12.1889,-68.959801,29,America/Curacao,large_airport
CUT,SAZW,Cutral-Co Airport,Cutral-Co,AR,-38.939701,-69.264603,2132,America/Argentina/Salta,medium_airport
CUU,MMCU,General Roberto Fierro Villalobos International Airport,Chihuahua,MX,28.7029,-105.964996,4462,America/Mazatlan,medium_airport
CUZ,SPZO,Alejandro Velasco Astete International Airport,Cusco,PE,-13.535699844400002,-71.9387969971,10860,America/Lima,large_airport
CVC,YCEE,Cleve Airport,,AU,-33.709702,136.505005,589,Australia/Adelaide,medium_airport
CVE,SKCV,Coveñas Airport,Coveñas,CO,9.40092,-75.6913,31,America/Bogota,medium_airport
CVG,KCVG,Cincinnati Northern Kentucky International Airport,Cincinnati / Covington,US,39.048801,-84.667801,896,America/New_York,large_airport
CVJ,MMCB,General Mariano Matamoros International Airport,Temixco,MX,18.833922,-99.261818,4277,America/Mexico_City,medium_airport
CVM,MMCV,General Pedro Jose Mendez International Airport,Ciudad Victoria,MX,23.7033004761,-98.9564971924,761,America/Monterrey,medium_airport
CVN,KCVN,Clovis Municipal Airport,Clovis,US,34.426594,-103.078794,4216,America/Denver,medium_airport
CVO,KCVO,Corvallis Municipal Airport,Corvallis,US,44.49720001,-123.2900009,250,America/Los_Angeles,medium_airport
CVQ,YCAR,Carnarvon Airport,Carnarvon,AU,-24.884337,113.666393,13,Australia/Perth,medium_airport
CVS,KCVS,Cannon Air Force Base,Clovis,US,34.382801,-103.321999,4295,America/Denver,medium_airport
CVT,EGBE,Coventry Airport,"Coventry, West Midlands",GB,52.369701,-1.47972,267,Europe/London,medium_airport
CWA,KCWA,Central Wisconsin Airport,Mosinee,US,44.777448,-89.670238,1277,America/Chicago,medium_airport
CWB,SBCT,Afonso Pena Airport,Curitiba,BR,-25.5285,-49.1758,2988,America/Sao_Paulo,medium_airport
CWC,UKLN,Chernivtsi International Airport,Chernivtsi,UA,48.259300231933594,25.98080062866211,826,Europe/Uzhgorod,medium_airport
CWJ,ZPCW,Cangyuan Washan Airport,Lincang (Cangyuan),CN,23.276331,99.373169,,N/A,medium_airport
CWL,EGFF,Cardiff International Airport,Cardiff,GB,51.396702,-3.34333,220,Europe/London,medium_airport
CWT,YCWR,Cowra Airport,,AU,-33.846894,148.648007,966,Australia/Sydney,medium_airport
CWW,YCOR,Corowa Airport,,AU,-35.994701,146.356995,469,Australia/Sydney,medium_airport
CXA,SVCD,Caicara del Orinoco Airport,,VE,7.62551,-66.162804,141,America/Caracas,medium_airport
CXB,VGCB,Cox's Bazar Airport,Cox's Bazar,BD,21.457517,91.963263,12,Asia/Dhaka,medium_airport
CXI,PLCH,Cassidy International Airport,Kiritimati,KI,1.986278,-157.350011,5,Pacific/Kiritimati,medium_airport
CXJ,SBCX,Hugo Cantergiani Regional Airport,Caxias Do Sul,BR,-29.197183,-51.187647,2472,America/Sao_Paulo,medium_airport
CXO,KCXO,Conroe-North Houston Regional Airport,Houston,US,30.351801,-95.414497,245,America/Chicago,medium_airport
CXP,WAHL,Tunggul Wulung Airport,Cilacap,ID,-7.64506,109.033997,69,Asia/Jakarta,medium_airport
CXR,VVCR,Cam Ranh International Airport / Cam Ranh Air Base,Cam Ranh,VN,11.9982,109.219002,40,Asia/Ho_Chi_Minh,medium_airport
CYA,MTCA,Antoine-Simon International Airport,Les Cayes,HT,18.271099,-73.7883,203,America/Port-au-Prince,medium_airport
CYB,MWCB,Charles Kirkconnell International Airport,West End,KY,19.687,-79.882797,8,America/Cayman,medium_airport
CYC,,Caye Chapel Airport,Caye Chapel,BZ,17.683792,-88.044985,3,N/A,medium_airport
CYG,YCRG,Corryong Airport,,AU,-36.18280029296875,147.88800048828125,963,Australia/Melbourne,medium_airport
CYI,RCKU,Chiayi Airport,Shuishang,TW,23.462577,120.390544,85,Asia/Taipei,medium_airport
CYO,MUCL,Vilo Acuña International Airport,Cayo Largo del Sur,CU,21.6165008545,-81.5459976196,10,America/Havana,medium_airport
CYP,RPVC,Calbayog Airport,Calbayog City,PH,12.072574,124.54508,12,Asia/Manila,medium_airport
CYS,KCYS,Cheyenne Regional Jerry Olson Field,Cheyenne,US,41.155701,-104.811997,6159,America/Denver,medium_airport
CYW,MMCY,Captain Rogelio Castillo National Airport,Celaya,MX,20.545998,-100.886539,5709,America/Mexico_City,medium_airport
CYX,UESS,Cherskiy Airport,Cherskiy,RU,68.7406005859375,161.33799743652344,20,Asia/Srednekolymsk,medium_airport
CYZ,RPUY,Cauayan Airport,Cauayan City,PH,16.9298992157,121.752998352,200,Asia/Manila,medium_airport
CZE,SVCR,José Leonardo Chirinos Airport,Coro,VE,11.414944,-69.680901,52,America/Caracas,medium_airport
CZF,PACZ,Cape Romanzof LRRS Airport,Cape Romanzof,US,61.78030014,-166.0390015,464,America/Anchorage,medium_airport
CZH,,Corozal Airport,Corozal,BZ,18.3822,-88.411903,40,N/A,medium_airport
CZL,DABC,Mohamed Boudiaf International Airport,Constantine,DZ,36.2760009765625,6.620389938354492,2265,Africa/Algiers,medium_airport
CZM,MMCZ,Cozumel International Airport,Cozumel,MX,20.514922,-86.928538,15,America/Cancun,large_airport
CZS,SBCZ,Cruzeiro do Sul Airport,Cruzeiro Do Sul,BR,-7.59991,-72.769501,637,America/Eirunepe,medium_airport
CZU,SKCZ,Las Brujas Airport,Corozal,CO,9.33274,-75.2856,528,America/Bogota,medium_airport
CZX,ZSCG,Changzhou Benniu International Airport,Changzhou,CN,31.920485,119.77546,33,Asia/Shanghai,medium_airport
DAA,KDAA,Davison Army Air Field,Fort Belvoir,US,38.715000152600005,-77.1809997559,73,America/New_York,medium_airport
DAB,KDAB,Daytona Beach International Airport,Daytona Beach,US,29.179899,-81.058098,34,America/New_York,medium_airport
DAC,VGHS,Hazrat Shahjalal International Airport,Dhaka,BD,23.843347,90.397783,30,Asia/Dhaka,large_airport
DAD,VVDN,Da Nang International Airport,Da Nang,VN,16.0439,108.198997,33,Asia/Ho_Chi_Minh,medium_airport
DAG,KDAG,Barstow Daggett Airport,Daggett,US,34.85369873,-116.7870026,1930,America/Los_Angeles,medium_airport
DAL,KDAL,Dallas Love Field,Dallas,US,32.847099,-96.851799,487,America/Chicago,medium_airport
DAM,OSDI,Damascus International Airport,Damascus,SY,33.4114990234375,36.51559829711914,2020,Asia/Damascus,large_airport
DAN,KDAN,Danville Regional Airport,Danville,US,36.572899,-79.336098,571,America/New_York,medium_airport
DAR,HTDA,Julius Nyerere International Airport,Dar es Salaam,TZ,-6.87811,39.202599,182,Africa/Dar_es_Salaam,large_airport
DAU,AYDU,Daru Airport,Daru,PG,-9.08676,143.207993,20,Pacific/Port_Moresby,medium_airport
DAV,MPDA,Enrique Malek International Airport,David,PA,8.391,-82.434998,89,America/Panama,medium_airport
DAY,KDAY,James M Cox Dayton International Airport,Dayton,US,39.902401,-84.219398,1009,America/New_York,medium_airport
DBB,HEAL,El Alamein International Airport,El Alamein,EG,30.924324,28.46161,154,Africa/Cairo,medium_airport
DBC,ZYBA,Baicheng Chang'an Airport,Baicheng,CN,45.505278,123.019722,480,N/A,medium_airport
DBD,VEDB,Dhanbad Airport,,IN,23.834,86.425301,847,Asia/Kolkata,medium_airport
DBO,YSDU,Dubbo City Regional Airport,Dubbo,AU,-32.2167015076,148.574996948,935,Australia/Sydney,medium_airport
DBQ,KDBQ,Dubuque Regional Airport,Dubuque,US,42.402,-90.709503,1077,America/Chicago,medium_airport
DBR,VEDH,Darbhanga Airport,Darbhanga,IN,26.192801,85.916901,156,Asia/Kolkata,medium_airport
DBV,LDDU,Dubrovnik Ruđer Bošković Airport,Čilipi,HR,42.562247,18.265543,527,Europe/Zagreb,medium_airport
DCA,KDCA,Ronald Reagan Washington National Airport,Washington,US,38.8521,-77.037697,15,America/New_York,large_airport
DCF,TDCF,Canefield Airport,Canefield,DM,15.336693,-61.392108,13,America/Dominica,medium_airport
DCI,LIED,Decimomannu Air Base,Decimomannu,IT,39.354198,8.97248,100,Europe/Rome,medium_airport
DCM,LFCK,Castres Mazamet Airport,Castres,FR,43.556301,2.28918,788,Europe/Paris,medium_airport
DCN,YCIN,RAAF Base Curtin,Derby,AU,-17.581389,123.828333,300,Australia/Perth,medium_airport
DCT,MYRD,Duncan Town Airport,Duncan Town,BS,22.181801,-75.7295,6,America/Nassau,medium_airport
DCY,ZUDC,Daocheng Yading Airport,Garzê (Daocheng),CN,29.31632,100.060317,14472,Asia/Shanghai,medium_airport
DDC,KDDC,Dodge City Regional Airport,Dodge City,US,37.76340103149414,-99.9655990600586,2594,America/Chicago,medium_airport
DDG,ZYDD,Dandong Langtou Airport,Dandong (Zhenxing),CN,40.025453,124.28669,30,Asia/Shanghai,medium_airport
DDR,ZUDR,Rikaze Dingri Airport,Xigazê (Dingri),CN,28.604567,86.798,14108,Asia/Shanghai,medium_airport
DEA,OPDG,Dera Ghazi Khan Airport,Dera Ghazi Khan,PK,29.961000442504883,70.48590087890625,492,Asia/Karachi,medium_airport
DEB,LHDC,Debrecen International Airport,Debrecen,HU,47.488899,21.615299,359,Europe/Budapest,medium_airport
DEC,KDEC,Decatur Airport,Decatur,US,39.834598541259766,-88.8656997680664,682,America/Chicago,medium_airport
DED,VIDN,Dehradun Jolly Grant Airport,Dehradun (Jauligrant),IN,30.189243,78.176651,1831,Asia/Kolkata,medium_airport
DEF,OIAD,Dezful Airport,Dezful,IR,32.434399,48.397598,474,Asia/Tehran,medium_airport
DEJ,ZUDJ,Tongren Dejiang Airport (Under Construction),Tongren,CN,28.121,108.1631,3542,Asia/Shanghai,medium_airport
DEL,VIDP,Indira Gandhi International Airport,New Delhi,IN,28.55563,77.09519,777,Asia/Kolkata,large_airport
DEN,KDEN,Denver International Airport,Denver,US,39.861698150635,-104.672996521,5431,America/Denver,large_airport
DET,,Coleman A. Young Municipal Airport,Detroit,US,42.40919876,-83.00990295,626,America/Detroit,medium_airport
DEZ,OSDZ,Deir ez-Zor Airport,Deir ez-Zor,SY,35.2854,40.175999,700,Asia/Damascus,medium_airport
DFW,KDFW,Dallas Fort Worth International Airport,Dallas-Fort Worth,US,32.896801,-97.038002,607,America/Chicago,large_airport
DGA,,Dangriga Airport,Dangriga,BZ,16.98251,-88.230988,10,America/Belize,medium_airport
DGE,YMDG,Mudgee Airport,Mudgee,AU,-32.564794,149.609452,1545,Australia/Sydney,medium_airport
DGO,MMDO,General Guadalupe Victoria International Airport,Durango,MX,24.125468,-104.527938,6104,America/Monterrey,large_airport
DGT,RPVD,Sibulan Airport,Dumaguete City,PH,9.334183,123.30191,15,Asia/Manila,medium_airport
DHA,OEDR,King Abdulaziz Air Base,Dhahran,SA,26.2654,50.152,84,N/A,large_airport
DHF,OMAM,Al Dhafra Air Base,,AE,24.248199462900004,54.547698974599996,77,Asia/Dubai,medium_airport
DHM,VIGG,Kangra Airport,Kangra,IN,32.164902,76.263018,2525,Asia/Kolkata,medium_airport
DHN,KDHN,Dothan Regional Airport,Dothan,US,31.321300506591797,-85.44960021972656,401,America/Chicago,medium_airport
DHR,EHKD,De Kooy Airfield / Den Helder Naval Air Station,Den Helder,NL,52.923401,4.78062,3,Europe/Amsterdam,medium_airport
DHT,KDHT,Dalhart Municipal Airport,Dalhart,US,36.0225982666,-102.54699707,3991,America/Chicago,medium_airport
DHX,WARD,Dhoho International Airport,Kediri,ID,-7.750278,111.947222,380,N/A,large_airport
DIA,OTBD,Doha International Airport,Doha,QA,25.261101,51.565102,35,Asia/Qatar,medium_airport
DIB,VEMN,Dibrugarh Airport,Dibrugarh,IN,27.4839000702,95.0168991089,362,Asia/Kolkata,medium_airport
DIE,FMNA,Arrachart Airport,Antisiranana,MG,-12.3494,49.291698,374,Indian/Antananarivo,medium_airport
DIG,ZPDQ,Diqing Shangri-La Airport,Diqing (Shangri-La),CN,27.7936,99.6772,10761,Asia/Shanghai,medium_airport
DIJ,LFSD,Dijon Longvic airport,Dijon,FR,47.268902,5.09,726,Europe/Paris,medium_airport
DIK,KDIK,Dickinson Theodore Roosevelt Regional Airport,Dickinson,US,46.797533,-102.801905,2592,America/Denver,medium_airport
DIL,WPDL,Presidente Nicolau Lobato International Airport,Dili,TL,-8.546562,125.524507,154,Asia/Dili,medium_airport
DIN,VVDB,Dien Bien Phu Airport,Dien Bien Phu,VN,21.3974990845,103.008003235,1611,Asia/Ho_Chi_Minh,medium_airport
DIR,HADR,Aba Tenna Dejazmach Yilma International Airport,Dire Dawa,ET,9.624699592590332,41.85419845581055,3827,Africa/Addis_Ababa,medium_airport
DIS,FCPD,Ngot Nzoungou Airport,Dolisie,CG,-4.20635,12.6599,1079,Africa/Brazzaville,medium_airport
DIY,LTCC,Diyarbakır Airport,Diyarbakır,TR,37.893902,40.201,2251,Europe/Istanbul,medium_airport
DJE,DTTJ,Djerba Zarzis International Airport,Mellita,TN,33.875,10.7755,19,Africa/Tunis,medium_airport
DJG,DAAJ,Djanet Inedbirene Airport,Djanet,DZ,24.292801,9.45244,3176,Africa/Algiers,medium_airport
DJJ,WAJJ,Dortheys Hiyo Eluay International Airport,Sentani,ID,-2.579627,140.519857,289,Asia/Jayapura,large_airport
DJO,DIDL,Daloa Airport,,CI,6.79281,-6.47319,823,Africa/Abidjan,medium_airport
DKR,GOOY,Léopold Sédar Senghor International Airport,Dakar,SN,14.7397,-17.4902,85,Africa/Dakar,medium_airport
DKS,UODD,Dikson Airport,Dikson,RU,73.517807,80.379669,47,Asia/Krasnoyarsk,medium_airport
DLA,FKKD,Douala International Airport,Douala,CM,4.0060801506,9.719479560849999,33,Africa/Douala,medium_airport
DLC,ZYTL,Dalian Zhoushuizi International Airport,Dalian (Ganjingzi),CN,38.965719,121.538477,107,Asia/Shanghai,large_airport
DLE,LFGJ,Dole Tavaux Airport,Dole,FR,47.038955,5.427589,645,Europe/Paris,medium_airport
DLF,KDLF,Laughlin Air Force Base,Del Rio,US,29.359501,-100.778002,1082,America/Chicago,medium_airport
DLG,PADL,Dillingham Airport,Dillingham,US,59.04470062,-158.5050049,81,America/Anchorage,medium_airport
DLH,KDLH,Duluth International Airport,Duluth,US,46.842098,-92.193604,1428,America/Chicago,medium_airport
DLI,VVDL,Lien Khuong Airport,Da Lat,VN,11.750556,108.366997,3156,Asia/Ho_Chi_Minh,medium_airport
DLM,LTBS,Dalaman International Airport,Dalaman,TR,36.7131004333,28.7924995422,20,Europe/Istanbul,large_airport
DLS,KDLS,Columbia Gorge Regional Airport,Dallesport / The Dalles,US,45.620979,-121.170777,247,America/Los_Angeles,medium_airport
DLU,ZPDL,Dali Fengyi Airport,Dali (Xiaguan),CN,25.649401,100.319,7050,Asia/Shanghai,medium_airport
DLZ,ZMDZ,Dalanzadgad Airport,Dalanzadgad,MN,43.608628,104.367734,4787,Asia/Ulaanbaatar,medium_airport
DMA,KDMA,Davis Monthan Air Force Base,Tucson,US,32.1665000916,-110.883003235,2704,America/Phoenix,medium_airport
DMB,UADD,Taraz Airport,Taraz,KZ,42.853599548339844,71.30359649658203,2184,Asia/Qyzylorda,medium_airport
DME,UUDD,Domodedovo International Airport,Moscow,RU,55.408798,37.9063,588,Europe/Moscow,large_airport
DMK,VTBD,Don Mueang International Airport,Bangkok,TH,13.9126,100.607002,9,Asia/Bangkok,large_airport
DMM,OEDF,King Fahd International Airport,Ad Dammam,SA,26.471201,49.797901,72,Asia/Riyadh,large_airport
DMN,KDMN,Deming Municipal Airport,Deming,US,32.262298584,-107.721000671,4314,America/Denver,medium_airport
DMU,VEMR,Dimapur Airport,Dimapur,IN,25.883899688699998,93.77110290530001,487,Asia/Kolkata,medium_airport
DNA,RODN,Kadena Air Base,Okinawa,JP,26.351667,127.769444,143,Asia/Tokyo,large_airport
DND,EGPN,Dundee Airport,Dundee,GB,56.45249938964844,-3.025830030441284,17,Europe/London,medium_airport
DNH,ZLDH,Dunhuang Mogao International Airport,Dunhuang,CN,40.161098,94.809196,,Asia/Shanghai,medium_airport
DNK,UKDD,Dnipro International Airport,Dnipro,UA,48.357201,35.100601,481,Europe/Kyiv,medium_airport
DNL,KDNL,Daniel Field,Augusta,US,33.4664993286,-82.0393981934,423,America/New_York,medium_airport
DNQ,YDLQ,Deniliquin Airport,Deniliquin,AU,-35.5593986511,144.945999146,316,Australia/Sydney,medium_airport
DNR,LFRD,Dinard Pleurtuit Saint-Malo airport,Dinard,FR,48.5877,-2.07996,219,Europe/Paris,medium_airport
DNZ,LTAY,Çardak Airport,Denizli,TR,37.7855987549,29.7012996674,2795,Europe/Istanbul,medium_airport
DOD,HTDO,Dodoma Airport,Dodoma,TZ,-6.17044,35.752602,3673,Africa/Dar_es_Salaam,medium_airport
DOG,HSDN,Dongola Airport,Dongola,SD,19.153900146499996,30.430099487299998,772,Africa/Khartoum,medium_airport
DOH,OTHH,Hamad International Airport,Doha,QA,25.273056,51.608056,13,Asia/Qatar,large_airport
DOL,LFRG,Deauville Normandie airport,Deauville,FR,49.365237,0.154481,479,Europe/Paris,medium_airport
DOM,TDPD,Douglas-Charles Airport,Marigot,DM,15.547,-61.299999,73,America/Dominica,medium_airport
DOV,KDOV,Dover Air Force Base,Dover,US,39.129501,-75.466003,24,America/New_York,medium_airport
DOY,ZSDY,Dongying Shengli Airport,Dongying (Kenli),CN,37.50137,118.789863,15,Asia/Shanghai,medium_airport
DPA,KDPA,Dupage Airport,Chicago/West Chicago,US,41.90779877,-88.24859619,759,America/Chicago,medium_airport
DPL,RPMG,Dipolog Airport,Dipolog,PH,8.601983,123.341875,12,Asia/Manila,medium_airport
DPO,YDPO,Devonport Airport,Devonport,AU,-41.1697006226,146.429992676,33,Australia/Melbourne,medium_airport
DPS,WADD,Denpasar I Gusti Ngurah Rai International Airport,"Kuta, Badung",ID,-8.748409,115.167123,14,Asia/Makassar,large_airport
DQM,,Duqm International Airport,Duqm,OM,19.501944,57.634167,364,Asia/Muscat,large_airport
DRA,KDRA,Desert Rock Airport,Mercury,US,36.6194,-116.032997,3314,America/Los_Angeles,medium_airport
DRB,YDBY,Derby Airport,Derby,AU,-17.37193,123.66221,24,Australia/Perth,medium_airport
DRG,PADE,Deering Airport,Deering,US,66.068901,-162.766914,21,America/Anchorage,medium_airport
DRI,KDRI,Beauregard Regional Airport,DeRidder,US,30.831699,-93.339897,202,America/Chicago,medium_airport
DRN,YDBI,Dirranbandi Airport,,AU,-28.587912,148.217161,567,Australia/Brisbane,medium_airport
DRO,KDRO,Durango La Plata County Airport,Durango,US,37.151501,-107.753998,6685,America/Denver,medium_airport
DRP,RPLK,Bicol International Airport,Legazpi,PH,13.111915,123.676829,319,Asia/Manila,medium_airport
DRS,EDDC,Dresden Airport,Dresden,DE,51.134123,13.767831,755,Europe/Berlin,medium_airport
DRT,KDRT,Del Rio International Airport,Del Rio,US,29.3742008209,-100.927001953,1002,America/Chicago,medium_airport
DRW,YPDN,Darwin International Airport / RAAF Darwin,Darwin,AU,-12.41497,130.88185,103,Australia/Darwin,large_airport
DSI,KDTS,Destin Executive Airport,Destin,US,30.400101,-86.471497,23,America/Chicago,medium_airport
DSK,OPDI,Dera Ismael Khan Airport [IN-ACTIVE],Dera Ismael Khan,PK,31.909401,70.896599,594,Asia/Karachi,medium_airport
DSM,KDSM,Des Moines International Airport,Des Moines,US,41.534,-93.663101,958,America/Chicago,medium_airport
DSN,ZBDS,Ordos Ejin Horo Airport,Ordos,CN,39.493514,109.8599,4557,Asia/Shanghai,medium_airport
DSO,ZKSD,Sondok Airport,Sŏndŏng-ni,KP,39.745201,127.473999,12,Asia/Pyongyang,medium_airport
DSS,GOBD,Blaise Diagne International Airport,Dakar,SN,14.670878,-17.072829,290,Africa/Dakar,large_airport
DTE,RPUD,Daet Airport,Daet,PH,14.1292,122.980003,10,Asia/Manila,medium_airport
DTM,EDLW,Dortmund Airport,Dortmund,DE,51.518299,7.61224,425,Europe/Berlin,medium_airport
DTU,ZYDU,Wudalianchi Dedu Airport,Heihe,CN,48.441037,126.128374,984,N/A,medium_airport
DTW,KDTW,Detroit Metropolitan Wayne County Airport,Detroit,US,42.21377,-83.353786,645,America/New_York,large_airport
DUA,KDUA,Durant Regional Airport - Eaker Field,Durant,US,33.939675,-96.395072,699,America/Chicago,medium_airport
DUB,EIDW,Dublin Airport,Dublin,IE,53.428713,-6.262121,242,Europe/Dublin,large_airport
DUD,NZDN,Dunedin International Airport,Dunedin,NZ,-45.928101,170.197998,4,Pacific/Auckland,medium_airport
DUE,FNDU,Dundo Airport,Chitato,AO,-7.400889873504639,20.818500518798828,2451,Africa/Luanda,medium_airport
DUG,KDUG,Bisbee Douglas International Airport,Douglas Bisbee,US,31.4689998627,-109.603996277,4154,America/Phoenix,medium_airport
DUJ,KDUJ,DuBois Regional Airport,Dubois,US,41.17829895,-78.8986969,1817,America/New_York,medium_airport
DUM,WIBD,Pinang Kampai Airport,Dumai,ID,1.609114,101.433492,55,Asia/Jakarta,medium_airport
DUR,FALE,King Shaka International Airport,Durban,ZA,-29.6144444444,31.1197222222,295,Africa/Johannesburg,large_airport
DUS,EDDL,Düsseldorf Airport,Düsseldorf,DE,51.289501,6.76678,147,Europe/Berlin,large_airport
DUT,PADU,Tom Madsen (Dutch Harbor) Airport,Unalaska,US,53.89881,-166.544996,22,America/Anchorage,medium_airport
DVL,KDVL,Devils Lake Regional Airport,Devils Lake,US,48.115454,-98.908796,1456,America/Chicago,medium_airport
DVO,RPMD,Francisco Bangoy International Airport,Davao,PH,7.12552,125.646004,96,Asia/Manila,large_airport
DWA,FWDW,Dwangwa Airport,Dwangwa,MW,-12.517527,34.131877,1605,N/A,medium_airport
DWC,OMDW,Al Maktoum International Airport,Jebel Ali,AE,24.896356,55.161389,114,Asia/Dubai,large_airport
DWD,,King Salman Abdulaziz Airport,Dawadmi,SA,24.4499,44.121201,3026,Asia/Riyadh,medium_airport
DXB,OMDB,Dubai International Airport,Dubai,AE,25.2527999878,55.3643989563,62,Asia/Dubai,large_airport
DXR,KDXR,Danbury Municipal Airport,Danbury,US,41.371656,-73.482227,458,America/New_York,medium_airport
DYA,YDYS,Dysart Airport,,AU,-22.6222,148.363998,670,Australia/Brisbane,medium_airport
DYR,UHMA,Ugolny Yuri Ryktheu Airport,Anadyr,RU,64.734902,177.740997,194,Asia/Anadyr,medium_airport
DYS,KDYS,Dyess Air Force Base,Abilene,US,32.420799,-99.854599,1789,America/Chicago,medium_airport
DYU,UTDD,Dushanbe International Airport,Dushanbe,TJ,38.543746,68.822977,2575,Asia/Dushanbe,medium_airport
DZA,FMCZ,Dzaoudzi Pamandzi International Airport,Dzaoudzi,YT,-12.809319,45.281815,23,Indian/Mayotte,medium_airport
DZH,ZUDA,Dazhou Jinya Airport,Dazhou (Dachuan),CN,31.048815,107.435646,1342,Asia/Shanghai,medium_airport
DZN,UAKD,Zhezkazgan National Airport,Zhezkazgan,KZ,47.708953,67.738094,1250,Asia/Almaty,medium_airport
DZO,SUDU,Santa Bernardina International Airport,Durazno,UY,-33.358898,-56.499199,305,America/Montevideo,medium_airport
EAM,OENG,Najran Domestic Airport,Najran,SA,17.611401,44.419201,3982,Asia/Riyadh,medium_airport
EAR,KEAR,Kearney Regional Airport,Kearney,US,40.727001,-99.006798,2131,America/Chicago,medium_airport
EAS,LESO,San Sebastián Airport,Hondarribia,ES,43.356499,-1.79061,16,Europe/Madrid,medium_airport
EAT,KEAT,Pangborn Memorial Airport,Wenatchee,US,47.398899,-120.207001,1249,America/Los_Angeles,medium_airport
EAU,KEAU,Chippewa Valley Regional Airport,Eau Claire,US,44.86579895019531,-91.48429870605469,913,America/Chicago,medium_airport
EBA,LIRJ,Marina di Campo Airport,Campo nell'Elba (LI),IT,42.760871,10.239811,31,Europe/Rome,medium_airport
EBB,HUEN,Entebbe International Airport,Kampala,UG,0.042386,32.443501,3782,Africa/Kampala,large_airport
EBD,HSOB,El-Obeid Airport,El-Obeid,SD,13.1532,30.2327,1927,Africa/Khartoum,medium_airport
EBG,SKEB,El Bagre Airport,El Bagre,CO,7.59647,-74.8089,180,America/Bogota,medium_airport
EBJ,EKEB,Esbjerg Airport,Esbjerg,DK,55.525902,8.5534,97,Europe/Copenhagen,medium_airport
EBL,ORER,Erbil International Airport,Arbil,IQ,36.23759841918945,43.963199615478516,1341,Asia/Baghdad,medium_airport
EBM,DTTR,El Borma Airport,El Borma,TN,31.7043,9.25462,827,Africa/Tunis,medium_airport
EBU,LFMH,Saint-Étienne-Bouthéon Airport,"Andrézieux-Bouthéon, Loire",FR,45.5406,4.29639,1325,Europe/Paris,medium_airport
ECG,KECG,Elizabeth City Regional Airport & Coast Guard Air Station,Elizabeth City,US,36.260601,-76.174599,11,America/New_York,medium_airport
ECH,YECH,Echuca Airport,,AU,-36.15719985961914,144.76199340820312,323,Australia/Melbourne,medium_airport
ECN,LCEN,Nicosia (Lefkoşa) Ercan International Airport,Tymbou (Kirklar),CY,35.152337,33.506584,404,Asia/Nicosia,medium_airport
ECP,KECP,Northwest Florida Beaches International Airport,Panama City Beach,US,30.357106,-85.795414,69,America/Chicago,medium_airport
EDF,PAED,Elmendorf Air Force Base,Anchorage,US,61.251709,-149.807097,212,America/Anchorage,medium_airport
EDI,EGPH,Edinburgh Airport,Edinburgh,GB,55.950145,-3.372288,135,Europe/London,large_airport
EDL,HKEL,Eldoret International Airport,Eldoret,KE,0.4044579863548279,35.23889923095703,6941,Africa/Nairobi,medium_airport
EDM,LFRI,La Roche-sur-Yon Les Ajoncs Airport,La Roche-sur-Yon,FR,46.7019,-1.37863,299,Europe/Paris,medium_airport
EDO,LTFD,Balıkesir Koca Seyit Airport,Edremit,TR,39.5546,27.0138,50,Europe/Istanbul,medium_airport
EDW,KEDW,Edwards Air Force Base,Edwards,US,34.910781,-117.886391,2312,America/Los_Angeles,medium_airport
EEA,SNCP,Planalto Serrano Regional Airport,Correia Pinto,BR,-27.634128,-50.358253,2887,N/A,medium_airport
EED,KEED,Needles Airport,Needles,US,34.7663002014,-114.623001099,983,America/Los_Angeles,medium_airport
EEN,KEEN,Dillant Hopkins Airport,Keene,US,42.898399,-72.270798,488,America/New_York,medium_airport
EES,HEBR,Berenice International Airport / Banas Cape Air Base,Berenice Troglodytica,EG,23.980437,35.460277,108,N/A,medium_airport
EFD,KEFD,Ellington Airport,Houston,US,29.607299804700002,-95.1587982178,32,America/Chicago,medium_airport
EFL,LGKF,Kefallinia Airport,Kefallinia Island,GR,38.12009811401367,20.500499725341797,59,Europe/Athens,medium_airport
EGC,LFBE,Bergerac Dordogne-Périgord airport,Bergerac,FR,44.825298,0.518611,171,Europe/Paris,medium_airport
EGE,KEGE,Eagle County Regional Airport,Eagle,US,39.64260101,-106.9179993,6548,America/Denver,medium_airport
EGH,HEGR,El Jora Airport,El Jora,EG,31.078138,34.153131,331,N/A,medium_airport
EGI,KEGI,Duke Field,Crestview,US,30.65040016,-86.52290344,191,America/Chicago,medium_airport
EGO,UUOB,Belgorod International Airport,Belgorod,RU,50.643798828125,36.5900993347168,735,Europe/Moscow,medium_airport
EGS,BIEG,Egilsstaðir Airport,Egilsstaðir,IS,65.2833023071289,-14.401399612426758,76,Atlantic/Reykjavik,medium_airport
EGX,PAII,Egegik Airport,Egegik,US,58.184386,-157.374873,92,America/Anchorage,medium_airport
EHL,SAVB,El Bolsón Airfield,El Bolsón,AR,-41.943199,-71.532303,1141,America/Argentina/Salta,medium_airport
EHM,PAEH,Cape Newenham LRRS Airport,Cape Newenham,US,58.646400451699996,-162.06300354,541,America/Anchorage,medium_airport
EHU,ZHEC,Ezhou Huahu Airport,Ezhou,CN,30.341178,115.03926,86,Asia/Shanghai,large_airport
EIB,EDGE,Eisenach-Kindel Airport,Hörselberg-Hainich,DE,50.991604,10.47973,1112,Europe/Berlin,medium_airport
EIE,UNII,Yeniseysk Airport,Yeniseysk,RU,58.474201,92.112503,253,Asia/Krasnoyarsk,medium_airport
EIK,,Yeysk Airport,Yeysk,RU,46.68,38.21,60,Europe/Moscow,medium_airport
EIL,PAEI,Eielson Air Force Base,Fairbanks,US,64.66570282,-147.102005,547,America/Anchorage,medium_airport
EIN,EHEH,Eindhoven Airport,Eindhoven,NL,51.4500999451,5.37452983856,74,Europe/Amsterdam,large_airport
EIS,TUPJ,Terrance B. Lettsome International Airport,Beef Island,VG,18.445492,-64.541707,15,America/Tortola,medium_airport
EJA,SKEJ,Yariguíes Airport,Barrancabermeja,CO,7.02433,-73.8068,412,America/Bogota,medium_airport
EJH,OEWJ,Al Wajh Domestic Airport,Al Wajh,SA,26.198601,36.476398,66,Asia/Riyadh,medium_airport
EKA,KEKA,Murray Field,Eureka,US,40.803398,-124.112999,7,America/Los_Angeles,medium_airport
EKB,UASB,Ekibastuz Airport,Ekibastuz,KZ,51.590999603271484,75.21499633789062,621,N/A,medium_airport
EKN,KEKN,Elkins-Randolph County Regional Airport,Elkins,US,38.889759,-79.857651,1987,America/New_York,medium_airport
EKO,KEKO,Elko Regional Airport,Elko,US,40.82490158081055,-115.79199981689453,5140,America/Los_Angeles,medium_airport
EKT,ESSU,Eskilstuna Airport,Eskilstuna,SE,59.351101,16.708401,139,Europe/Stockholm,medium_airport
ELB,SKBC,Las Flores Airport,El Banco,CO,9.04554,-73.9749,111,America/Bogota,medium_airport
ELC,YELD,Elcho Island Airport,Elcho Island,AU,-12.019399642899998,135.570999146,101,Australia/Darwin,medium_airport
ELD,KELD,South Arkansas Regional Airport at Goodwin Field,El Dorado,US,33.221001,-92.813301,277,America/Chicago,medium_airport
ELF,HSFS,El Fasher Airport,El Fasher,SD,13.614899635314941,25.324600219726562,2393,Africa/Khartoum,medium_airport
ELG,DAUE,El Golea Airport,El Menia,DZ,30.580732,2.861595,1306,Africa/Algiers,medium_airport
ELH,MYEH,North Eleuthera Airport,North Eleuthera,BS,25.474899292,-76.6835021973,13,America/Nassau,medium_airport
ELM,KELM,Elmira Corning Regional Airport,Elmira/Corning,US,42.1599006652832,-76.8916015625,954,America/New_York,medium_airport
ELP,KELP,El Paso International Airport,El Paso,US,31.807199,-106.377998,3959,America/Denver,medium_airport
ELQ,OEGS,Gassim Airport,Buraidah,SA,26.302799,43.774399,2126,Asia/Riyadh,medium_airport
ELS,FAEL,King Phalo Airport,East London,ZA,-33.035599,27.825899,435,Africa/Johannesburg,medium_airport
ELU,DAUO,Guemar Airport - مطار قمار بالوادي,Guemar,DZ,33.511398,6.77679,203,Africa/Algiers,medium_airport
ELY,KELY,Ely Airport Yelland Field,Ely,US,39.29970169,-114.8420029,6259,America/Los_Angeles,medium_airport
EMA,EGNX,East Midlands Airport,Nottingham,GB,52.8311,-1.32806,306,Europe/London,medium_airport
EMD,YEML,Emerald Airport,Emerald,AU,-23.5674991608,148.179000854,624,Australia/Brisbane,medium_airport
EMK,PAEM,Emmonak Airport,Emmonak,US,62.78609848,-164.4909973,13,America/Anchorage,medium_airport
EML,LSME,Emmen Air Base,Emmen,CH,47.092444,8.305184,1400,Europe/Zurich,medium_airport
ENA,PAEN,Kenai Municipal Airport,Kenai,US,60.570946,-151.245174,99,America/Anchorage,medium_airport
ENC,LFSN,Nancy-Essey Airport,"Tomblaine, Meurthe-et-Moselle",FR,48.692101,6.23046,751,Europe/Paris,medium_airport
END,KEND,Vance Air Force Base,Enid,US,36.339199,-97.916496,1307,America/Chicago,medium_airport
ENF,EFET,Enontekio Airport,Enontekio,FI,68.362602233887,23.424299240112,1005,Europe/Helsinki,medium_airport
ENH,ZHES,Enshi Xujiaping Airport,Enshi (Enshi),CN,30.320299,109.485001,1605,Asia/Shanghai,medium_airport
ENK,EGAB,Enniskillen/St Angelo Airport,"Enniskillen, Fermanagh and Omagh",GB,54.398274,-7.651179,155,Europe/London,medium_airport
ENN,PANN,Nenana Municipal Airport,Nenana,US,64.548772,-149.074516,362,America/Anchorage,medium_airport
ENO,SGEN,Aeropuerto Internacional Tte. Amín Ayub González,Encarnación,PY,-27.227537,-55.837584,659,America/Asuncion,large_airport
ENS,EHTW,Twente Airport,Enschede,NL,52.275833,6.889167,114,Europe/Amsterdam,medium_airport
ENU,DNEN,Akanu Ibiam International Airport,Enegu,NG,6.474269866943359,7.561960220336914,466,Africa/Lagos,medium_airport
ENV,KENV,Wendover Airport,Wendover,US,40.7187004089,-114.03099823,4237,America/Denver,medium_airport
ENW,KENW,Kenosha Regional Airport,Kenosha,US,42.59569931,-87.92780304,742,America/Chicago,medium_airport
ENY,ZLYA,Yan'an Nanniwan Airport,Yan'an (Baota),CN,36.479413,109.464083,,Asia/Shanghai,medium_airport
EOH,SKMD,Enrique Olaya Herrera Airport,Medellín,CO,6.219686,-75.590597,4949,America/Bogota,medium_airport
EOI,EGED,Eday Airport,Eday,GB,59.19060134887695,-2.7722198963165283,10,Europe/London,medium_airport
EOR,SVED,El Dorado Airport,Bolivar,VE,6.71573,-61.638786,318,America/Caracas,medium_airport
EOZ,SVEZ,Elorza Airport,,VE,7.059677,-69.4967,295,America/Caracas,medium_airport
EPA,SADP,El Palomar Airport,El Palomar,AR,-34.6099,-58.6126,59,America/Argentina/Buenos_Aires,medium_airport
EPL,LFSG,Épinal Mirecourt Airport,Épinal,FR,48.325001,6.06998,1084,Europe/Paris,medium_airport
EPR,YESP,Esperance Airport,Esperance,AU,-33.684399,121.822998,470,Australia/Perth,medium_airport
EPU,EEPU,Pärnu Airport,Pärnu,EE,58.41899871826172,24.47279930114746,47,Europe/Tallinn,medium_airport
EQS,SAVE,Esquel Brigadier Antonio Parodi International Airport,Esquel,AR,-42.908001,-71.139503,2621,America/Argentina/Catamarca,medium_airport
ERC,LTCD,Erzincan Airport,Erzincan,TR,39.7102012634,39.527000427199994,3783,Europe/Istanbul,medium_airport
ERD,UKDB,Berdyansk Airport,Berdyansk,UA,46.814999,36.758099,171,Europe/Zaporozhye,medium_airport
ERF,EDDE,Erfurt-Weimar Airport,Erfurt,DE,50.979801,10.9581,1036,Europe/Berlin,medium_airport
ERH,GMFK,Moulay Ali Cherif Airport,Errachidia,MA,31.9475002289,-4.39833021164,3428,Africa/Casablanca,medium_airport
ERI,KERI,Erie International Tom Ridge Field,Erie,US,42.083127,-80.173867,732,America/New_York,medium_airport
ERL,ZBER,Erenhot Saiwusu International Airport,Erenhot,CN,43.4225,112.096667,3301,Asia/Shanghai,medium_airport
ERS,FYWE,Eros Airport,Windhoek,NA,-22.612199783325195,17.080400466918945,5575,Africa/Windhoek,medium_airport
ERZ,LTCE,Erzurum International Airport,Erzurum,TR,39.956501,41.1702,5763,Europe/Istanbul,medium_airport
ESB,LTAC,Esenboğa International Airport,Ankara,TR,40.128101,32.995098,3125,Europe/Istanbul,large_airport
ESC,KESC,Delta County Airport,Escanaba,US,45.723199,-87.088623,609,America/New_York,medium_airport
ESD,KORS,Orcas Island Airport,Eastsound,US,48.708199,-122.910004,31,America/Los_Angeles,medium_airport
ESF,KESF,Esler Army Airfield / Esler Regional Airport,Alexandria,US,31.394266,-92.294082,112,America/Chicago,medium_airport
ESG,SGME,Aeropuerto Internacional Dr. Luis Maria Argaña,Mariscal Estigarribia,PY,-22.046499,-60.6217,553,America/Asuncion,large_airport
ESH,EGKA,Brighton City Airport,"Brighton, East Sussex",GB,50.835602,-0.297222,7,Europe/London,medium_airport
ESK,LTBI,Eskişehir Air Base,Eskişehir,TR,39.7841,30.5821,2581,Europe/Istanbul,medium_airport
ESL,URWI,Elista Airport,Elista,RU,46.3739013671875,44.33089828491211,501,Europe/Moscow,medium_airport
ESM,SETN,Carlos Concha Torres International Airport,Tachina,EC,0.978519,-79.626602,32,America/Guayaquil,medium_airport
ESR,SCES,Ricardo García Posada Airport,El Salvador,CL,-26.3111,-69.765198,5240,America/Santiago,medium_airport
ESU,GMMI,Essaouira-Mogador Airport,Essaouira,MA,31.397499,-9.68167,384,Africa/Casablanca,medium_airport
ETM,LLER,Ramon International Airport,Eilat,IL,29.727009,35.014116,288,Asia/Jerusalem,large_airport
ETR,SERO,Santa Rosa - Artillery Colonel Victor Larrea International Airport,Santa Rosa,EC,-3.441986,-79.996957,20,America/Guayaquil,medium_airport
ETZ,LFJL,Metz-Nancy-Lorraine Airport,Goin,FR,48.982101,6.25132,870,Europe/Paris,medium_airport
EUG,KEUG,Mahlon Sweet Field,Eugene,US,44.12459945678711,-123.21199798583984,374,America/Los_Angeles,medium_airport
EUN,GMML,Hassan I Airport,El Aaiún,EH,27.142467,-13.224947,207,Africa/Casablanca,medium_airport
EUQ,RPVS,Evelio Javier Airport,San Jose,PH,10.766644,121.932506,23,Asia/Manila,medium_airport
EUX,TNCE,F. D. Roosevelt Airport,Oranjestad,BQ,17.4965,-62.979401,129,America/Kralendijk,medium_airport
EVE,ENEV,"Harstad/Narvik Airport, Evenes",Evenes,NO,68.491302490234,16.678100585938,84,Europe/Oslo,medium_airport
EVN,UDYZ,Zvartnots International Airport,Yerevan,AM,40.1473007202,44.3959007263,2838,Asia/Yerevan,large_airport
EVV,KEVV,Evansville Regional Airport,Evansville,US,38.0369987488,-87.5324020386,418,America/Chicago,medium_airport
EVW,KEVW,Evanston-Uinta County Airport-Burns Field,Evanston,US,41.27479935,-111.0350037,7143,America/Denver,medium_airport
EVX,LFOE,Évreux-Fauville (BA 105) Air Base,"Fauville, Eure",FR,49.028702,1.21986,464,Europe/Paris,medium_airport
EWB,KEWB,New Bedford Regional Airport,New Bedford,US,41.67610168457031,-70.95690155029297,80,America/New_York,medium_airport
EWN,KEWN,Coastal Carolina Regional Airport,New Bern,US,35.0730018616,-77.04290008539999,18,America/New_York,medium_airport
EWR,KEWR,Newark Liberty International Airport,Newark,US,40.692501,-74.168701,18,America/New_York,large_airport
EXT,EGTE,Exeter International Airport,"Exeter, Devon",GB,50.734261,-3.413984,102,Europe/London,medium_airport
EYK,USHQ,Beloyarskiy Airport,,RU,63.686901,66.698601,82,N/A,medium_airport
EYP,SKYP,El Alcaravan - Yopal Airport,Yopal,CO,5.31911,-72.384,1028,America/Bogota,medium_airport
EYW,KEYW,Key West International Airport,Key West,US,24.556101,-81.759598,3,America/New_York,medium_airport
EZE,SAEZ,Minister Pistarini International Airport,Buenos Aires (Ezeiza),AR,-34.8222,-58.5358,67,America/Argentina/Buenos_Aires,large_airport
EZS,LTCA,Elazığ Airport,Elazığ,TR,38.597974,39.28348,2927,Europe/Istanbul,medium_airport
EZV,,Berezovo Airport,,RU,63.92100143432617,65.03050231933594,98,Asia/Yekaterinburg,medium_airport
FAB,EGLF,Farnborough Airport,"Farnborough, Hampshire",GB,51.275799,-0.776333,238,Europe/London,medium_airport
FAE,EKVG,Vágar Airport,Vágar,FO,62.063256,-7.275782,280,Atlantic/Faroe,medium_airport
FAF,KFAF,Felker Army Air Field,Newport News (Fort Eustis),US,37.1325,-76.608803,12,America/New_York,medium_airport
FAI,PAFA,Fairbanks International Airport,Fairbanks,US,64.815102,-147.856003,439,America/Anchorage,medium_airport
FAO,LPFR,Faro Airport,Faro,PT,37.0144004822,-7.96590995789,24,Europe/Lisbon,large_airport
FAR,KFAR,Hector International Airport,Fargo,US,46.92070007324219,-96.81580352783203,902,America/Chicago,medium_airport
FAT,KFAT,Fresno Yosemite International Airport,Fresno,US,36.776199,-119.718002,336,America/Los_Angeles,medium_airport
FAV,NTGF,Fakarava Airport,,PF,-16.054100036621094,-145.65699768066406,13,Pacific/Tahiti,medium_airport
FAY,KFAY,Fayetteville Regional Airport - Grannis Field,Fayetteville,US,34.991199,-78.880302,189,America/New_York,medium_airport
FAZ,OISF,Fasa Airport,Fasa,IR,28.8918,53.723301,4261,Asia/Tehran,medium_airport
FBG,KFBG,Simmons Army Air Field,Fort Bragg,US,35.13180161,-78.93669891,244,America/New_York,medium_airport
FBK,PAFB,Ladd Army Airfield,Fairbanks,US,64.837502,-147.613998,454,America/Anchorage,medium_airport
FBM,FZQA,Lubumbashi International Airport,Lubumbashi,CD,-11.5913000107,27.5308990479,4295,Africa/Lubumbashi,medium_airport
FCA,KGPI,Glacier Park International Airport,Kalispell,US,48.31050109863281,-114.25599670410156,2977,America/Denver,medium_airport
FCB,FAFB,Ficksburg Sentraoes Airport,Ficksburg,ZA,-28.82309913635254,27.908899307250977,5315,Africa/Johannesburg,medium_airport
FCN,ETMN,Sea-Airport Cuxhaven/Nordholz / Nordholz Naval Airbase,Wurster Nordseeküste,DE,53.767689,8.659201,74,N/A,medium_airport
FCO,LIRF,Rome–Fiumicino Leonardo da Vinci International Airport,Rome,IT,41.804532,12.251998,13,Europe/Rome,large_airport
FCS,KFCS,Butts AAF (Fort Carson) Air Field,Fort Carson,US,38.67839813,-104.7570038,5838,America/Denver,medium_airport
FDF,TFFF,Martinique Aimé Césaire International Airport,Fort-de-France,MQ,14.591,-61.003201,16,America/Martinique,large_airport
FDH,EDNY,Friedrichshafen Airport,Friedrichshafen,DE,47.671299,9.51149,1367,Europe/Berlin,medium_airport
FDU,FZBO,Bandundu Airport,Bandundu,CD,-3.31132,17.381701,1063,Africa/Kinshasa,medium_airport
FDY,KFDY,Findlay Airport,Findlay,US,41.013500213600004,-83.66870117190001,813,America/New_York,medium_airport
FEG,UZFF,Fergana International Airport,Fergana,UZ,40.358799,71.745003,1980,Asia/Tashkent,medium_airport
FEN,SBFN,Fernando de Noronha Airport,Fernando de Noronha,BR,-3.854471,-32.423302,193,America/Fortaleza,medium_airport
FEZ,GMFF,Fes Saïss International Airport,Saïss,MA,33.927299,-4.97796,1900,Africa/Casablanca,large_airport
FFD,EGVA,RAF Fairford,"Fairford, Gloucestershire",GB,51.683568,-1.789172,286,Europe/London,medium_airport
FFO,KFFO,Wright-Patterson Air Force Base,Dayton,US,39.826099,-84.048302,823,America/New_York,medium_airport
FGU,NTGB,Fangatau Airport,Fangatau,PF,-15.820044,-140.888071,9,Pacific/Tahiti,medium_airport
FHU,KFHU,Sierra Vista Municipal Airport / Libby Army Air Field,Fort Huachuca / Sierra Vista,US,31.587383,-110.348225,4719,America/Phoenix,medium_airport
FIH,FZAA,Ndjili International Airport,Kinshasa,CD,-4.38575,15.4446,1027,Africa/Kinshasa,large_airport
FIZ,YFTZ,Fitzroy Crossing Airport,,AU,-18.183596,125.559783,368,Australia/Perth,medium_airport
FJR,OMFJ,Fujairah International Airport,Fujairah,AE,25.1122,56.324001,152,Asia/Dubai,medium_airport
FKB,EDSB,Karlsruhe Baden-Baden Airport,Rheinmünster,DE,48.7794,8.0805,408,Europe/Berlin,medium_airport
FKI,FZIC,Bangoka International Airport,Kisangani,CD,0.481638997793,25.3379993439,1417,Africa/Lubumbashi,medium_airport
FKJ,RJNF,Fukui Airport,Fukui,JP,36.142799,136.223999,19,Asia/Tokyo,medium_airport
FKL,KFKL,Venango Regional Airport,Franklin,US,41.3778991699,-79.8603973389,1540,America/New_York,medium_airport
FKQ,WASF,Fakfak Airport,Fakfak,ID,-2.920508,132.267011,462,Asia/Jayapura,medium_airport
FKS,RJSF,Fukushima Airport,Sukagawa,JP,37.22740173339844,140.43099975585938,1221,Asia/Tokyo,medium_airport
FLA,SKFL,Gustavo Artunduaga Paredes Airport,Florencia,CO,1.58919,-75.5644,803,America/Bogota,medium_airport
FLG,KFLG,Flagstaff Pulliam International Airport,Flagstaff,US,35.1385,-111.670998,7014,America/Phoenix,medium_airport
FLL,KFLL,Fort Lauderdale Hollywood International Airport,Fort Lauderdale,US,26.072599,-80.152702,9,America/New_York,large_airport
FLN,SBFL,Hercílio Luz International Airport,Florianópolis,BR,-27.670279,-48.552502,16,America/Sao_Paulo,large_airport
FLO,KFLO,Florence Regional Airport,Florence,US,34.18539810180664,-79.7238998413086,146,America/New_York,medium_airport
FLR,LIRQ,"Florence Airport, Peretola",Firenze (FI),IT,43.808558,11.202822,142,Europe/Rome,large_airport
FLW,LPFL,Flores Airport,Santa Cruz das Flores,PT,39.455299377441406,-31.131399154663086,112,Atlantic/Azores,medium_airport
FLZ,WIMS,Dr. Ferdinand Lumban Tobing Airport,Sibolga (Pinangsori),ID,1.557127,98.887145,33,Asia/Jakarta,medium_airport
FMA,SARF,Formosa National Airport,Formosa,AR,-26.2127,-58.2281,193,America/Argentina/Cordoba,medium_airport
FME,KFME,Fort Meade Executive Airport,Fort Meade(Odenton),US,39.0854,-76.759399,150,America/New_York,medium_airport
FMI,FZRF,Kalemie Airport,Kalemie,CD,-5.87556,29.25,2569,Africa/Lubumbashi,medium_airport
FMM,EDJA,Memmingen Allgau Airport,Memmingen,DE,47.988800048799995,10.2395000458,2077,Europe/Berlin,medium_airport
FMN,KFMN,Four Corners Regional Airport,Farmington,US,36.741199,-108.230003,5506,America/Denver,medium_airport
FMO,EDDG,Münster Osnabrück Airport,Greven,DE,52.134602,7.68483,160,Europe/Berlin,medium_airport
FMY,KFMY,Page Field,Fort Myers,US,26.58659935,-81.86329650879999,17,America/New_York,medium_airport
FNA,GFLL,Lungi International Airport,Freetown (Lungi-Town),SL,8.61644,-13.1955,84,Africa/Freetown,large_airport
FNB,EDBN,Neubrandenburg Trollenhagen Airport,Trollenhagen,DE,53.6022,13.306,228,Europe/Berlin,medium_airport
FNC,LPMA,Madeira International Airport Cristiano Ronaldo,Funchal,PT,32.697899,-16.7745,192,Europe/Lisbon,large_airport
FNI,LFTW,Nîmes-Arles-Camargue Airport,Nîmes/Garons,FR,43.757401,4.41635,309,Europe/Paris,medium_airport
FNJ,ZKPY,Pyongyang Sunan International Airport,Pyongyang,KP,39.224098,125.669998,117,Asia/Pyongyang,large_airport
FNL,KFNL,Northern Colorado Regional Airport,Loveland,US,40.44969,-105.011272,5016,America/Denver,medium_airport
FNT,KFNT,Bishop International Airport,Flint,US,42.96540069580078,-83.74359893798828,782,America/New_York,medium_airport
FOC,ZSFZ,Fuzhou Changle International Airport,Fuzhou (Changle),CN,25.934669,119.66318,46,Asia/Shanghai,large_airport
FOD,KFOD,Fort Dodge Regional Airport,Fort Dodge,US,42.552624,-94.191237,1156,America/Chicago,medium_airport
FOE,KFOE,Topeka Regional Airport,Topeka,US,38.950901,-95.663597,1078,America/Chicago,medium_airport
FOG,LIBF,Foggia Gino Lisa Airport,Foggia (FG),IT,41.433596,15.534566,265,Europe/Rome,medium_airport
FOM,FKKM,Foumban Nkounja Airport,Foumban,CM,5.63692,10.7508,3963,Africa/Douala,medium_airport
FOR,SBFZ,Pinto Martins International Airport,Fortaleza,BR,-3.775833,-38.532222,83,America/Fortaleza,large_airport
FOS,YFRT,Forrest Airport,,AU,-30.83662,128.112811,511,Australia/Perth,medium_airport
FPO,MYGF,Grand Bahama International Airport,Freeport,BS,26.5587005615,-78.695602417,7,America/Nassau,medium_airport
FPR,KFPR,Treasure Coast International Airport,Fort Pierce,US,27.4951,-80.368301,24,America/New_York,medium_airport
FRA,EDDF,Frankfurt Airport,Frankfurt am Main,DE,50.030241,8.561096,364,Europe/Berlin,large_airport
FRB,YFBS,Forbes Airport,Forbes,AU,-33.363602,147.934998,760,Australia/Sydney,medium_airport
FRD,KFHR,Friday Harbor Airport,Friday Harbor,US,48.523654,-123.024645,113,America/Los_Angeles,medium_airport
FRG,KFRG,Republic Airport,Farmingdale,US,40.7288017273,-73.4133987427,82,America/New_York,medium_airport
FRI,KFRI,Marshall Army Air Field,Fort Riley (Junction City),US,39.053021,-96.764202,1065,America/Chicago,medium_airport
FRL,LIPK,Forlì Luigi Ridolfi Airport,Forlì (FC),IT,44.194801,12.0701,97,Europe/Rome,medium_airport
FRO,ENFL,Florø Airport,Florø,NO,61.583599090576,5.0247201919556,37,Europe/Oslo,medium_airport
FRS,,Mundo Maya International Airport,San Benito,GT,16.913799,-89.866402,427,America/Guatemala,medium_airport
FRW,FBPM,P G Matante Intl,Francistown,BW,-21.15914,27.468545,3283,Africa/Gaborone,medium_airport
FRZ,ETHF,Fritzlar Army Airfield,Fritzlar,DE,51.1146,9.286,565,Europe/Berlin,medium_airport
FSC,LFKF,Figari Sud-Corse Airport,Figari,FR,41.500599,9.09778,85,Europe/Paris,medium_airport
FSD,KFSD,Sioux Falls Regional Airport / Joe Foss Field,Sioux Falls,US,43.585463,-96.741152,1429,America/Chicago,medium_airport
FSI,KFSI,Henry Post Army Air Field,Fort Sill,US,34.649799,-98.402199,1189,America/Chicago,medium_airport
FSM,KFSM,Fort Smith Regional Airport,Fort Smith,US,35.336601,-94.367401,469,America/Chicago,medium_airport
FSP,LFVP,St Pierre Airport,Saint-Pierre,PM,46.762901306152344,-56.173099517822266,27,America/Miquelon,medium_airport
FST,KFST,Fort Stockton Pecos County Airport,Fort Stockton,US,30.9157009125,-102.916000366,3011,America/Chicago,medium_airport
FSZ,RJNS,Mount Fuji Shizuoka Airport,Makinohara / Shimada,JP,34.796043,138.187752,433,Asia/Tokyo,medium_airport
FTE,,El Calafate - Commander Armando Tola International Airport,El Calafate,AR,-50.2803,-72.053101,669,America/Argentina/Rio_Gallegos,medium_airport
FTK,KFTK,Godman Army Air Field,Fort Knox,US,37.907100677500004,-85.9720993042,756,America/New_York,medium_airport
FTU,FMSD,Tôlanaro Airport,Tôlanaro,MG,-25.038099,46.9561,29,Indian/Antananarivo,medium_airport
FTW,KFTW,Fort Worth Meacham International Airport,Fort Worth,US,32.819801,-97.362396,710,America/Chicago,medium_airport
FTX,FCOO,Owando Airport,Owando,CG,-0.524566,15.93782,1214,Africa/Brazzaville,medium_airport
FTY,KFTY,Fulton County Airport Brown Field,Atlanta,US,33.7790985107,-84.5214004517,841,America/New_York,medium_airport
FUE,GCFV,Fuerteventura Airport,El Matorral,ES,28.4527,-13.8638,85,Atlantic/Canary,large_airport
FUG,ZSFY,Fuyang Xiguan Airport,"Yingzhou, Fuyang",CN,32.882157,115.734364,104,Asia/Shanghai,medium_airport
FUJ,RJFE,Fukue Airport,Goto,JP,32.666302,128.832993,273,Asia/Tokyo,medium_airport
FUK,RJFF,Fukuoka Airport,Fukuoka,JP,33.585899353027344,130.4510040283203,32,Asia/Tokyo,large_airport
FUN,NGFU,Funafuti International Airport,Funafuti,TV,-8.525,179.195999,9,Pacific/Funafuti,medium_airport
FUO,ZGFS,Foshan Shadi Airport,Foshan (Nanhai),CN,23.0825,113.070833,6,Asia/Shanghai,medium_airport
FWA,KFWA,Fort Wayne International Airport,Fort Wayne,US,40.9785,-85.195099,814,America/New_York,medium_airport
FWH,KNFW,NAS Fort Worth JRB / Carswell Field,Fort Worth,US,32.769199,-97.441498,650,America/Chicago,medium_airport
FXE,KFXE,Fort Lauderdale Executive Airport,Fort Lauderdale,US,26.1972999573,-80.1707000732,13,America/New_York,medium_airport
FYJ,ZYFY,Fuyuan Dongji Airport,Fuyuan,CN,48.197219,134.36298,,N/A,medium_airport
FYN,ZWFY,Fuyun Koktokay Airport,Fuyun,CN,46.804169,89.512006,3081,N/A,medium_airport
FYT,FTTY,Faya-Largeau Airport,Faya-Largeau,TD,17.917101,19.111099,771,Africa/Ndjamena,medium_airport
FYU,PFYU,Fort Yukon Airport,Fort Yukon,US,66.571651,-145.249987,433,America/Anchorage,medium_airport
FYV,KFYV,Drake Field,Fayetteville,US,36.00510025024414,-94.17009735107422,1251,America/Chicago,medium_airport
GAE,DTTG,Gabès Matmata International Airport,Gabès,TN,33.733691,9.91941,407,Africa/Tunis,medium_airport
GAF,DTTF,Gafsa Ksar International Airport,Gafsa,TN,34.422000885009766,8.822500228881836,1060,Africa/Tunis,medium_airport
GAJ,RJSC,Yamagata Airport,Higashine,JP,38.4119,140.371002,353,Asia/Tokyo,medium_airport
GAL,PAGA,Edward G. Pitka Sr Airport,Galena,US,64.736198,-156.936997,153,America/Anchorage,medium_airport
GAM,PAGM,Gambell Airport,Gambell,US,63.767694,-171.733303,27,America/Anchorage,medium_airport
GAN,VRMG,Gan International Airport,Gan,MV,-0.692694,73.151557,6,Indian/Maldives,medium_airport
GAO,MUGT,Mariana Grajales Airport,Guantánamo,CU,20.0853,-75.158302,56,America/Havana,medium_airport
GAQ,GAGO,Gao Airport,,ML,16.2484,-0.005456,870,Africa/Bamako,medium_airport
GAU,VEGT,Lokpriya Gopinath Bordoloi International Airport,Guwahati,IN,26.10610008239746,91.58589935302734,162,Asia/Kolkata,medium_airport
GAY,VEGY,Gaya Airport,Gaya,IN,24.744301,84.951202,380,Asia/Kolkata,medium_airport
GBB,UBBQ,Gabala International Airport,Gabala,AZ,40.808617,47.725389,935,Asia/Baku,medium_airport
GBE,FBSK,Sir Seretse Khama International Airport,Gaborone,BW,-24.555201,25.9182,3299,Africa/Gaborone,large_airport
GBJ,TFFM,Marie-Galante Airport,Grand-Bourg,GP,15.868925,-61.270087,16,America/Guadeloupe,medium_airport
GBT,OING,Gorgan Airport,Gorgan,IR,36.909400939899996,54.4012985229,-24,Asia/Tehran,medium_airport
GCC,KGCC,Northeast Wyoming Regional Airport,Gillette,US,44.3489,-105.539001,4365,America/Denver,medium_airport
GCH,OIAH,Gachsaran Airport,Gachsaran,IR,30.333869,50.833796,2414,Asia/Tehran,medium_airport
GCI,EGJB,Guernsey Airport,Saint Peter Port,GG,49.435001,-2.60197,336,Europe/Guernsey,medium_airport
GCJ,FAGC,Grand Central Airport,Midrand,ZA,-25.986299514799995,28.1401004791,5325,Africa/Johannesburg,medium_airport
GCK,KGCK,Garden City Regional Airport,Garden City,US,37.9275016785,-100.723999023,2891,America/Chicago,medium_airport
GCM,MWCR,Owen Roberts International Airport,George Town,KY,19.292801,-81.357697,8,America/Cayman,large_airport
GCN,KGCN,Grand Canyon National Park Airport,Grand Canyon - Tusayan,US,35.9524,-112.147003,6609,America/Phoenix,medium_airport
GDB,VAGD,Gondia Airport,Gondia,IN,21.526817,80.290347,987,N/A,medium_airport
GDE,HAGO,Gode Airport,Gode,ET,5.93513011932,43.5786018372,834,Africa/Addis_Ababa,medium_airport
GDL,MMGL,Guadalajara International Airport,Guadalajara,MX,20.523342,-103.310108,5016,America/Mexico_City,large_airport
GDN,EPGD,Gdańsk Lech Wałęsa Airport,Gdańsk,PL,54.377602,18.4662,489,Europe/Warsaw,large_airport
GDO,SVGD,Guasdualito Airport,Guasdualito,VE,7.210834,-70.756386,427,America/Caracas,medium_airport
GDQ,HAGN,Gondar Airport,Azezo,ET,12.5199,37.433998,6449,Africa/Addis_Ababa,medium_airport
GDT,MBGT,JAGS McCartney International Airport,Cockburn Town,TC,21.4445,-71.142303,13,America/Grand_Turk,medium_airport
GDV,KGDV,Dawson Community Airport,Glendive,US,47.137658,-104.80691,2458,America/Denver,medium_airport
GDX,UHMM,Sokol Airport,Magadan,RU,59.9109992980957,150.72000122070312,574,Asia/Magadan,medium_airport
GDZ,URKG,Gelendzhik Airport,Gelendzhik,RU,44.5820926295,38.0124807358,98,Europe/Moscow,medium_airport
GEA,NWWM,Nouméa Magenta Airport,Nouméa,NC,-22.25812,166.472783,10,Pacific/Noumea,medium_airport
GEC,LCGK,Lefkoniko Airport / Geçitkale Air Base,Lefkoniko (Geçitkale),CY,35.23591,33.720088,146,N/A,medium_airport
GEG,KGEG,Spokane International Airport,Spokane,US,47.6199,-117.533997,2376,America/Los_Angeles,medium_airport
GEL,SBNM,Santo Ângelo Airport,Santo Ângelo,BR,-28.282503,-54.169623,1056,America/Sao_Paulo,medium_airport
GEO,SYCJ,Cheddi Jagan International Airport,Georgetown,GY,6.49855,-58.254101,95,America/Guyana,medium_airport
GER,MUNG,Rafael Cabrera Airport,Nueva Gerona,CU,21.834699630737305,-82.78379821777344,79,America/Havana,medium_airport
GES,RPMR,General Santos International Airport,General Santos,PH,6.05800008774,125.096000671,505,Asia/Manila,medium_airport
GET,YGEL,Geraldton Airport,Moonyoonooka,AU,-28.796101,114.707001,121,Australia/Perth,medium_airport
GEV,ESNG,Gällivare Airport,Gällivare,SE,67.13240051269531,20.814599990844727,1027,Europe/Stockholm,medium_airport
GFF,YGTH,Griffith Airport,Griffith,AU,-34.2508010864,146.067001343,439,Australia/Sydney,medium_airport
GFK,KGFK,Grand Forks International Airport,Grand Forks,US,47.949299,-97.176102,845,America/Chicago,medium_airport
GFL,KGFL,Floyd Bennett Memorial Airport,Glens Falls,US,43.3412017822,-73.6102981567,328,America/New_York,medium_airport
GFN,YGFN,Clarence Valley Regional Airport,Grafton,AU,-29.754795,153.031234,110,Australia/Sydney,medium_airport
GFR,LFRF,Granville Airport,"Bréville-sur-Mer, Manche",FR,48.883099,-1.56417,45,Europe/Paris,medium_airport
GFY,FYGF,Grootfontein Airport,Grootfontein,NA,-19.6022,18.1227,4636,Africa/Windhoek,medium_airport
GGG,KGGG,East Texas Regional Airport,Longview,US,32.38399887084961,-94.71150207519531,365,America/Chicago,medium_airport
GGT,MYEF,Exuma International Airport,Moss Town,BS,23.562599,-75.877998,9,America/Nassau,medium_airport
GGW,KGGW,Glasgow Valley County Airport Wokal Field,Glasgow,US,48.212502,-106.614998,2296,America/Denver,medium_airport
GHA,DAUG,Noumérat - Moufdi Zakaria Airport,El Atteuf,DZ,32.384102,3.79411,1512,Africa/Algiers,medium_airport
GHB,MYEM,Governor's Harbour Airport,Governor's Harbour,BS,25.2847,-76.331001,26,America/Nassau,medium_airport
GHC,MYBG,Great Harbour Cay Airport,Bullocks Harbour,BS,25.7383,-77.840103,18,America/Nassau,medium_airport
GHT,HLGT,Ghat Airport,Ghat,LY,25.1455993652,10.142600059500001,2296,Africa/Tripoli,medium_airport
GHU,SAAG,Gualeguaychu Airport,Gualeguaychu,AR,-33.005567,-58.612833,75,America/Argentina/Cordoba,medium_airport
GHV,LRBV,Brașov-Ghimbav International Airport,Brașov (Ghimbav),RO,45.70558,25.522871,1740,Europe/Bucharest,medium_airport
GIB,LXGB,Gibraltar Airport,Gibraltar,GI,36.151199,-5.34966,12,Europe/Madrid,large_airport
GIG,SBGL,Rio Galeão – Tom Jobim International Airport,Rio De Janeiro,BR,-22.809999,-43.250557,28,America/Sao_Paulo,large_airport
GIL,OPGT,Gilgit Airport,Gilgit,PK,35.918800354003906,74.33360290527344,4796,Asia/Karachi,medium_airport
GIR,SKGI,Santiago Vila Airport,Girardot,CO,4.27624,-74.7967,900,America/Bogota,medium_airport
GIS,NZGS,Gisborne Airport,Gisborne,NZ,-38.6633,177.977997,15,Pacific/Auckland,medium_airport
GIZ,OEGN,Jizan Regional Airport / King Abdullah bin Abdulaziz Airport,Jizan,SA,16.9011,42.5858,20,Asia/Riyadh,medium_airport
GJA,MHNJ,La Laguna Airport,Guanaja,HN,16.4454,-85.906601,49,America/Tegucigalpa,medium_airport
GJL,DAAV,Jijel Ferhat Abbas Airport,Tahir,DZ,36.795101,5.87361,36,Africa/Algiers,medium_airport
GJM,SBGM,Guajará-Mirim Airport,Guajará-Mirim,BR,-10.78641,-65.28486,478,America/Boa_Vista,medium_airport
GJT,KGJT,Grand Junction Regional Airport,Grand Junction,US,39.126663,-108.529387,4858,America/Denver,medium_airport
GKA,AYGA,Goroka Airport,Goronka,PG,-6.081689834590001,145.391998291,5282,Pacific/Port_Moresby,medium_airport
GKE,ETNG,Geilenkirchen Air Base,Geilenkirchen,DE,50.9608,6.04242,296,Europe/Berlin,medium_airport
GKN,PAGK,Gulkana Airport,Gulkana,US,62.155859,-145.454662,1586,America/Anchorage,medium_airport
GLA,EGPF,Glasgow Airport,Glasgow,GB,55.871899,-4.43306,26,Europe/London,large_airport
GLD,KGLD,Goodland Municipal Airport,Goodland,US,39.370701,-101.699753,3656,America/Denver,medium_airport
GLF,MRGF,Golfito Airport,Golfito,CR,8.65401,-83.182198,49,America/Costa_Rica,medium_airport
GLH,KGLH,Mid Delta Regional Airport,Greenville,US,33.482899,-90.985603,131,America/Chicago,medium_airport
GLI,YGLI,Glen Innes Airport,Glen Innes,AU,-29.676029,151.691156,3433,Australia/Sydney,medium_airport
GLO,EGBJ,Gloucestershire Airport,Staverton,GB,51.89419937133789,-2.167220115661621,101,Europe/London,medium_airport
GLS,KGLS,Scholes International At Galveston Airport,Galveston,US,29.265301,-94.860397,6,America/Chicago,medium_airport
GLT,YGLA,Gladstone Airport,Gladstone,AU,-23.869763,151.225439,64,Australia/Brisbane,medium_airport
GLU,VQGP,Gelephu Airport,Gelephu,BT,26.88456,90.46412,980,Asia/Thimphu,medium_airport
GLZ,EHGR,Gilze Rijen Air Base,Rijen,NL,51.567402,4.93183,49,Europe/Amsterdam,medium_airport
GMA,FZFK,Gemena Airport,Gemena,CD,3.23537,19.771299,1378,Africa/Kinshasa,medium_airport
GMB,HAGM,Gambela Airport,Gambela,ET,8.12876,34.563099,1614,Africa/Addis_Ababa,medium_airport
GME,UMGG,Gomel Airport,Gomel,BY,52.527000427246094,31.016700744628906,472,Europe/Minsk,medium_airport
GMO,DNGO,Gombe Lawanti International Airport,Gombe,NG,10.298889,10.9,1590,Africa/Lagos,medium_airport
GMP,RKSS,Gimpo International Airport,Seoul,KR,37.5583,126.791,59,Asia/Seoul,large_airport
GMQ,ZLGL,Golog Maqên Airport,Golog (Maqên),CN,34.418066,100.301144,12426,N/A,medium_airport
GMR,NTGJ,Totegegie Airport,,PF,-23.07990074157715,-134.88999938964844,7,Pacific/Gambier,medium_airport
GMU,KGMU,Greenville Downtown Airport,Greenville,US,34.847903,-82.350217,1048,America/New_York,medium_airport
GNA,UMMG,Hrodna Airport,Hrodna,BY,53.602001,24.053801,443,Europe/Minsk,medium_airport
GNB,LFLS,Grenoble Alpes Isère Airport,Grenoble,FR,45.3629,5.32937,1302,Europe/Paris,medium_airport
GND,TGPY,Maurice Bishop International Airport,Saint George's,GD,12.0042,-61.786201,41,America/Grenada,medium_airport
GNJ,UBBG,Ganja International Airport,Ganja,AZ,40.738935,46.320067,1083,Asia/Baku,medium_airport
GNS,WIMB,Binaka Airport,Gunungsitoli,ID,1.16628,97.704327,20,Asia/Jakarta,medium_airport
GNV,KGNV,Gainesville Regional Airport,Gainesville,US,29.6900997162,-82.2717971802,152,America/New_York,medium_airport
GNY,LTCS,Şanlıurfa GAP Airport,Şanlıurfa,TR,37.445663,38.895592,2708,Europe/Istanbul,medium_airport
GOA,LIMJ,Genoa Cristoforo Colombo Airport,Genova (GE),IT,44.412039,8.840732,13,Europe/Rome,large_airport
GOH,BGGH,Nuuk Airport,Nuuk,GL,64.191066,-51.67914,283,America/Nuuk,medium_airport
GOI,VOGO,Dabolim Airport,Vasco da Gama,IN,15.3808,73.831398,150,Asia/Kolkata,large_airport
GOJ,UWGG,Nizhny Novgorod / Strigino International Airport,Nizhny Novgorod,RU,56.228254,43.785197,256,Europe/Moscow,medium_airport
GOM,FZNA,Goma International Airport,Goma,CD,-1.66617,29.237929,5089,Africa/Kigali,medium_airport
GON,KGON,Groton New London Airport,Groton,US,41.330101,-72.045097,9,America/New_York,medium_airport
GOP,VEGK,Gorakhpur Airport,Gorakhpur,IN,26.739700317399997,83.4496994019,259,Asia/Kolkata,medium_airport
GOQ,ZLGM,Golmud Airport,Golmud,CN,36.4006,94.786102,9334,Asia/Shanghai,medium_airport
GOT,ESGG,Göteborg Landvetter Airport,Göteborg,SE,57.6628,12.2798,506,Europe/Stockholm,large_airport
GOU,FKKR,Garoua International Airport,Garoua,CM,9.33588981628418,13.370100021362305,794,Africa/Douala,medium_airport
GOV,YPGV,Gove Airport,Nhulunbuy,AU,-12.269399642899998,136.817993164,192,Australia/Darwin,medium_airport
GOX,VOGA,Manohar International Airport,Mopa,IN,15.744257,73.860625,552,Asia/Kolkata,large_airport
GOZ,LBGO,Gorna Oryahovitsa Airport,Gorna Oryahovitsa,BG,43.151402,25.7129,285,Europe/Sofia,medium_airport
GPA,LGRX,Patras Araxos Agamemnon Airport,Patras,GR,38.1511,21.4256,46,Europe/Athens,medium_airport
GPI,SKGP,Juan Casiano Airport,Guapi,CO,2.57013,-77.897969,164,America/Bogota,medium_airport
GPL,MRGP,Guapiles Airport,Pococi,CR,10.2172002792,-83.79699707030001,883,America/Costa_Rica,medium_airport
GPN,YGPT,Garden Point Airport,Pirlangimpi,AU,-11.399686,130.425568,90,Australia/Darwin,medium_airport
GPO,SAZG,General Pico Airport,General Pico,AR,-35.696201,-63.758301,459,America/Argentina/Salta,medium_airport
GPT,KGPT,Gulfport Biloxi International Airport,Gulfport,US,30.407301,-89.070099,28,America/Chicago,medium_airport
GRB,KGRB,Austin Straubel International Airport,Green Bay,US,44.483459,-88.130805,695,America/Chicago,medium_airport
GRF,KGRF,Gray Army Air Field,Fort Lewis/Tacoma,US,47.07920074,-122.5810013,300,America/Los_Angeles,medium_airport
GRI,KGRI,Central Nebraska Regional Airport,Grand Island,US,40.967498779296875,-98.30960083007812,1847,America/Chicago,medium_airport
GRJ,FAGG,George Airport,George,ZA,-34.0056,22.378902,648,Africa/Johannesburg,medium_airport
GRK,KGRK,Killeen Regional Airport / Robert Gray Army Airfield,Fort Cavazos,US,31.0672,-97.828903,1015,America/Chicago,medium_airport
GRO,LEGE,Girona-Costa Brava Airport,Girona,ES,41.904639,2.761774,468,Europe/Madrid,medium_airport
GRQ,EHGG,Groningen Airport Eelde,Groningen,NL,53.119701,6.57944,17,Europe/Amsterdam,medium_airport
GRR,KGRR,Gerald R. Ford International Airport,Grand Rapids,US,42.88079834,-85.52279663,794,America/New_York,medium_airport
GRS,LIRS,Grosseto Corrado Baccarini Air Base / Grosseto Airport,Grosseto (GR),IT,42.759701,11.0719,17,Europe/Rome,medium_airport
GRU,SBGR,Guarulhos - Governador André Franco Montoro International Airport,São Paulo,BR,-23.431944,-46.467778,2461,America/Sao_Paulo,large_airport
GRV,URMG,Grozny Airport,Grozny,RU,43.388106,45.699772,548,Europe/Moscow,medium_airport
GRW,LPGR,Graciosa Airport,Santa Cruz da Graciosa,PT,39.092201232910156,-28.029800415039062,86,Atlantic/Azores,medium_airport
GRX,LEGR,F.G.L. Airport Granada-Jaén Airport,Granada,ES,37.188702,-3.77736,1860,Europe/Madrid,medium_airport
GRZ,LOWG,Graz Airport,Feldkirchen bei Graz,AT,46.9911,15.4396,1115,Europe/Vienna,medium_airport
GSB,KGSB,Seymour Johnson Air Force Base,Goldsboro,US,35.339401,-77.960602,109,America/New_York,medium_airport
GSE,ESGP,Säve Airport,Göteborg,SE,57.7747,11.8704,59,Europe/Stockholm,medium_airport
GSJ,MGSJ,San José Airport,Puerto San José,GT,13.9362,-90.8358,29,America/Guatemala,medium_airport
GSO,KGSO,Piedmont Triad International Airport,Greensboro,US,36.097801,-79.937302,925,America/New_York,medium_airport
GSP,KGSP,Greenville Spartanburg International Airport,Greer,US,34.895699,-82.218903,964,America/New_York,medium_airport
GST,PAGS,Gustavus Airport,Gustavus,US,58.4253006,-135.7070007,35,America/Anchorage,medium_airport
GSV,UWSG,Gagarin International Airport,Saratov,RU,51.712778,46.171111,103,Europe/Saratov,large_airport
GTE,YGTE,Groote Eylandt Airport,Groote Eylandt,AU,-13.972405,136.458553,53,Australia/Darwin,medium_airport
GTF,KGTF,Great Falls International Airport,Great Falls,US,47.48199844,-111.3710022,3680,America/Denver,medium_airport
GTN,NZGT,Glentanner Airport,Glentanner Station,NZ,-43.906700134277344,170.1280059814453,1824,Pacific/Auckland,medium_airport
GTR,KGTR,Golden Triangle Regional Airport,Columbus/W Point/Starkville,US,33.450298,-88.5914,264,America/Chicago,medium_airport
GUA,MGGT,La Aurora Airport,Guatemala City,GT,14.5833,-90.527496,4952,America/Guatemala,large_airport
GUC,KGUC,Gunnison Crested Butte Regional Airport,Gunnison,US,38.534672,-106.934566,7680,America/Denver,medium_airport
GUH,YGDH,Gunnedah Airport,,AU,-30.957511,150.248981,863,Australia/Sydney,medium_airport
GUI,SVGI,Guiria Airport,,VE,10.574077606200001,-62.3126678467,42,America/Caracas,medium_airport
GUJ,SBGW,Edu Chaves Field,Guaratinguetá,BR,-22.791599,-45.2048,1761,America/Sao_Paulo,medium_airport
GUL,YGLB,Goulburn Airport,,AU,-34.810298919677734,149.7259979248047,2141,Australia/Sydney,medium_airport
GUM,PGUM,Antonio B. Won Pat International Airport,Hagåtña,GU,13.485,144.797282,298,Pacific/Guam,large_airport
GUP,KGUP,Gallup Municipal Airport,Gallup,US,35.511653,-108.788166,6472,America/Denver,medium_airport
GUQ,SVGU,Guanare Airport,Guanare,VE,9.026944,-69.75515,606,America/Caracas,medium_airport
GUR,AYGN,Gurney Airport,Gurney,PG,-10.3114995956,150.333999634,88,Pacific/Port_Moresby,medium_airport
GUS,KGUS,Grissom Air Reserve Base,Peru,US,40.648102,-86.1521,812,America/Indiana/Indianapolis,medium_airport
GUW,UATG,Atyrau International Airport,Atyrau,KZ,47.122559,51.819321,-72,Asia/Oral,medium_airport
GUY,KGUY,Guymon Municipal Airport,Guymon,US,36.6851005554,-101.508003235,3123,America/Chicago,medium_airport
GVA,LSGG,Geneva Cointrin International Airport,Geneva,CH,46.238098,6.10895,1411,Europe/Zurich,large_airport
GVN,UHKM,Sovetskaya Gavan (Maygatka) Airport,Sovetskaya Gavan,RU,48.925067,140.035348,768,Asia/Vladivostok,medium_airport
GVR,SBGV,Coronel Altino Machado Airport,Governador Valadares,BR,-18.895882,-41.982869,561,America/Sao_Paulo,medium_airport
GVX,ESSK,Gävle Sandviken Airport,Gävle / Sandviken,SE,60.5933,16.951401,224,Europe/Stockholm,medium_airport
GWD,OPGW,New Gwadar International Airport,Gurandani,PK,25.296733,62.498822,61,Asia/Karachi,medium_airport
GWE,FVTL,Gweru - Thornhill Air Base,Gweru,ZW,-19.436718,29.861945,4680,Africa/Harare,medium_airport
GWL,VIGR,Gwalior Airport,Gwalior,IN,26.29330062866211,78.22779846191406,617,Asia/Kolkata,medium_airport
GWO,KGWO,Greenwood–Leflore Airport,Greenwood,US,33.495025,-90.088204,162,America/Chicago,medium_airport
GWT,EDXW,Westerland Sylt Airport,Sylt,DE,54.9132,8.34047,51,Europe/Berlin,medium_airport
GXF,OYSY,Seiyun Hadhramaut International Airport,Seiyun,YE,15.9661,48.7883,2097,Asia/Aden,medium_airport
GXG,FNNG,Negage Airport,Negage,AO,-7.754509925842285,15.287699699401855,4105,Africa/Luanda,medium_airport
GXH,ZLXH,Gannan Xiahe Airport,Gannan (Xiahe),CN,34.819014,102.622261,10510,N/A,medium_airport
GXQ,SCCY,Teniente Vidal Airport,Coyhaique,CL,-45.5942,-72.106102,1020,America/Santiago,medium_airport
GYA,,Guayaramerín Airport,Guayaramerín,BO,-10.88856,-65.380955,456,America/La_Paz,medium_airport
GYD,UBBB,Heydar Aliyev International Airport,Baku,AZ,40.467498779296875,50.04669952392578,10,Asia/Baku,large_airport
GYE,SEGU,José Joaquín de Olmedo International Airport,Guayaquil,EC,-2.15742,-79.883598,19,America/Guayaquil,large_airport
GYG,UEMM,Magan Airport,Magan,RU,62.103484,129.545288,577,Asia/Yakutsk,medium_airport
GYI,HRYG,Gisenyi Airport,Gisenyi,RW,-1.6771999597549438,29.258899688720703,5082,Africa/Kigali,medium_airport
GYM,MMGM,General José María Yáñez International Airport,Guaymas,MX,27.9689998626709,-110.92500305175781,59,America/Hermosillo,medium_airport
GYN,SBGO,Santa Genoveva Airport,Goiânia,BR,-16.632,-49.220699,2450,America/Sao_Paulo,medium_airport
GYS,ZUGU,Guangyuan Panlong Airport,Guangyuan (Lizhou),CN,32.390254,105.694571,,Asia/Shanghai,medium_airport
GYU,ZLGY,Guyuan Liupanshan Airport,Guyuan (Yuanzhou),CN,36.078889,106.216944,5727,Asia/Shanghai,medium_airport
GYY,,Gary Chicago International Airport,Gary,US,41.61629867553711,-87.41280364990234,591,America/Chicago,medium_airport
GZP,LTFG,Gazipaşa-Alanya Airport,Gazipaşa,TR,36.299217,32.300598,92,Europe/Istanbul,medium_airport
GZT,LTAJ,Gaziantep International Airport,Gaziantep,TR,36.947201,37.478699,2315,Europe/Istanbul,medium_airport
GZW,OIIK,Qazvin Airport,Qazvin,IR,36.240101,50.0471,4184,Asia/Tehran,medium_airport
HAC,RJTH,Hachijojima Airport,Hachijojima,JP,33.115002,139.785995,303,Asia/Tokyo,medium_airport
HAD,ESMT,Halmstad Airport,Halmstad,SE,56.69110107421875,12.820199966430664,101,Europe/Stockholm,medium_airport
HAH,FMCH,Prince Said Ibrahim International Airport,Moroni,KM,-11.5337,43.2719,93,Indian/Comoro,medium_airport
HAJ,EDDV,Hannover Airport,Hannover,DE,52.461102,9.68508,183,Europe/Berlin,large_airport
HAK,ZJHK,Haikou Meilan International Airport,Haikou (Meilan),CN,19.9349,110.459,75,Asia/Shanghai,large_airport
HAM,EDDH,Hamburg Helmut Schmidt Airport,Hamburg,DE,53.630402,9.98823,53,Europe/Berlin,large_airport
HAN,VVNB,Noi Bai International Airport,Hanoi (Soc Son),VN,21.221201,105.806999,39,Asia/Ho_Chi_Minh,large_airport
HAQ,VRMH,Hanimaadhoo Airport,Haa Dhaalu Atoll,MV,6.744229793548584,73.17050170898438,4,Indian/Maldives,medium_airport
HAS,OEHL,Ha'il Airport,Ha'il,SA,27.437901,41.686298,3331,Asia/Riyadh,medium_airport
HAU,ENHD,"Haugesund Airport, Karmøy",Karmøy,NO,59.345299,5.20836,86,Europe/Oslo,medium_airport
HAV,MUHA,José Martí International Airport,Havana,CU,22.989200592041016,-82.40910339355469,210,America/Havana,large_airport
HAW,EGFE,Haverfordwest Airport,Haverfordwest,GB,51.833099365234375,-4.9611101150512695,159,Europe/London,medium_airport
HBA,YMHB,Hobart International Airport,Hobart (Cambridge),AU,-42.8371,147.51295,13,Australia/Hobart,medium_airport
HBE,HEAX,Alexandria International Airport,Alexandria,EG,30.93249,29.696437,171,Africa/Cairo,large_airport
HBG,KHBG,Hattiesburg Bobby L Chain Municipal Airport,Hattiesburg,US,31.26479912,-89.25279999,151,America/Chicago,medium_airport
HBR,KHBR,Hobart Regional Airport,Hobart,US,34.991317,-99.051313,1563,America/Chicago,medium_airport
HBX,VOHB,Hubli Airport,Hubli,IN,15.3617,75.0849,2171,Asia/Kolkata,medium_airport
HCJ,ZGHC,Hechi Jinchengjiang Airport,Hechi (Jinchengjiang),CN,24.804344,107.710819,2221,N/A,medium_airport
HCN,RCKW,Hengchun Airport,Hengchun,TW,22.0411,120.730003,46,Asia/Taipei,medium_airport
HCQ,YHLC,Halls Creek Airport,,AU,-18.2339,127.669998,1346,Australia/Perth,medium_airport
HCR,PAHC,Holy Cross Airport,Holy Cross,US,62.18830108642578,-159.77499389648438,70,America/Anchorage,medium_airport
HCZ,ZGCZ,Chenzhou Beihu Airport,Chenzhou,CN,25.753419,112.845404,1071,Asia/Shanghai,medium_airport
HDF,EDAH,Heringsdorf Airport,Zirchow,DE,53.8787,14.1523,94,Europe/Berlin,medium_airport
HDG,ZBHD,Handan Airport,Handan,CN,36.525833,114.425556,229,Asia/Shanghai,medium_airport
HDM,OIHH,Hamadan Airport,Hamadan,IR,34.869202,48.552502,5755,Asia/Tehran,medium_airport
HDN,KHDN,Yampa Valley Airport,Hayden,US,40.481201,-107.218002,6606,America/Denver,medium_airport
HDY,VTSS,Hat Yai International Airport,Hat Yai,TH,6.93320989609,100.392997742,90,Asia/Bangkok,medium_airport
HEA,OAHR,Herat - Khwaja Abdullah Ansari International Airport,Guzara,AF,34.209999,62.228298,3206,Asia/Kabul,medium_airport
HEK,ZYHE,Heihe Aihui Airport,Heihe,CN,50.171621,127.308884,1047,Asia/Shanghai,medium_airport
HEL,EFHK,Helsinki Vantaa Airport,Helsinki (Vantaa),FI,60.318363,24.963341,179,Europe/Helsinki,large_airport
HER,LGIR,Heraklion International Nikos Kazantzakis Airport,Heraklion,GR,35.339699,25.1803,115,Europe/Athens,large_airport
HET,ZBHH,Hohhot Baita International Airport,Hohhot,CN,40.849658,111.824598,3556,Asia/Shanghai,large_airport
HFA,LLHA,Haifa International Airport,Haifa,IL,32.80939865112305,35.04309844970703,28,Asia/Jerusalem,medium_airport
HFD,KHFD,Hartford Brainard Airport,Hartford,US,41.736698150635,-72.649398803711,18,America/New_York,medium_airport
HFE,ZSOF,Hefei Xinqiao International Airport,Hefei,CN,31.98779,116.9769,207,Asia/Shanghai,medium_airport
HFN,BIHN,Hornafjörður Airport,Höfn,IS,64.295601,-15.2272,24,Atlantic/Reykjavik,medium_airport
HFT,ENHF,Hammerfest Airport,Hammerfest,NO,70.679703,23.6686,266,Europe/Oslo,medium_airport
HGA,HCMH,Egal International Airport,Hargeisa,SO,9.513207,44.082389,4471,Africa/Mogadishu,medium_airport
HGH,ZSHC,Hangzhou Xiaoshan International Airport,Hangzhou,CN,30.23609,120.428865,23,Asia/Shanghai,large_airport
HGI,,Itanagar Donyi Polo Hollongi Airport,Hollongi,IN,26.96683,93.638792,328,Asia/Kolkata,medium_airport
HGN,VTCH,Mae Hong Son Airport,Mae Hong Son,TH,19.3013,97.9758,929,Asia/Bangkok,medium_airport
HGO,DIKO,Korhogo Airport,Korhogo,CI,9.38718,-5.55666,1214,Africa/Abidjan,medium_airport
HGR,KHGR,Hagerstown Regional Richard A Henson Field,Hagerstown,US,39.708771,-77.728014,703,America/New_York,medium_airport
HGU,AYMH,Mount Hagen Kagamuga Airport,Mount Hagen,PG,-5.828212,144.299412,5388,Pacific/Port_Moresby,medium_airport
HHE,RJSH,JMSDF Hachinohe Air Base / Hachinohe Airport,Hachinohe,JP,40.551181,141.465428,152,Asia/Tokyo,medium_airport
HHH,KHXD,Hilton Head Airport,Hilton Head Island,US,32.2244,-80.697502,19,America/New_York,medium_airport
HHN,EDFH,Frankfurt-Hahn Airport,Frankfurt am Main (Lautzenhausen),DE,49.9487,7.26389,1649,Europe/Berlin,medium_airport
HHQ,VTPH,Hua Hin Airport,Hua Hin,TH,12.6361999512,99.951499939,62,Asia/Bangkok,medium_airport
HHR,KHHR,Jack Northrop Field Hawthorne Municipal Airport,Hawthorne,US,33.922798,-118.334999,66,America/Los_Angeles,medium_airport
HIA,ZSSH,Huai'an Lianshui International Airport,Huai'an,CN,33.790833,119.125,28,Asia/Shanghai,medium_airport
HIB,KHIB,Range Regional Airport,Hibbing,US,47.384831,-92.836905,1354,America/Chicago,medium_airport
HID,YHID,Horn Island Airport,Horn,AU,-10.585628,142.292653,43,Australia/Brisbane,medium_airport
HIF,KHIF,Hill Air Force Base,Ogden,US,41.12403,-111.973086,4789,America/Denver,medium_airport
HII,KHII,Lake Havasu City International Airport,Lake Havasu City,US,34.571098,-114.358002,783,America/Phoenix,medium_airport
HIJ,RJOA,Hiroshima Airport,Hiroshima,JP,34.4361,132.919006,1088,Asia/Tokyo,medium_airport
HIM,VCCH,Hingurakgoda Air Force Base,Polonnaruwa Town,LK,8.04981,80.9814,170,Asia/Colombo,medium_airport
HIN,RKPS,Sacheon Airport / Sacheon Air Base,Sacheon,KR,35.088591,128.071747,25,Asia/Seoul,medium_airport
HIO,KHIO,Portland Hillsboro Airport,Portland,US,45.540401,-122.949997,208,America/Los_Angeles,medium_airport
HIR,AGGH,Honiara International Airport,Honiara,SB,-9.428,160.054993,28,Pacific/Guadalcanal,large_airport
HJJ,ZGCJ,Huaihua Zhijiang Airport,Huaihua,CN,27.443087,109.704666,882,Asia/Shanghai,medium_airport
HJR,,Khajuraho Airport,Khajuraho,IN,24.8172,79.918602,728,Asia/Kolkata,medium_airport
HKD,RJCH,Hakodate Airport,Hakodate,JP,41.77,140.822006,151,Asia/Tokyo,medium_airport
HKG,VHHH,Hong Kong International Airport,Hong Kong,HK,22.308901,113.915001,28,Asia/Hong_Kong,large_airport
HKK,NZHK,Hokitika Airfield,,NZ,-42.713600158691406,170.98500061035156,146,Pacific/Auckland,medium_airport
HKN,AYHK,Hoskins Airport,Kimbe,PG,-5.463846,150.407327,66,Pacific/Port_Moresby,medium_airport
HKT,VTSP,Phuket International Airport,Phuket,TH,8.1132,98.316902,82,Asia/Bangkok,large_airport
HKY,KHKY,Hickory Regional Airport,Hickory,US,35.74110031,-81.38950348,1190,America/New_York,medium_airport
HLA,FALA,Lanseria International Airport,Johannesburg,ZA,-25.938499,27.9261,4517,Africa/Johannesburg,medium_airport
HLD,ZBLA,Hulunbuir Hailar Airport,Hailar,CN,49.205002,119.824997,2169,Asia/Shanghai,medium_airport
HLG,KHLG,Wheeling Ohio County Airport,Wheeling,US,40.1749992371,-80.6463012695,1195,America/New_York,medium_airport
HLN,KHLN,Helena Regional Airport,Helena,US,46.6068,-111.983002,3877,America/Denver,medium_airport
HLP,WIHH,Halim Perdanakusuma International Airport,Jakarta,ID,-6.266610145568848,106.89099884033203,84,Asia/Jakarta,medium_airport
HLT,YHML,Hamilton Airport,,AU,-37.64889907836914,142.06500244140625,803,Australia/Hobart,medium_airport
HLZ,NZHN,Hamilton International Airport,Hamilton,NZ,-37.8666992188,175.332000732,172,Pacific/Auckland,medium_airport
HMA,USHH,Khanty Mansiysk Airport,Khanty-Mansiysk,RU,61.0285,69.086098,76,Asia/Yekaterinburg,medium_airport
HMB,HESG,Sohag International Airport,Suhaj,EG,26.342515,31.743017,322,Africa/Cairo,large_airport
HME,DAUH,Hassi Messaoud-Oued Irara Krim Belkacem Airport,Hassi Messaoud,DZ,31.673,6.14044,463,Africa/Algiers,medium_airport
HMI,ZWHM,Hami Airport,Hami,CN,42.8414,93.669197,2703,Asia/Shanghai,medium_airport
HMJ,UKLH,Khmelnytskyi Airport,Khmelnytskyi,UA,49.359699,26.933399,1150,Europe/Kyiv,medium_airport
HMN,KHMN,Holloman Air Force Base,Alamogordo,US,32.852501,-106.107002,4093,America/Denver,medium_airport
HMO,MMHO,General Ignacio P. Garcia International Airport,Hermosillo,MX,29.093527,-111.049891,627,America/Hermosillo,medium_airport
HNA,RJSI,Iwate Hanamaki Airport,Hanamaki,JP,39.4286,141.134995,297,Asia/Tokyo,medium_airport
HND,RJTT,Tokyo Haneda International Airport,Tokyo,JP,35.552299,139.779999,35,Asia/Tokyo,large_airport
HNL,PHNL,Daniel K Inouye International Airport,"Honolulu, Oahu",US,21.32062,-157.924228,13,Pacific/Honolulu,large_airport
HNM,PHHN,Hana Airport,Hana,US,20.795601,-156.014008,78,Pacific/Honolulu,medium_airport
HNS,PAHN,Haines Airport,Haines,US,59.243921,-135.523925,15,America/Anchorage,medium_airport
HOB,KHOB,Lea County Regional Airport,Hobbs,US,32.6875,-103.217003,3661,America/Denver,medium_airport
HOF,OEAH,Al-Ahsa International Airport,Hofuf,SA,25.285299,49.485199,588,Asia/Riyadh,medium_airport
HOG,MUHG,Frank Pais International Airport,Holguin,CU,20.785600662231445,-76.31510162353516,361,America/Havana,medium_airport
HOI,NTTO,Hao Airport,Otepa,PF,-18.0748,-140.945999,10,Pacific/Tahiti,medium_airport
HOM,PAHO,Homer Airport,Homer,US,59.644456,-151.479235,84,America/Anchorage,medium_airport
HON,KHON,Huron Regional Airport,Huron,US,44.385201,-98.2285,1289,America/Chicago,medium_airport
HOP,KHOP,Campbell Army Airfield (Fort Campbell),Fort Campbell,US,36.674154,-87.48974,573,America/Chicago,medium_airport
HOQ,EDQM,Hof-Plauen Airport,Hof,DE,50.288544,11.852876,1959,Europe/Berlin,medium_airport
HOR,LPHR,Horta Airport,Horta,PT,38.519901275634766,-28.715900421142578,118,Atlantic/Azores,medium_airport
HOT,KHOT,Memorial Field Airport,Hot Springs,US,34.4788,-93.096262,540,America/Chicago,medium_airport
HOU,KHOU,William P Hobby Airport,Houston,US,29.645399,-95.2789,46,America/Chicago,medium_airport
HOV,ENOV,"Ørsta-Volda Airport, Hovden",Ørsta,NO,62.180000305176,6.0741000175476,243,Europe/Oslo,medium_airport
HPA,NFTL,Lifuka Island Airport,Lifuka,TO,-19.777000427246094,-174.34100341796875,31,Pacific/Tongatapu,medium_airport
HPG,ZHSN,Shennongjia Hongping Airport,Shennongjia (Hongping),CN,31.626,110.34,8365,N/A,medium_airport
HPH,VVCI,Cat Bi International Airport,Haiphong (Hai An),VN,20.81686,106.722994,6,Asia/Ho_Chi_Minh,medium_airport
HPN,KHPN,Westchester County Airport,White Plains,US,41.06700134277344,-73.70760345458984,439,America/New_York,medium_airport
HQL,ZWTK,Tashikuergan Hongqilafu Airport,Tashikuergan,CN,37.661333,75.288877,10499,Asia/Shanghai,medium_airport
HQM,KHQM,Bowerman Airport,Hoquiam,US,46.971199035599994,-123.93699646,18,America/Los_Angeles,medium_airport
HRB,ZYHB,Harbin Taiping International Airport,Harbin,CN,45.623402,126.25,457,Asia/Shanghai,large_airport
HRE,,Robert Gabriel Mugabe International Airport,Harare,ZW,-17.931801,31.0928,4887,Africa/Harare,large_airport
HRG,HEGN,Hurghada International Airport,Hurghada,EG,27.176776,33.796692,32,Africa/Cairo,large_airport
HRI,VCRI,Mattala Rajapaksa International Airport,Mattala,LK,6.284467,81.124128,157,Asia/Colombo,large_airport
HRK,UKHH,Kharkiv International Airport,Kharkiv,UA,49.926943,36.290814,508,Europe/Kyiv,medium_airport
HRL,KHRL,Valley International Airport,Harlingen,US,26.228500366210938,-97.65440368652344,36,America/Chicago,medium_airport
HRM,DAFH,Hassi R'Mel Airport,Hassi R'Mel,DZ,32.930401,3.31154,2540,Africa/Algiers,medium_airport
HRO,KHRO,Boone County Airport,Harrison,US,36.26150131225586,-93.15470123291016,1365,America/Chicago,medium_airport
HRS,FAHR,Harrismith Airport,Harrismith,ZA,-28.2351,29.106199,5585,Africa/Johannesburg,medium_airport
HSA,UAIT,Hazrat Sultan International Airport,Turkıstan,KZ,43.313126,68.549881,951,Asia/Almaty,medium_airport
HSC,ZGSG,Shaoguan Danxia Airport,Shaoguan,CN,24.9786,113.420998,280,Asia/Shanghai,medium_airport
HSG,RJFS,Saga Airport,Saga,JP,33.149700164799995,130.302001953,6,Asia/Tokyo,medium_airport
HSL,PAHL,Huslia Airport,Huslia,US,65.697899,-156.350998,220,America/Anchorage,medium_airport
HSM,YHSM,Horsham Airport,,AU,-36.669700622558594,142.17300415039062,445,Australia/Melbourne,medium_airport
HSN,ZSZS,Zhoushan Putuoshan Airport,Zhoushan,CN,29.9342,122.362,3,Asia/Shanghai,medium_airport
HSR,VAHS,Rajkot International Airport,Rajkot,IN,22.378824,71.039391,647,Asia/Kolkata,large_airport
HSS,VIHR,Hisar Airport,Hisar,IN,29.179399,75.755302,700,Asia/Kolkata,medium_airport
HST,KHST,Homestead ARB Airport,Homestead,US,25.48859978,-80.38359833,5,America/New_York,medium_airport
HSV,KHSV,Huntsville International Carl T Jones Field,Huntsville,US,34.637199,-86.775101,629,America/Chicago,medium_airport
HSZ,RCPO,Hsinchu Air Base,Hsinchu City,TW,24.8180007935,120.939002991,26,Asia/Taipei,medium_airport
HTA,UIAA,Chita-Kadala International Airport,Chita,RU,52.026299,113.306,2272,Asia/Chita,medium_airport
HTG,UOHH,Khatanga Airport,Khatanga,RU,71.97810363769531,102.49099731445312,95,Asia/Krasnoyarsk,medium_airport
HTI,YBHM,Hamilton Island Airport,Hamilton Island,AU,-20.3581008911,148.95199585,15,Australia/Lindeman,medium_airport
HTN,ZWTN,Hotan Airport,Hotan,CN,37.03850173950195,79.86489868164062,4672,Asia/Shanghai,medium_airport
HTS,KHTS,Tri-State Airport / Milton J. Ferguson Field,Huntington,US,38.366699,-82.557999,828,America/New_York,medium_airport
HTT,ZLHX,Huatugou Airport,Mengnai,CN,38.201645,90.837843,2945,N/A,medium_airport
HTU,YHPN,Hopetoun Airport,,AU,-35.715302,142.360001,256,Australia/Melbourne,medium_airport
HTV,KUTS,Huntsville Regional Airport,Huntsville,US,30.7469005585,-95.5871963501,363,America/Chicago,medium_airport
HTY,LTDA,Hatay Airport,Antakya,TR,36.362778,36.282223,269,Europe/Istanbul,medium_airport
HUA,KHUA,Redstone Army Air Field,Redstone Arsnl Huntsville,US,34.67869949,-86.68479919,684,America/Chicago,medium_airport
HUF,,"Terre Haute Regional Airport, Hulman Field",Terre Haute,US,39.4515,-87.307602,589,America/Indiana/Indianapolis,medium_airport
HUH,NTTH,Huahine-Fare Airport,Fare,PF,-16.687084,-151.021593,7,Pacific/Tahiti,medium_airport
HUI,VVPB,Phu Bai International Airport,Huế,VN,16.400628,107.703094,48,Asia/Ho_Chi_Minh,medium_airport
HUL,KHUL,Houlton International Airport,Houlton,US,46.1231002808,-67.792098999,489,America/New_York,medium_airport
HUN,RCYU,Hualien Airport,Hualien City,TW,24.023099899291992,121.61799621582031,52,Asia/Taipei,medium_airport
HUO,ZBHZ,Holingol Huolinhe Airport,Holingol,CN,45.487222,119.407222,,Asia/Shanghai,medium_airport
HUT,KHUT,Hutchinson Municipal Airport,Hutchinson,US,38.0654983521,-97.86060333250002,1543,America/Chicago,medium_airport
HUU,SPNC,Alferez Fap David Figueroa Fernandini Airport,Huánuco,PE,-9.878809928894043,-76.20480346679688,6070,America/Lima,medium_airport
HUX,MMBT,Bahías de Huatulco International Airport,Huatulco,MX,15.774909,-96.260319,464,America/Mexico_City,medium_airport
HUY,EGNJ,Humberside Airport,"Grimsby, Lincolnshire",GB,53.576152,-0.34954,121,Europe/London,medium_airport
HUZ,ZGHZ,Huizhou Pingtan Airport,Huizhou (Pingtan),CN,23.049999,114.599998,50,Asia/Shanghai,medium_airport
HVA,FMNL,Analalava Airport,Analalava,MG,-14.629514,47.763555,345,Indian/Antananarivo,medium_airport
HVB,YHBA,Hervey Bay Airport,Hervey Bay,AU,-25.320127,152.880662,60,Australia/Brisbane,medium_airport
HVD,ZMKD,Khovd Airport,Khovd,MN,47.9541015625,91.6281967163086,4898,Asia/Hovd,medium_airport
HVG,ENHV,"Honningsvåg Airport, Valan",Honningsvåg,NO,71.009697,25.983601,44,Europe/Oslo,medium_airport
HVN,KHVN,Tweed New Haven Airport,New Haven,US,41.26369858,-72.88680267,12,America/New_York,medium_airport
HVR,KHVR,Havre City County Airport,Havre,US,48.541387,-109.762859,2591,America/Denver,medium_airport
HWN,FVWN,Hwange National Park Airport,Gwayi River Farms,ZW,-18.6299,27.021,3543,Africa/Harare,medium_airport
HXX,YHAY,Hay Airport,,AU,-34.531399,144.830002,305,Australia/Sydney,medium_airport
HYA,KHYA,Cape Cod Gateway Airport,Hyannis,US,41.6693,-70.280403,54,America/New_York,medium_airport
HYD,VOHS,Rajiv Gandhi International Airport,Hyderabad,IN,17.231318,78.429855,2024,Asia/Kolkata,large_airport
HYN,ZSLQ,Taizhou Luqiao Airport,Taizhou (Luqiao),CN,28.562201,121.429001,,Asia/Shanghai,medium_airport
HYR,KHYR,Sawyer County Airport,Hayward,US,46.025199890100005,-91.44429779050002,1216,America/Chicago,medium_airport
HYS,KHYS,Hays Regional Airport,Hays,US,38.844521,-99.273148,1999,America/Chicago,medium_airport
HZA,ZSHZ,Heze Mudan Airport,Heze (Dingtao),CN,35.212972,115.736748,,N/A,medium_airport
HZB,LFQT,Merville-Calonne Airport,"Merville, Nord",FR,50.618401,2.64224,61,Europe/Paris,medium_airport
HZH,ZUNP,Liping Airport,Liping,CN,26.32217,109.1499,1620,Asia/Shanghai,medium_airport
HZK,BIHU,Húsavík Airport,Húsavík,IS,65.952301,-17.426001,48,Atlantic/Reykjavik,medium_airport
HZU,,Chengdu Huaizhou Airport,Chengdu (Jintang),CN,30.677339,104.529397,1453,N/A,medium_airport
IAA,UOII,Igarka Airport,Igarka,RU,67.437202,86.621902,82,Asia/Krasnoyarsk,medium_airport
IAB,KIAB,McConnell Air Force Base,Wichita,US,37.621899,-97.268204,1371,America/Chicago,medium_airport
IAD,KIAD,Washington Dulles International Airport,Dulles,US,38.9445,-77.455803,312,America/New_York,large_airport
IAG,KIAG,Niagara Falls International Airport,Niagara Falls,US,43.1073,-78.946198,589,America/New_York,medium_airport
IAH,KIAH,George Bush Intercontinental Houston Airport,Houston,US,29.984399795532227,-95.34140014648438,97,America/Chicago,large_airport
IAM,DAUZ,Zarzaitine - In Aménas Airport,In Aménas,DZ,28.0515,9.64291,1847,Africa/Algiers,medium_airport
IAN,PAIK,Bob Baker Memorial Airport,Kiana,US,66.976128,-160.439014,166,America/Anchorage,medium_airport
IAS,LRIA,Iaşi Airport,Iaşi,RO,47.180278,27.620833,411,Europe/Bucharest,medium_airport
IBA,DNIB,Ibadan Airport,Ibadan,NG,7.362460136413574,3.97832989692688,725,Africa/Lagos,medium_airport
IBE,SKIB,Perales Airport,Ibagué,CO,4.42161,-75.1333,2999,America/Bogota,medium_airport
IBL,,Indigo Bay Lodge Airport,Bazaruto Island,MZ,-21.708,35.452801,20,N/A,medium_airport
IBP,SPBR,Iberia Airport,Iberia,PE,-11.4116,-69.488701,750,America/Lima,medium_airport
IBR,RJAH,Ibaraki Airport / JASDF Hyakuri Air Base,Omitama,JP,36.181099,140.414993,105,Asia/Tokyo,medium_airport
IBZ,LEIB,Ibiza Airport,Ibiza (Eivissa),ES,38.872898,1.37312,24,Europe/Madrid,large_airport
ICN,RKSI,Incheon International Airport,Seoul,KR,37.469101,126.450996,23,Asia/Seoul,large_airport
ICT,KICT,Wichita Eisenhower National Airport,Wichita,US,37.649899,-97.433098,1333,America/Chicago,medium_airport
IDA,KIDA,Idaho Falls Regional Airport,Idaho Falls,US,43.514599,-112.070999,4744,America/Boise,medium_airport
IDR,VAID,Devi Ahilyabai Holkar Airport,Indore,IN,22.7217998505,75.8011016846,1850,Asia/Kolkata,medium_airport
IEG,EPZG,Zielona Góra-Babimost Airport,Nowe Kramsko,PL,52.1385,15.7986,194,Europe/Warsaw,medium_airport
IEJ,RORE,Iejima Airport,Ie,JP,26.722537,127.786801,246,Asia/Tokyo,medium_airport
IEV,UKKK,Ihor Sikorsky Kyiv International Airport (Zhuliany),Kyiv,UA,50.40194,30.45194,587,Europe/Kyiv,medium_airport
IFJ,BIIS,Ísafjörður Airport,Ísafjörður,IS,66.058098,-23.1353,8,Atlantic/Reykjavik,medium_airport
IFN,OIFM,Isfahan Shahid Beheshti International Airport,Isfahan,IR,32.750755,51.861483,5059,Asia/Tehran,medium_airport
IFO,UKLI,Ivano-Frankivsk International Airport,Ivano-Frankivsk,UA,48.88420104980469,24.686100006103516,919,Europe/Kyiv,medium_airport
IFP,KIFP,Laughlin Bullhead International Airport,Bullhead City,US,35.157398,-114.559998,701,America/Phoenix,medium_airport
IGA,MYIG,Inagua Airport,Matthew Town,BS,20.975,-73.666901,8,America/Nassau,medium_airport
IGD,LTCT,Iğdır Airport,Iğdır,TR,39.976627,43.876648,3101,Europe/Istanbul,medium_airport
IGL,,Çiğli Airbase,Çiğli,TR,38.513,27.010099,16,Europe/Istanbul,medium_airport
IGM,KIGM,Kingman Airport,Kingman,US,35.259499,-113.938004,3449,America/Phoenix,medium_airport
IGR,SARI,Cataratas Del Iguazú International Airport,Puerto Iguazu,AR,-25.737301,-54.4734,916,America/Argentina/Cordoba,medium_airport
IGS,ETSI,Ingolstadt Manching Airport,Manching,DE,48.7156982421875,11.534000396728516,1202,Europe/Berlin,medium_airport
IGT,URMS,Magas Airport,Sunzha,RU,43.323268,45.012568,1165,Europe/Moscow,medium_airport
IGU,SBFI,Cataratas International Airport,Foz do Iguaçu,BR,-25.594167,-54.489444,786,America/Sao_Paulo,medium_airport
IHR,OIZI,Iranshahr Airport,Iranshahr,IR,27.236099,60.720001,2040,Asia/Tehran,medium_airport
IIL,OICI,Ilam Airport,Ilam,IR,33.58660125732422,46.40480041503906,4404,Asia/Tehran,medium_airport
IJK,USII,Izhevsk Airport,Izhevsk,RU,56.82809829711914,53.45750045776367,531,Europe/Samara,medium_airport
IKA,OIIE,Imam Khomeini International Airport,Tehran,IR,35.416099548339844,51.152198791503906,3305,Asia/Tehran,large_airport
IKI,RJDB,Iki Airport,Iki,JP,33.7490005493,129.785003662,41,Asia/Tokyo,medium_airport
IKK,KIKK,Greater Kankakee Airport,Kankakee,US,41.07139968869999,-87.8462982178,630,America/Chicago,medium_airport
IKS,UEST,Tiksi Airport,Tiksi,RU,71.697700500488,128.90299987793,26,Asia/Yakutsk,medium_airport
IKT,UIII,Irkutsk International Airport,Irkutsk,RU,52.268002,104.389,1675,Asia/Irkutsk,medium_airport
IKU,UCFL,Issyk-Kul International Airport,Tamchy,KG,42.585584,76.701181,5425,Asia/Bishkek,medium_airport
ILD,LEDA,Lleida-Alguaire Airport,Lleida,ES,41.728185,0.535023,1152,Europe/Madrid,medium_airport
ILG,KILG,Wilmington Airport,Wilmington,US,39.678699,-75.606499,80,America/New_York,medium_airport
ILI,PAIL,Iliamna Airport,Iliamna,US,59.754398,-154.910996,192,America/Anchorage,medium_airport
ILM,KILM,Wilmington International Airport,Wilmington,US,34.270599365234375,-77.90260314941406,32,America/New_York,medium_airport
ILN,KILN,Wilmington Airpark,Wilmington,US,39.427898407,-83.792098999,1077,America/New_York,medium_airport
ILO,RPVI,Iloilo International Airport,Cabatuan,PH,10.833017,122.493358,27,Asia/Manila,medium_airport
ILP,NWWE,Île des Pins Airport,Île des Pins,NC,-22.588899612426758,167.45599365234375,315,Pacific/Noumea,medium_airport
ILQ,SPLO,General Jorge Fernandez Maldon Airport,Ilo,PE,-17.695,-71.344002,72,America/Lima,medium_airport
ILR,DNIL,Ilorin International Airport,Ilorin,NG,8.440210342407227,4.493919849395752,1126,Africa/Lagos,medium_airport
ILS,MSSS,Ilopango International Airport,San Salvador,SV,13.6995,-89.119904,2027,America/El_Salvador,medium_airport
ILY,EGPI,Islay Airport,"Isle of Islay, Argyll and Bute",GB,55.682708,-6.257525,56,Europe/London,medium_airport
ILZ,LZZI,Žilina-Dolný Hričov Airport,Dolný Hričov,SK,49.233292,18.613386,1020,Europe/Bratislava,medium_airport
IMF,VEIM,Imphal Airport,Imphal,IN,24.7600002289,93.896697998,2540,Asia/Kolkata,medium_airport
IMP,SBIZ,Prefeito Renato Moreira Airport,Imperatriz,BR,-5.53129,-47.459999,430,America/Fortaleza,medium_airport
IMQ,OITU,Maku National Airport,Showt,IR,39.191293,44.928505,3136,Asia/Tehran,medium_airport
IMT,KIMT,Ford Airport,Kingsford,US,45.81911,-88.114557,1182,America/Chicago,medium_airport
INA,UUYI,Inta Airport,Inta,RU,66.053372,60.105786,184,Europe/Moscow,medium_airport
INC,ZLIC,Yinchuan Hedong International Airport,Yinchuan,CN,38.322758,106.393214,3743,Asia/Shanghai,medium_airport
IND,KIND,Indianapolis International Airport,Indianapolis,US,39.7173,-86.294403,797,America/New_York,large_airport
INH,FQIN,Inhambane Airport,Inhambane,MZ,-23.8764,35.408501,30,Africa/Maputo,medium_airport
INI,LYNI,Niš Constantine the Great Airport,Niš,RS,43.337009,21.85451,648,Europe/Belgrade,medium_airport
INK,KINK,Winkler County Airport,Wink,US,31.779600143399996,-103.200996399,2822,America/Chicago,medium_airport
INL,KINL,Falls International Airport,International Falls,US,48.566200256347656,-93.4030990600586,1185,America/Chicago,medium_airport
INN,LOWI,Innsbruck Airport,Innsbruck,AT,47.260201,11.344,1907,Europe/Vienna,medium_airport
INT,KINT,Smith Reynolds Airport,Winston Salem,US,36.13370132446289,-80.22200012207031,969,America/New_York,medium_airport
INU,ANYN,Nauru International Airport,Yaren District,NR,-0.547458,166.919006,22,Pacific/Nauru,medium_airport
INV,EGPE,Inverness Airport,Inverness,GB,57.54249954223633,-4.047500133514404,31,Europe/London,medium_airport
INW,KINW,Winslow Lindbergh Regional Airport,Winslow,US,35.021900177,-110.722999573,4941,America/Phoenix,medium_airport
INZ,DAUI,In Salah Airport,In Salah,DZ,27.250999,2.51202,896,Africa/Algiers,medium_airport
IOA,LGIO,Ioannina King Pyrrhus National Airport,Ioannina,GR,39.6964,20.8225,1558,Europe/Athens,medium_airport
IOM,EGNS,Isle of Man Airport,Castletown,IM,54.083302,-4.62389,52,Europe/Isle_of_Man,medium_airport
IOS,SBIL,Bahia - Jorge Amado Airport,Ilhéus,BR,-14.815929,-39.033458,15,America/Bahia,medium_airport
IPC,SCIP,Mataveri Airport,Isla De Pascua,CL,-27.1648006439,-109.42199707,227,Pacific/Easter,medium_airport
IPH,WMKI,Sultan Azlan Shah Airport,Ipoh,MY,4.567969799041748,101.09200286865234,130,Asia/Kuala_Lumpur,medium_airport
IPI,SKIP,San Luis Airport,Ipiales,CO,0.861946,-77.671783,9765,America/Bogota,medium_airport
IPL,KIPL,Imperial County Airport,Imperial,US,32.83539,-115.574026,-54,America/Los_Angeles,medium_airport
IPN,SBIP,Usiminas Airport,Ipatinga,BR,-19.470699,-42.487598,786,America/Sao_Paulo,medium_airport
IPT,KIPT,Williamsport Regional Airport,Williamsport,US,41.242126,-76.92245,529,America/New_York,medium_airport
IQA,ORAA,Al Asad Air Base,Hīt,IQ,33.7855987549,42.4412002563,618,Asia/Baghdad,medium_airport
IQM,ZWCM,Qiemo Yudu Airport,Qiemo,CN,38.234516,85.465462,,Asia/Shanghai,medium_airport
IQN,ZLQY,Qingyang Xifeng Airport,Qingyang (Xifeng),CN,35.802638,107.598896,,Asia/Shanghai,medium_airport
IQQ,SCDA,Diego Aracena Airport,Iquique,CL,-20.5352,-70.181297,155,America/Santiago,medium_airport
IQT,SPQT,Coronel FAP Francisco Secada Vignetta International Airport,Iquitos,PE,-3.78474,-73.3088,306,America/Lima,medium_airport
IRD,VGIS,Ishurdi Airport,Ishurdi,BD,24.1525,89.0494,45,N/A,medium_airport
IRG,YLHR,Lockhart River Airport,Lockhart River,AU,-12.7869,143.304993,77,Australia/Brisbane,medium_airport
IRI,HTIR,Iringa Airport,Nduli,TZ,-7.66863,35.752102,4678,Africa/Dar_es_Salaam,medium_airport
IRJ,SANL,Capitan V A Almonacid Airport,La Rioja,AR,-29.381599,-66.795799,1437,America/Argentina/La_Rioja,medium_airport
IRK,KIRK,Kirksville Regional Airport,Kirksville,US,40.09349822998047,-92.5448989868164,966,America/Chicago,medium_airport
IRP,FZJH,Matari Airport,Isiro,CD,2.82761,27.588301,2438,Africa/Lubumbashi,medium_airport
ISA,YBMA,Mount Isa Airport,Mount Isa,AU,-20.66638,139.488468,1121,Australia/Brisbane,medium_airport
ISB,OPIS,Islamabad International Airport,Attock,PK,33.549,72.82566,1761,Asia/Karachi,large_airport
ISE,LTFC,Süleyman Demirel International Airport,Isparta,TR,37.8554,30.368401,2835,Europe/Istanbul,medium_airport
ISG,ROIG,New Ishigaki Airport,Ishigaki,JP,24.396389,124.245,102,Asia/Tokyo,medium_airport
ISK,VAOZ,Nashik Airport,Nasik,IN,20.119101,73.912903,1900,Asia/Kolkata,medium_airport
ISL,LTBA,İstanbul Atatürk Airport,"Bakırköy, Istanbul",TR,40.971913,28.823714,163,Europe/Istanbul,medium_airport
ISM,KISM,Kissimmee Gateway Airport,Orlando,US,28.2898006439,-81.4371032715,82,America/New_York,medium_airport
ISO,KISO,Kinston Regional Jetport At Stallings Field,Kinston,US,35.331401825,-77.60880279540001,93,America/New_York,medium_airport
ISP,KISP,Long Island Mac Arthur Airport,Islip,US,40.79520035,-73.10019684,99,America/New_York,medium_airport
IST,LTFM,İstanbul Airport,"Arnavutköy, Istanbul",TR,41.261297,28.741951,325,Europe/Istanbul,large_airport
ISU,ORSU,Sulaymaniyah International Airport,Sulaymaniyah,IQ,35.5617485046,45.316738128699996,2494,Asia/Baghdad,medium_airport
ITA,SBIC,Itacoatiara Airport,Itacoatiara,BR,-3.126539,-58.481668,142,America/Boa_Vista,medium_airport
ITB,SBIH,Itaituba Airport,Itaituba,BR,-4.242131,-56.000651,110,America/Belem,medium_airport
ITH,KITH,Ithaca Tompkins Regional Airport,Ithaca,US,42.49100112915039,-76.4583969116211,1099,America/New_York,medium_airport
ITM,RJOO,Osaka International Airport,Osaka,JP,34.7855,135.438004,50,Asia/Tokyo,large_airport
ITO,PHTO,Hilo International Airport,Hilo,US,19.721399,-155.048004,38,Pacific/Honolulu,medium_airport
IUE,NIUE,Niue International Airport,Alofi,NU,-19.079030990600586,-169.92559814453125,209,Pacific/Niue,medium_airport
IVC,NZNV,Invercargill Airport,Invercargill,NZ,-46.41239929199219,168.31300354003906,5,Pacific/Auckland,medium_airport
IVL,EFIV,Ivalo Airport,Ivalo,FI,68.607299804688,27.405300140381,481,Europe/Helsinki,medium_airport
IVR,YIVL,Inverell Airport,Inverell,AU,-29.888299942,151.143997192,2667,Australia/Sydney,medium_airport
IWA,UUBI,Ivanovo South Airport,Ivanovo,RU,56.93939971923828,40.940799713134766,410,Europe/Moscow,medium_airport
IWJ,RJOW,Iwami Airport,Masuda,JP,34.676399231,131.789993286,184,Asia/Tokyo,medium_airport
IWK,RJOI,Iwakuni Kintaikyo Airport / Marine Corps Air Station Iwakuni,Iwakuni,JP,34.146333,132.247238,7,Asia/Tokyo,medium_airport
IWO,RJAW,Ioto (Iwo Jima) Airbase,Ogasawara,JP,24.784153,141.32261,384,Asia/Tokyo,medium_airport
IXA,VEAT,Agartala - Maharaja Bir Bikram Airport,Agartala,IN,23.886999,91.240402,46,Asia/Kolkata,medium_airport
IXB,VEBD,Bagdogra Airport,Siliguri,IN,26.68120002746582,88.32859802246094,412,Asia/Kolkata,medium_airport
IXC,VICG,Chandigarh International Airport,Chandigarh,IN,30.6735,76.788498,1012,Asia/Kolkata,medium_airport
IXD,VEAB,Prayagraj Airport,Allahabad,IN,25.4401,81.733902,322,Asia/Kolkata,medium_airport
IXE,VOML,Mangalore International Airport,Mangalore,IN,12.9612998962,74.8900985718,337,Asia/Kolkata,medium_airport
IXG,VOBM,Belagavi Airport,Belgaum,IN,15.8593,74.618301,2487,Asia/Kolkata,medium_airport
IXH,VEKR,Kailashahar Airport,Kailashahar,IN,24.308657,92.00768,79,Asia/Kolkata,medium_airport
IXI,VELR,Lilabari North Lakhimpur Airport,Lilabari,IN,27.295682,94.097266,330,Asia/Kolkata,medium_airport
IXJ,VIJU,Jammu Airport,Jammu,IN,32.688849,74.838152,996,Asia/Kolkata,medium_airport
IXK,VAKS,Keshod Airport,Keshod,IN,21.317101,70.270401,167,Asia/Kolkata,medium_airport
IXL,VILH,Leh Kushok Bakula Rimpochee Airport,Leh,IN,34.135899,77.546501,10682,Asia/Kolkata,medium_airport
IXM,VOMD,Madurai Airport,Madurai,IN,9.83450984955,78.09339904790001,459,Asia/Kolkata,medium_airport
IXP,VIPK,Pathankot Airport,Pathankot,IN,32.233611,75.634444,1017,Asia/Kolkata,medium_airport
IXR,VERC,Birsa Munda Airport,Ranchi,IN,23.314300537100003,85.3217010498,2148,Asia/Kolkata,medium_airport
IXS,VEKU,Silchar Airport,Silchar,IN,24.9129009247,92.97869873050001,352,Asia/Kolkata,medium_airport
IXU,VAAU,Aurangabad Airport,Aurangabad,IN,19.862699508666992,75.39810180664062,1911,Asia/Kolkata,medium_airport
IXV,VEAN,Along Airport,,IN,28.17530059814453,94.802001953125,900,Asia/Kolkata,medium_airport
IXW,VEJS,Sonari Airport,Jamshedpur,IN,22.813706,86.168981,475,Asia/Kolkata,medium_airport
IXX,VOBR,Bidar Airport / Bidar Air Force Station,Bidar,IN,17.9081,77.487099,2178,N/A,medium_airport
IXY,VAKE,Kandla Airport,Kandla,IN,23.1127,70.100304,96,Asia/Kolkata,medium_airport
IXZ,VOPB,Veer Savarkar International Airport / INS Utkrosh,Port Blair,IN,11.641208,92.729643,13,Asia/Kolkata,medium_airport
IZA,SBZM,Presidente Itamar Franco Airport,Juiz de Fora,BR,-21.513086,-43.173069,1348,America/Sao_Paulo,medium_airport
IZO,RJOC,Izumo Enmusubi Airport,Izumo,JP,35.413601,132.889999,15,Asia/Tokyo,medium_airport
IZT,MMIT,General Antonio Cárdenas Rodríguez National Airport / Ixtepec Air Base,Ixtepec,MX,16.445961,-95.093708,164,America/Mexico_City,medium_airport
JAA,OAJL,Jalalabad Airport,Jalalabad,AF,34.399799,70.498596,1814,Asia/Kabul,medium_airport
JAC,KJAC,Jackson Hole Airport,Jackson,US,43.6072998046875,-110.73799896240234,6451,America/Denver,medium_airport
JAD,YPJT,Perth Jandakot Airport,Perth,AU,-32.09749984741211,115.88099670410156,99,Australia/Perth,medium_airport
JAE,SPJE,Shumba Airport,Jaén,PE,-5.59248,-78.774002,2477,America/Lima,medium_airport
JAF,VCCJ,Jaffna International Airport,Jaffna,LK,9.79233,80.070099,33,Asia/Colombo,medium_airport
JAG,OPJA,Shahbaz Air Base,Jacobabad,PK,28.28420066833496,68.44969940185547,185,Asia/Karachi,medium_airport
JAI,VIJP,Jaipur International Airport,Jaipur,IN,26.8242,75.812202,1263,Asia/Kolkata,medium_airport
JAK,MTJA,Jacmel Airport,Jacmel,HT,18.2411,-72.518501,167,America/Port-au-Prince,medium_airport
JAL,MMJA,El Lencero Airport,Emiliano Zapata,MX,19.475107,-96.797008,3127,America/Mexico_City,medium_airport
JAM,,Bezmer Air Base,Bezmer,BG,42.454899,26.3522,509,Europe/Sofia,medium_airport
JAN,KJAN,Jackson-Medgar Wiley Evers International Airport,Jackson,US,32.311199,-90.075897,346,America/Chicago,medium_airport
JAU,SPJJ,Francisco Carle Airport,Jauja,PE,-11.7831001282,-75.47339630130001,11034,America/Lima,medium_airport
JAV,BGJN,Ilulissat Airport,Ilulissat,GL,69.243202,-51.057098,95,America/Nuuk,medium_airport
JAX,KJAX,Jacksonville International Airport,Jacksonville,US,30.492469,-81.687813,30,America/New_York,large_airport
JBQ,MDJB,La Isabela International Airport,La Isabela,DO,18.572500228881836,-69.98560333251953,98,America/Santo_Domingo,medium_airport
JBR,KJBR,Jonesboro Municipal Airport,Jonesboro,US,35.83169937133789,-90.64640045166016,262,America/Chicago,medium_airport
JCR,SBEK,Jacareacanga Airport,Jacareacanga,BR,-6.23316,-57.776901,295,America/Santarem,medium_airport
JCT,KJCT,Kimble County Airport,Junction,US,30.5112991333,-99.7634963989,1749,America/Chicago,medium_airport
JDF,SBJF,Francisco de Assis Airport,Juiz de Fora,BR,-21.791482,-43.386072,2989,America/Sao_Paulo,medium_airport
JDG,RKPD,Jeongseok Airport,Jeju Island,KR,33.3996009827,126.711997986,1171,Asia/Seoul,medium_airport
JDH,VIJO,Jodhpur Airport,Jodhpur,IN,26.251100540161133,73.04889678955078,717,Asia/Kolkata,medium_airport
JDZ,ZSJD,Jingdezhen Luojia Airport,Jingdezhen,CN,29.3386,117.176003,112,Asia/Shanghai,medium_airport
JED,OEJN,King Abdulaziz International Airport,Jeddah,SA,21.6796,39.156502,48,Asia/Riyadh,large_airport
JEE,MTJE,Jérémie Airport,Carrefour Sanon,HT,18.663099,-74.170303,147,America/Port-au-Prince,medium_airport
JEG,BGAA,Aasiaat Airport,Aasiaat,GL,68.721802,-52.784698,74,America/Nuuk,medium_airport
JER,EGJJ,Jersey Airport,St. Peter,JE,49.207901,-2.19551,277,Europe/Jersey,medium_airport
JFK,KJFK,John F Kennedy International Airport,New York,US,40.639447,-73.779317,13,America/New_York,large_airport
JFN,KHZY,Northeast Ohio Regional Airport,Ashtabula,US,41.778,-80.695503,924,America/New_York,medium_airport
JGA,VAJM,Jamnagar Airport,Jamnagar,IN,22.465499877929688,70.01260375976562,69,Asia/Kolkata,medium_airport
JGD,ZYJD,Daxing'anling Elunchun Airport,Jiagedaqi,CN,50.371389,124.1175,1205,N/A,medium_airport
JGS,ZSGS,Jinggangshan Airport,Ji'an,CN,26.856899,114.737,281,Asia/Shanghai,medium_airport
JHB,WMKJ,Senai International Airport,Johor Bahru,MY,1.64131,103.669998,135,Asia/Kuala_Lumpur,medium_airport
JHF,SBJH,São Paulo Catarina Executive Airport,São Roque,BR,-23.426886,-47.165658,2547,America/Sao_Paulo,medium_airport
JHG,ZPJH,Xishuangbanna Gasa International Airport,Jinghong (Gasa),CN,21.974648,100.762224,1815,Asia/Shanghai,medium_airport
JHM,PHJH,Kapalua Airport,Lahaina,US,20.9629,-156.673004,256,Pacific/Honolulu,medium_airport
JHS,BGSS,Sisimiut Airport,Sisimiut,GL,66.951302,-53.729301,33,America/Nuuk,medium_airport
JHW,KJHW,Chautauqua County-Jamestown Airport,Jamestown,US,42.15425,-79.254008,1723,America/New_York,medium_airport
JIB,HDAM,Djibouti-Ambouli Airport,Djibouti City,DJ,11.5473,43.1595,49,Africa/Djibouti,large_airport
JIJ,HAJJ,Wilwal International Airport,Jijiga,ET,9.3325,42.9121,5954,Africa/Addis_Ababa,medium_airport
JIM,HAJM,Jimma Airport,Jimma,ET,7.66609001159668,36.81660079956055,5500,Africa/Addis_Ababa,medium_airport
JIQ,ZUQJ,Qianjiang Wulingshan Airport,Qianjiang,CN,29.5133333333,108.831111111,2075,Asia/Shanghai,medium_airport
JJD,SBJE,Comandante Ariston Pessoa Airport,Cruz,BR,-2.906425,-40.357338,89,America/Fortaleza,medium_airport
JJI,SPJI,Juanjui Airport,Juanjuí,PE,-7.1691,-76.7286,1148,America/Lima,medium_airport
JJN,ZSQZ,Quanzhou Jinjiang International Airport,Quanzhou,CN,24.796587,118.588883,39,Asia/Shanghai,medium_airport
JKG,ESGJ,Jönköping Airport,Jönköping,SE,57.757598876953125,14.068699836730957,741,Europe/Stockholm,medium_airport
JKH,LGHI,Chios Island National Airport,Chios Island,GR,38.34320068359375,26.140600204467773,15,Europe/Athens,medium_airport
JKR,VNJP,Janakpur Airport,Janakpur,NP,26.708799,85.922401,256,Asia/Kathmandu,medium_airport
JLN,KJLN,Joplin Regional Airport,Joplin,US,37.151798,-94.498299,981,America/Chicago,medium_airport
JLR,VAJB,Jabalpur Airport,Jabalpur,IN,23.177799,80.052002,1624,Asia/Kolkata,medium_airport
JMJ,ZPJM,Lancang Jingmai Airport,Pu'er (Lancang),CN,22.417733,99.784012,,N/A,medium_airport
JMK,LGMK,Mykonos Island National Airport,Mykonos,GR,37.435101,25.348101,405,Europe/Athens,medium_airport
JMS,KJMS,Jamestown Regional Airport,Jamestown,US,46.92969894,-98.67819977,1500,America/Chicago,medium_airport
JMU,ZYJM,Jiamusi Dongjiao Airport,Jiamusi,CN,46.843399,130.464996,262,Asia/Shanghai,medium_airport
JNB,FAOR,O.R. Tambo International Airport,Johannesburg,ZA,-26.1392,28.246,5558,Africa/Johannesburg,large_airport
JNG,ZSJG,Jining Da'an Airport,Jining,CN,35.647358,116.743269,171,Asia/Shanghai,medium_airport
JNH,ZSJX,Jiaxing Airport / Jiaxing Air Base,"Xiuzhou, Hangzhou",CN,30.705535,120.679779,17,Asia/Shanghai,medium_airport
JNU,PAJN,Juneau International Airport,Juneau,US,58.355,-134.576004,21,America/Anchorage,medium_airport
JNZ,ZYJZ,Jinzhou Bay Airport,Jinzhou (Linghai),CN,40.936032,121.277114,,Asia/Shanghai,medium_airport
JOE,EFJO,Joensuu Airport,Joensuu,FI,62.658815,29.619398,398,Europe/Helsinki,medium_airport
JOG,WAHH,Adisutjipto Airport,Yogyakarta,ID,-7.78818,110.431999,379,Asia/Jakarta,medium_airport
JOH,FAPJ,Port St Johns Airport,Port St Johns,ZA,-31.60612,29.52175,1227,Africa/Johannesburg,medium_airport
JOI,SBJV,Lauro Carneiro de Loyola Airport,Joinville,BR,-26.224501,-48.797401,15,America/Sao_Paulo,medium_airport
JOK,UWKJ,Yoshkar-Ola Airport,Yoshkar-Ola,RU,56.7006,47.904701,348,N/A,medium_airport
JOL,RPMJ,Jolo Airport,Jolo,PH,6.05367,121.011002,118,Asia/Manila,medium_airport
JOS,DNJO,Yakubu Gowon Airport,Jos,NG,9.639829635620117,8.869050025939941,4232,Africa/Lagos,medium_airport
JPA,SBJP,Presidente Castro Pinto International Airport,João Pessoa,BR,-7.148691,-34.950554,217,America/Fortaleza,medium_airport
JRF,PHJR,Kalaeloa Airport,Kapolei,US,21.3074,-158.070009,30,Pacific/Honolulu,medium_airport
JRH,VEJT,Jorhat Airport,Jorhat,IN,26.730456,94.175416,311,Asia/Kolkata,medium_airport
JRO,HTKJ,Kilimanjaro International Airport,Arusha,TZ,-3.42941,37.074501,2932,Africa/Dar_es_Salaam,medium_airport
JSA,VIJR,Jaisalmer Airport,,IN,26.8887,70.864998,751,Asia/Kolkata,medium_airport
JSH,LGST,Sitia Airport,Crete Island,GR,35.21609878540039,26.101299285888672,376,Europe/Athens,medium_airport
JSI,LGSK,Skiathos Island National Airport,Skiathos,GR,39.177101,23.5037,54,Europe/Athens,medium_airport
JSJ,ZYJS,Jiansanjiang Shidi Airport,Jiansanjiang,CN,47.108248,132.65792,,N/A,medium_airport
JSO,,Dr. Luciano de Arruda Coelho Regional Airport,Sobral,BR,-3.614488,-40.231426,299,N/A,medium_airport
JSR,VGJR,Jessore Airport,Jashore (Jessore),BD,23.1838,89.160797,20,Asia/Dhaka,medium_airport
JST,KJST,John Murtha Johnstown Cambria County Airport,Johnstown,US,40.31610107421875,-78.83390045166016,2284,America/New_York,medium_airport
JTC,SBAE,Bauru/Arealva–Moussa Nakhal Tobias State Airport,Bauru,BR,-22.160755,-49.070325,1962,America/Sao_Paulo,medium_airport
JTR,LGSR,Santorini Airport,Santorini Island,GR,36.399200439453125,25.479299545288086,127,Europe/Athens,medium_airport
JUB,HJJJ,Juba International Airport,Juba,SS,4.87201,31.601101,1513,Africa/Juba,large_airport
JUJ,SASJ,Gobernador Horacio Guzman International Airport,San Salvador de Jujuy,AR,-24.392799,-65.097801,3019,America/Argentina/Jujuy,medium_airport
JUL,SPJL,Inca Manco Capac International Airport,Juliaca,PE,-15.467100143432617,-70.158203125,12552,America/Lima,medium_airport
JUZ,ZSJU,Quzhou Airport,Quzhou (Kezheng),CN,28.96613,118.898793,213,Asia/Shanghai,medium_airport
JWA,FBJW,Jwaneng Airport,Jwaneng,BW,-24.602301,24.691,3900,Africa/Gaborone,medium_airport
JWN,OITZ,Zanjan Airport,Zanjan,IR,36.7737007141,48.3594017029,5382,Asia/Tehran,medium_airport
JWO,RKTI,Jungwon Air Base/Chungju Airport,Gimseang-ro,KR,37.03024,127.886353,281,Asia/Seoul,medium_airport
JXA,ZYJX,Jixi Xingkaihu Airport,Jixi,CN,45.293,131.193,760,Asia/Shanghai,medium_airport
JXN,KJXN,Jackson County Airport/Reynolds Field,Jackson,US,42.260509,-84.463019,1001,America/Detroit,medium_airport
JYR,OIKJ,Jiroft Airport,Jiroft,IR,28.723519,57.675037,2663,Asia/Tehran,medium_airport
JYV,EFJY,Jyväskylä Airport,Jyväskylän Maalaiskunta,FI,62.399502,25.678301,459,Europe/Helsinki,medium_airport
JZH,ZUJZ,Jiuzhai Huanglong Airport,Ngawa (Songpan),CN,32.853333,103.682222,11327,Asia/Shanghai,medium_airport
KAB,FVKB,Kariba International Airport,Kariba,ZW,-16.5198,28.885,1706,Africa/Harare,medium_airport
KAC,OSKL,Qamishli Airport,Qamishly,SY,37.020599,41.191399,1480,Asia/Damascus,medium_airport
KAD,DNKA,Kaduna Airport,Kaduna,NG,10.696000099182129,7.320109844207764,2073,Africa/Lagos,medium_airport
KAG,RKNN,Gangneung Airport (K-18),Gangneung,KR,37.753601,128.943915,35,Asia/Seoul,medium_airport
KAI,SYKA,Kaieteur International Airport,Kaieteur Falls,GY,5.177349,-59.48898,1520,N/A,medium_airport
KAJ,EFKI,Kajaani Airport,Kajaani,FI,64.2855,27.6924,483,Europe/Helsinki,medium_airport
KAN,DNKN,Mallam Aminu International Airport,Kano,NG,12.0476,8.52462,1562,Africa/Lagos,medium_airport
KAO,EFKS,Kuusamo Airport,Kuusamo,FI,65.987602,29.239401,866,Europe/Helsinki,medium_airport
KAT,NZKT,Kaitaia Airport,Awanui,NZ,-35.069837,173.287053,270,Pacific/Auckland,medium_airport
KAU,EFKA,Kauhava Airfield,Kauhava,FI,63.127102,23.051399,151,Europe/Helsinki,medium_airport
KAW,VYKT,Kawthoung Airport,Kawthoung,MM,10.049300193786621,98.53800201416016,180,Asia/Yangon,medium_airport
KBK,VEKI,Kushinagar International Airport,Kushinagar,IN,26.776534,83.889214,266,Asia/Kolkata,medium_airport
KBL,OAKB,Kabul International Airport,Kabul,AF,34.565899,69.212303,5877,Asia/Kabul,medium_airport
KBP,UKBB,Boryspil International Airport,Boryspil,UA,50.345001,30.894699,427,Europe/Kyiv,large_airport
KBR,WMKC,Sultan Ismail Petra Airport,Kota Baharu,MY,6.1668500900268555,102.29299926757812,16,Asia/Kuala_Lumpur,medium_airport
KBS,GFBO,Bo Airport,Bo,SL,7.9444,-11.761,328,Africa/Freetown,medium_airport
KBV,VTSG,Krabi Airport,Krabi,TH,8.09912014008,98.9861984253,82,Asia/Bangkok,medium_airport
KCH,WBGG,Kuching International Airport,Kuching,MY,1.487364,110.352859,89,Asia/Kuala_Lumpur,medium_airport
KCM,LTCN,Kahramanmaraş Airport,Kahramanmaraş,TR,37.5388259888,36.9535217285,1723,Europe/Istanbul,medium_airport
KCO,LTBQ,Cengiz Topel Airport,Kartepe,TR,40.735001,30.0833,182,Europe/Istanbul,medium_airport
KCT,VCCK,Koggala Airport,Galle,LK,5.993680000305176,80.32029724121094,10,Asia/Colombo,medium_airport
KCY,,Krasnoyarsk Cheremshanka Airport,Krasnoyarsk,RU,56.177584,92.545881,833,N/A,medium_airport
KCZ,RJOK,Kochi Ryoma Airport,Nankoku,JP,33.546101,133.669006,42,Asia/Tokyo,medium_airport
KDH,OAKN,Ahmad Shah Baba International Airport / Kandahar Airfield,Khvoshab,AF,31.5058,65.847801,3337,Asia/Kabul,medium_airport
KDL,EEKA,Kärdla Airport,Kärdla,EE,58.99079895019531,22.830699920654297,18,Europe/Tallinn,medium_airport
KDM,VRMT,Kaadedhdhoo Airport,Huvadhu Atoll,MV,0.488131,72.996902,2,Indian/Maldives,medium_airport
KDO,VRMK,Kadhdhoo Airport,Kadhdhoo,MV,1.8591699600219727,73.52189636230469,4,Indian/Maldives,medium_airport
KDT,VTBK,Kamphaeng Saen Airport,Nakhon Pathom,TH,14.1020002365,99.9171981812,30,Asia/Bangkok,medium_airport
KDU,OPSD,Skardu Airport,Skardu,PK,35.33549880981445,75.53600311279297,7316,Asia/Karachi,medium_airport
KEF,BIKF,Keflavik International Airport,Reykjavík,IS,63.985001,-22.6056,171,Atlantic/Reykjavik,large_airport
KEJ,UNEE,Kemerovo Airport,Kemerovo,RU,55.27009963989258,86.1072006225586,863,Asia/Novokuznetsk,medium_airport
KEL,EDHK,Kiel-Holtenau Airport,Kiel,DE,54.37957,10.145266,102,Europe/Berlin,medium_airport
KEM,EFKE,Kemi-Tornio Airport,Kemi / Tornio,FI,65.778701782227,24.582099914551,61,Europe/Helsinki,medium_airport
KEN,GFKE,Kenema Airport,Kenema,SL,7.896364,-11.174126,485,Africa/Freetown,medium_airport
KEP,VNNG,Nepalgunj Airport,Nepalgunj,NP,28.1036,81.667,540,Asia/Kathmandu,medium_airport
KER,OIKK,Ayatollah Hashemi Rafsanjani International Airport,Kerman,IR,30.271276,56.949692,5741,Asia/Tehran,medium_airport
KES,CZEE,Kelsey Airport,Kelsey,CA,56.0374984741,-96.50969696039999,600,America/Winnipeg,medium_airport
KET,VYKG,Kengtung Airport,Kengtung,MM,21.301599502563477,99.63600158691406,2798,Asia/Yangon,medium_airport
KEV,EFHA,Halli Airport,Jämsä,FI,61.856039,24.786686,479,Europe/Helsinki,medium_airport
KFS,LTAL,Kastamonu Airport,Kastamonu,TR,41.314201,33.795799,3520,Europe/Istanbul,medium_airport
KFZ,LAKU,Kukës International Airport,Kukës,AL,42.035802,20.415955,1120,Europe/Tirane,medium_airport
KGA,FZUA,Kananga Airport,Kananga,CD,-5.90005,22.4692,2139,Africa/Lubumbashi,medium_airport
KGC,YKSC,Kingscote Airport,,AU,-35.71390151977539,137.52099609375,24,Australia/Adelaide,medium_airport
KGD,UMKK,Khrabrovo Airport,Kaliningrad,RU,54.891616,20.598607,42,Europe/Kaliningrad,medium_airport
KGF,UAKK,Sary-Arka Airport,Karaganda,KZ,49.670799,73.334396,1765,Asia/Almaty,medium_airport
KGG,GOTK,Kédougou Airport,Kédougou,SN,12.57229995727539,-12.22029972076416,584,Africa/Dakar,medium_airport
KGI,YPKG,Kalgoorlie Boulder Airport,Broadwood,AU,-30.791543,121.464586,1203,Australia/Perth,medium_airport
KGJ,FWKA,Karonga Airport,Karonga,MW,-9.953571,33.893264,1765,Africa/Blantyre,medium_airport
KGL,HRYR,Kigali International Airport,Kigali,RW,-1.96863,30.1395,4859,Africa/Kigali,large_airport
KGP,USRK,Kogalym International Airport,Kogalym,RU,62.190399169921875,74.53379821777344,220,Asia/Yekaterinburg,medium_airport
KGS,LGKO,Kos Airport,Kos Island,GR,36.794523,27.09115,412,Europe/Athens,medium_airport
KGT,ZUKD,Kangding Airport,Garzê (Kangding),CN,30.142464,101.73872,14042,N/A,medium_airport
KGY,YKRY,Kingaroy Airport,,AU,-26.581077,151.839927,1492,Australia/Brisbane,medium_airport
KHD,OICK,Khoram Abad Airport,,IR,33.43539810180664,48.282901763916016,3782,Asia/Tehran,medium_airport
KHE,UKOH,Kherson International Airport,Kherson,UA,46.6758,32.506401,148,N/A,medium_airport
KHG,ZWSH,Kashgar Laining International Airport,Kashgar,CN,39.5429,76.019997,4529,Asia/Shanghai,medium_airport
KHH,RCKH,Kaohsiung International Airport,Kaohsiung (Xiaogang),TW,22.577101,120.349998,31,Asia/Taipei,large_airport
KHI,OPKC,Jinnah International Airport,Karachi,PK,24.9065,67.160797,100,Asia/Karachi,large_airport
KHJ,EFKJ,Kauhajoki Airfield,Kauhajoki,FI,62.463212,22.390817,407,Europe/Helsinki,medium_airport
KHK,OIBQ,Khark Airport,Khark,IR,29.260503,50.322193,17,Asia/Tehran,medium_airport
KHN,ZSCN,Nanchang Changbei International Airport,Nanchang,CN,28.864815,115.90271,143,Asia/Shanghai,large_airport
KHS,OOKB,Khasab Airport,Khasab,OM,26.171,56.240601,100,Asia/Muscat,medium_airport
KHT,OAKS,Khost International Airport,Khost,AF,33.284605,69.80734,4204,Asia/Kabul,medium_airport
KHV,UHHH,Khabarovsk Novy Airport,Khabarovsk,RU,48.528338,135.188588,244,Asia/Vladivostok,medium_airport
KID,ESMK,Kristianstad Airport,Kristianstad,SE,55.9217,14.0855,76,Europe/Stockholm,medium_airport
KIH,OIBK,Kish International Airport,Kish Island,IR,26.5261993408,53.980201721200004,101,Asia/Tehran,medium_airport
KIJ,RJSN,Niigata Airport,Niigata,JP,37.9558982849,139.121002197,29,Asia/Tokyo,medium_airport
KIK,ORKK,Kirkuk Air Base,Kirkuk,IQ,35.469501,44.3489,1061,Asia/Baghdad,medium_airport
KIM,FAKM,Kimberley Airport,Kimberley,ZA,-28.802799224900003,24.7651996613,3950,Africa/Johannesburg,medium_airport
KIN,MKJP,Norman Manley International Airport,Kingston,JM,17.935699462890625,-76.7874984741211,10,America/Jamaica,large_airport
KIR,EIKY,Kerry Airport,Farranfore,IE,52.180901,-9.52378,112,Europe/Dublin,medium_airport
KIS,HKKI,Kisumu Airport,Kisumu,KE,-0.0861390009522438,34.72890090942383,3734,Africa/Nairobi,medium_airport
KIW,FLSO,Southdowns Airport,Kitwe,ZM,-12.9005,28.1499,4145,Africa/Lusaka,medium_airport
KIX,RJBB,Kansai International Airport,Osaka,JP,34.427299,135.244003,26,Asia/Tokyo,large_airport
KJA,UNKL,Krasnoyarsk International Airport,Krasnoyarsk,RU,56.173077,92.492437,942,Asia/Krasnoyarsk,large_airport
KJB,VOKU,Kurnool Airport,Orvakal,IN,15.716288,78.16923,920,Asia/Kolkata,medium_airport
KJH,ZUKJ,Kaili Huangping Airport,Kaili  (Huangping),CN,26.972,107.988,3115,Asia/Shanghai,medium_airport
KJI,ZWKN,Burqin Kanas Airport,Burqin,CN,48.2223,86.9959,3921,N/A,medium_airport
KJK,EBKT,Flanders International Airport Kortrijk-Wevelgem,Wevelgem,BE,50.818878,3.209551,55,Europe/Brussels,medium_airport
KJT,WICA,Kertajati International Airport,Kertajati,ID,-6.647384,108.165561,134,Asia/Jakarta,medium_airport
KKC,VTUK,Khon Kaen Airport,Khon Kaen,TH,16.466600418099997,102.783996582,670,Asia/Bangkok,medium_airport
KKE,NZKK,Kerikeri Airport,Kerikeri,NZ,-35.259148,173.913317,492,Pacific/Auckland,medium_airport
KKJ,RJFR,Kitakyushu Airport,Kitakyushu,JP,33.845901,131.035004,21,Asia/Tokyo,medium_airport
KKM,VTBL,Khok Kathiam Airport,Lop Buri,TH,14.87462,100.663397,123,Asia/Bangkok,medium_airport
KKN,ENKR,"Kirkenes Airport, Høybuktmoen",Kirkenes,NO,69.7258,29.8913,283,Europe/Oslo,medium_airport
KKR,NTGK,Kaukura Airport,Raitahiti,PF,-15.6633,-146.884995,11,Pacific/Tahiti,medium_airport
KKS,OIFK,Kashan Airport,Kashan,IR,33.895302,51.577,3465,Asia/Tehran,medium_airport
KKW,FZCA,Kikwit Airport,Kikwit,CD,-5.03577,18.785601,1572,Africa/Kinshasa,medium_airport
KKX,RJKI,Kikai Airport,Kikai,JP,28.321300506599997,129.927993774,21,Asia/Tokyo,medium_airport
KLC,GOOK,Kaolack Airport,Kaolack,SN,14.146900177001953,-16.051300048828125,26,Africa/Dakar,medium_airport
KLD,UUEM,Migalovo Air Base,Tver,RU,56.82469940185547,35.7577018737793,469,Europe/Moscow,medium_airport
KLF,UUBC,Grabtsevo Airport,Kaluga,RU,54.5499992371,36.3666687012,656,Europe/Moscow,medium_airport
KLH,VAKP,Kolhapur Airport,Kolhapur,IN,16.6647,74.289398,1996,Asia/Kolkata,medium_airport
KLO,RPVK,Kalibo International Airport,Kalibo,PH,11.679400444,122.375999451,14,Asia/Manila,medium_airport
KLR,ESMQ,Kalmar Airport,Kalmar,SE,56.685501,16.2876,17,Europe/Stockholm,medium_airport
KLS,KKLS,Southwest Washington Regional Airport,Kelso,US,46.11800003049999,-122.898002625,20,America/Los_Angeles,medium_airport
KLU,LOWK,Klagenfurt Airport,Klagenfurt am Wörthersee,AT,46.642502,14.3377,1472,Europe/Vienna,medium_airport
KLV,LKKV,Karlovy Vary Airport,Karlovy Vary,CZ,50.202999,12.915,1989,Europe/Prague,medium_airport
KLW,PAKW,Klawock Airport,Klawock,US,55.579201,-133.076004,80,America/Anchorage,medium_airport
KLX,LGKL,Kalamata Airport,Kalamata,GR,37.06829833984375,22.02549934387207,26,Europe/Athens,medium_airport
KLZ,FAKZ,Kleinsee Airport,Kleinsee,ZA,-29.6884002686,17.093999862700002,270,Africa/Johannesburg,medium_airport
KMA,AYKM,Kerema Airport,Kerema,PG,-7.96361017227,145.770996094,10,Pacific/Port_Moresby,medium_airport
KMC,OEKK,King Khaled Military City Airport,King Khaled Military City,SA,27.9009,45.528198,1352,N/A,medium_airport
KME,HRZA,Kamembe Airport,Kamembe,RW,-2.462239980697632,28.907899856567383,5192,Africa/Kigali,medium_airport
KMG,ZPPP,Kunming Changshui International Airport,Kunming,CN,25.110313,102.936743,6903,Asia/Shanghai,large_airport
KMH,FAKU,Johan Pienaar Airport,Kuruman,ZA,-27.45669937133789,23.411399841308594,4382,Africa/Johannesburg,medium_airport
KMI,RJFM,Miyazaki Airport,Miyazaki,JP,31.877199173,131.449005127,20,Asia/Tokyo,medium_airport
KMJ,RJFT,Kumamoto Airport,Kumamoto,JP,32.83729934692383,130.85499572753906,642,Asia/Tokyo,medium_airport
KMP,FYKT,Keetmanshoop Airport,Keetmanshoop,NA,-26.539801,18.111401,3506,Africa/Windhoek,medium_airport
KMQ,RJNK,Komatsu Airport / JASDF Komatsu Air Base,Kanazawa,JP,36.3946,136.406998,36,Asia/Tokyo,medium_airport
KMS,DGSI,Kumasi Airport,Kumasi,GH,6.714560031890869,-1.5908199548721313,942,Africa/Accra,medium_airport
KMU,HCMK,Kismayo Airport,Kismayo,SO,-0.377353,42.459202,49,Africa/Mogadishu,medium_airport
KMW,UUBA,Kostroma Sokerkino Airport,Kostroma,RU,57.796902,41.019402,446,Europe/Moscow,medium_airport
KMX,OEKM,King Khalid Air Base,Khamis Mushait,SA,18.2973,42.803501,6778,Asia/Riyadh,medium_airport
KNA,SCVM,Viña del Mar Airport,Viña del Mar,CL,-32.9496,-71.4786,461,America/Santiago,medium_airport
KND,FZOA,Kindu Airport,Kindu,CD,-2.91917991638,25.915399551399997,1630,Africa/Lubumbashi,medium_airport
KNF,EGYM,RAF Marham,"King's Lynn, Norfolk",GB,52.648395,0.550692,75,Europe/London,medium_airport
KNG,WASK,Utarom Airport,Kaimana,ID,-3.6446,133.695116,19,Asia/Jayapura,medium_airport
KNH,RCBS,Kinmen Airport,Shang-I,TW,24.4279,118.359001,93,Asia/Taipei,medium_airport
KNO,WIMM,Kualanamu International Airport,Beringin,ID,3.637847,98.870566,23,Asia/Jakarta,large_airport
KNQ,NWWD,Koné Airport,Koné,NC,-21.053551,164.838768,23,Pacific/Noumea,medium_airport
KNR,OIBJ,Jam Airport,Jam,IR,27.820499,52.3522,2173,Asia/Tehran,medium_airport
KNS,YKII,King Island Airport,,AU,-39.877498626708984,143.8780059814453,132,Australia/Melbourne,medium_airport
KNU,,Kanpur Airport,Kanpur,IN,26.404301,80.410103,410,Asia/Kolkata,medium_airport
KNX,YPKU,East Kimberley Regional (Kununurra) Airport,Kununurra,AU,-15.7781,128.707993,145,Australia/Perth,medium_airport
KOA,PHKO,Ellison Onizuka Kona International Airport at Keahole,Kailua-Kona,US,19.738783,-156.045603,47,Pacific/Honolulu,medium_airport
KOI,EGPA,Kirkwall Airport,Orkney Islands,GB,58.957801818847656,-2.9049999713897705,50,Europe/London,medium_airport
KOJ,RJFK,Kagoshima Airport,Kagoshima,JP,31.8034,130.718994,906,Asia/Tokyo,large_airport
KOK,EFKK,Kokkola-Pietarsaari Airport,Kokkola / Kruunupyy,FI,63.721199,23.143101,84,Europe/Helsinki,medium_airport
KOP,VTUW,Nakhon Phanom Airport,Nakhon Phanom,TH,17.383801,104.642998,587,Asia/Bangkok,medium_airport
KOU,FOGK,Koulamoutou Mabimbi Airport,Koulamoutou,GA,-1.18461,12.4413,1070,Africa/Libreville,medium_airport
KOV,UACK,Kokshetau Airport,Kokshetau,KZ,53.329102,69.594597,900,Asia/Almaty,medium_airport
KPC,PAPC,Port Clarence Coast Guard Station,Port Clarence,US,65.2537002563,-166.85899353,10,America/Nome,medium_airport
KPO,RKTH,Pohang Airport (G-815/K-3),Pohang,KR,35.987955,129.420383,70,Asia/Seoul,medium_airport
KPS,YKMP,Kempsey Airport,,AU,-31.07232,152.765313,54,Australia/Sydney,medium_airport
KPW,UHMK,Keperveem Airport,Keperveem,RU,67.845001,166.139999,623,Asia/Anadyr,medium_airport
KQH,VIKG,Kishangarh Airport Ajmer,Ajmer (Kishangarh),IN,26.591007,74.812956,,Asia/Kolkata,medium_airport
KQT,UTDT,Qurghonteppa International Airport,Kurgan-Tyube,TJ,37.86640167236328,68.86470031738281,1473,Asia/Dushanbe,medium_airport
KRA,YKER,Kerang Airport,,AU,-35.751399993896484,143.93899536132812,254,Australia/Melbourne,medium_airport
KRF,ESNK,Kramfors-Sollefteå Höga Kusten Airport,Nyland,SE,63.048599,17.7689,34,Europe/Stockholm,medium_airport
KRK,EPKK,Kraków John Paul II International Airport,Balice,PL,50.077702,19.7848,791,Europe/Warsaw,large_airport
KRL,ZWKL,Korla Licheng Airport,Korla,CN,41.614979,86.140817,3041,Asia/Shanghai,medium_airport
KRN,ESNQ,Kiruna Airport,Kiruna,SE,67.821998596191,20.336799621582,1508,Europe/Stockholm,medium_airport
KRO,USUU,Kurgan Airport,Kurgan,RU,55.4753,65.415604,240,Asia/Yekaterinburg,medium_airport
KRP,EKKA,Midtjyllands Airport / Air Base Karup,Karup,DK,56.297139,9.104311,170,Europe/Copenhagen,medium_airport
KRR,URKK,Krasnodar Pashkovsky International Airport,Krasnodar,RU,45.034698,39.170502,118,Europe/Moscow,medium_airport
KRS,ENCN,"Kristiansand Airport, Kjevik",Kjevik,NO,58.204201,8.08537,57,Europe/Oslo,medium_airport
KRT,HSSK,Khartoum International Airport,Khartoum,SD,15.5895,32.5532,1265,Africa/Khartoum,large_airport
KRW,UTAK,Turkmenbashi International Airport,Turkmenbashi,TM,40.063301,53.007198,279,Asia/Ashgabat,medium_airport
KSA,PTSA,Kosrae International Airport,Okat,FM,5.35698,162.957993,11,Pacific/Kosrae,medium_airport
KSC,LZKZ,Košice International Airport,Košice,SK,48.663101,21.2411,755,Europe/Bratislava,medium_airport
KSD,ESOK,Karlstad Airport,Karlstad,SE,59.444698,13.3374,352,Europe/Stockholm,medium_airport
KSF,EDVK,Kassel Airport,Calden,DE,51.420699,9.392152,820,Europe/Berlin,medium_airport
KSH,OICC,Shahid Ashrafi Esfahani Airport,Kermanshah,IR,34.3459014893,47.1581001282,4307,Asia/Tehran,medium_airport
KSK,ESKK,Karlskoga Airport,Karlskoga,SE,59.345901,14.4959,407,Europe/Stockholm,medium_airport
KSL,HSKA,Kassala Airport,Kassala,SD,15.387499809265137,36.328800201416016,1671,Africa/Khartoum,medium_airport
KSN,UAUU,Kostanay West Airport,Kostanay,KZ,53.20690155029297,63.55030059814453,595,Asia/Qyzylorda,medium_airport
KSU,ENKB,"Kristiansund Airport, Kvernberget",Kvernberget,NO,63.111801,7.82452,204,Europe/Oslo,medium_airport
KSY,LTCF,Kars Airport,Kars,TR,40.562198638916016,43.1150016784668,5889,Europe/Istanbul,medium_airport
KSZ,ULKK,Kotlas Airport,Kotlas,RU,61.235801696777344,46.6974983215332,184,Europe/Moscow,medium_airport
KTA,YPKA,Karratha Airport,Karratha,AU,-20.712200164799995,116.773002625,29,Australia/Perth,medium_airport
KTD,RORK,Kitadaito Airport,Kitadaitōjima,JP,25.9447002411,131.32699585,80,Asia/Tokyo,medium_airport
KTE,WMKE,Kerteh Airport,Kerteh,MY,4.53722,103.427002,18,Asia/Kuala_Lumpur,medium_airport
KTG,WIOK,Rahadi Osman Airport,Ketapang,ID,-1.817165,109.963469,46,Asia/Pontianak,medium_airport
KTI,VDTI,Techo International Airport,Phnom Penh (Boeng Khyang),KH,11.359987,104.921272,20,Asia/Phnom_Penh,large_airport
KTL,HKKT,Kitale Airport,Kitale,KE,0.971989,34.958599,6070,Africa/Nairobi,medium_airport
KTM,VNKT,Tribhuvan International Airport,Kathmandu,NP,27.6966,85.3591,4390,Asia/Kathmandu,large_airport
KTN,PAKT,Ketchikan International Airport,Ketchikan,US,55.35559845,-131.7140045,89,America/Anchorage,medium_airport
KTP,MKTP,Tinson Pen Airport,Tinson Pen,JM,17.98859977722168,-76.82379913330078,16,America/Jamaica,medium_airport
KTQ,EFIT,Kitee Airport,Kitee,FI,62.1661,30.073601,364,Europe/Helsinki,medium_airport
KTR,YPTN,Tindal Airport,,AU,-14.521100044250488,132.3780059814453,443,Australia/Darwin,medium_airport
KTT,EFKT,Kittilä Airport,Kittilä,FI,67.700996398926,24.846799850464,644,Europe/Helsinki,medium_airport
KTU,VIKO,Kota Airport,Kota,IN,25.160200119,75.84559631350001,896,Asia/Kolkata,medium_airport
KTW,EPKT,Katowice Wojciech Korfanty International Airport,Katowice,PL,50.476015,19.080705,995,Europe/Warsaw,medium_airport
KUA,WMKD,Kuantan Airport,Kuantan,MY,3.7753899097442627,103.20899963378906,58,Asia/Kuala_Lumpur,medium_airport
KUF,UWWW,Kurumoch International Airport,Samara,RU,53.504902,50.164299,477,Europe/Samara,large_airport
KUH,RJCK,Kushiro Airport,Kushiro,JP,43.041,144.192993,327,Asia/Tokyo,medium_airport
KUL,WMKK,Kuala Lumpur International Airport,Sepang,MY,2.74558,101.709999,69,Asia/Kuala_Lumpur,large_airport
KUM,RJFC,Yakushima Airport,Yakushima,JP,30.385599,130.658997,124,Asia/Tokyo,medium_airport
KUN,EYKA,Kaunas International Airport,Kaunas,LT,54.96390151977539,24.084800720214844,256,Europe/Vilnius,medium_airport
KUO,EFKU,Kuopio Airport,Kuopio / Siilinjärvi,FI,63.007099,27.7978,323,Europe/Helsinki,medium_airport
KUS,BGKK,Kulusuk Airport,Kulusuk,GL,65.573601,-37.1236,117,America/Nuuk,medium_airport
KUT,UGKO,David the Builder Kutaisi International Airport,Kopitnari,GE,42.176768,42.482393,223,Asia/Tbilisi,medium_airport
KUU,VIBR,Kullu Manali Airport,Bhuntar,IN,31.876699,77.154404,3573,Asia/Kolkata,medium_airport
KUV,RKJK,Gunsan Airport / Gunsan Air Base,Gunsan,KR,35.903801,126.615997,29,Asia/Seoul,medium_airport
KVA,LGKV,Kavala Alexander the Great International Airport,Kavala,GR,40.9133,24.6192,18,Europe/Athens,medium_airport
KVB,ESGR,Skövde Airport,Skövde,SE,58.456402,13.9727,324,Europe/Stockholm,medium_airport
KVG,AYKV,Kavieng Airport,Kavieng,PG,-2.57940006256,150.807998657,7,Pacific/Port_Moresby,medium_airport
KVO,LYKV,Morava Airport,Kraljevo,RS,43.817519,20.586662,686,N/A,medium_airport
KVX,USKK,Pobedilovo Airport,Kirov,RU,58.503883,49.347831,479,Europe/Moscow,medium_airport
KWA,PKWA,Bucholz Army Air Field,Kwajalein,MH,8.720120429992676,167.73199462890625,9,Pacific/Kwajalein,medium_airport
KWE,ZUGY,Guiyang Longdongbao International Airport,Guiyang (Nanming),CN,26.541466,106.803331,3736,Asia/Shanghai,large_airport
KWG,UKDR,Kryvyi Rih International Airport,Kryvyi Rih,UA,48.04330062866211,33.209999084472656,408,Europe/Zaporozhye,medium_airport
KWI,OKKK,Kuwait International Airport,Kuwait City,KW,29.226601,47.968899,206,Asia/Kuwait,large_airport
KWJ,RKJJ,Gwangju Airport,Gwangju,KR,35.123173,126.805444,39,Asia/Seoul,medium_airport
KWL,ZGKL,Guilin Liangjiang International Airport,Guilin (Lingui),CN,25.219828,110.039553,570,Asia/Shanghai,large_airport
KWM,YKOW,Kowanyama Airport,Kowanyama,AU,-15.485369,141.752572,35,Australia/Brisbane,medium_airport
KWY,,Kiwayu Airport,Kiwayu,KE,-1.96056,41.297501,21,N/A,medium_airport
KWZ,FZQM,Kolwezi Airport,Kolwezi,CD,-10.7659,25.505699,5007,Africa/Lubumbashi,medium_airport
KXB,WAWP,Sangia Nibandera Airport,Kolaka,ID,-4.338158,121.524047,40,Asia/Makassar,medium_airport
KXE,FAKD,P C Pelser Airport,Klerksdorp,ZA,-26.871099,26.718,4444,Africa/Johannesburg,medium_airport
KXK,UHKK,Komsomolsk-on-Amur Airport,Komsomolsk-on-Amur,RU,50.409000396728516,136.9340057373047,92,Asia/Vladivostok,medium_airport
KYA,LTAN,Konya Airport,Konya,TR,37.979,32.561901,3392,Europe/Istanbul,medium_airport
KYD,RCLY,Lanyu Airport,Orchid Island,TW,22.027000427246094,121.53500366210938,44,Asia/Taipei,medium_airport
KYE,OLKA,Rene Mouawad Air Base / Kleyate Airport,Tripoli,LB,34.589298,36.011299,75,Asia/Beirut,medium_airport
KYP,VYKP,Kyaukpyu Airport,Kyaukpyu,MM,19.42639923095703,93.53479766845703,20,Asia/Yangon,medium_airport
KYS,GAKD,Kayes Dag Dag Airport,,ML,14.482473,-11.39971,164,Africa/Bamako,medium_airport
KYZ,UNKY,Kyzyl Airport,Kyzyl,RU,51.669399,94.400597,2123,Asia/Krasnoyarsk,medium_airport
KZI,LGKZ,Kozani National Airport Filippos,Kozani,GR,40.286098,21.840799,2059,Europe/Athens,medium_airport
KZN,UWKD,Kazan International Airport,Kazan,RU,55.606201,49.278702,411,Europe/Moscow,large_airport
LAA,KLAA,Southeast Colorado Regional Airport,Lamar,US,38.066407,-102.691373,3706,America/Denver,medium_airport
LAD,FNLU,Quatro de Fevereiro International Airport,Luanda,AO,-8.85837,13.2312,243,Africa/Luanda,large_airport
LAE,AYNZ,Nadzab Airport,Lae,PG,-6.569803,146.725977,239,Pacific/Port_Moresby,medium_airport
LAF,KLAF,Purdue University Airport,West Lafayette,US,40.412875,-86.939363,606,America/New_York,medium_airport
LAI,LFRO,Lannion Airport,Lannion,FR,48.754398,-3.47166,290,Europe/Paris,medium_airport
LAJ,SBLJ,Lages Airport,Lages,BR,-27.782101,-50.281502,3065,America/Sao_Paulo,medium_airport
LAL,KLAL,Lakeland Linder International Airport,Lakeland,US,27.987656,-82.018776,142,America/New_York,medium_airport
LAN,KLAN,Capital City Airport,Lansing,US,42.77870178222656,-84.58740234375,861,America/Detroit,medium_airport
LAO,RPLI,Laoag International Airport,Laoag City,PH,18.176121,120.531034,25,Asia/Manila,medium_airport
LAP,MMLP,Manuel Márquez de León International Airport,La Paz,MX,24.072701,-110.362,69,America/Mazatlan,medium_airport
LAQ,HLLQ,Al Abraq International Airport,Al Albraq,LY,32.7887,21.9643,2157,Africa/Tripoli,medium_airport
LAR,KLAR,Laramie Regional Airport,Laramie,US,41.31209945678711,-105.67500305175781,7284,America/Denver,medium_airport
LAS,KLAS,Harry Reid International Airport,Las Vegas,US,36.083361,-115.151817,2181,America/Los_Angeles,large_airport
LAU,HKLU,Manda Airport,Lamu,KE,-2.252431,40.912892,20,Africa/Nairobi,medium_airport
LAW,KLAW,Lawton Fort Sill Regional Airport,Lawton,US,34.567699,-98.416603,1110,America/Chicago,medium_airport
LAX,KLAX,Los Angeles International Airport,Los Angeles,US,33.942501,-118.407997,125,America/Los_Angeles,large_airport
LAY,FALY,Ladysmith Airport,Ladysmith,ZA,-28.5816993713,29.749700546299998,3548,Africa/Johannesburg,medium_airport
LAZ,SBLP,Bom Jesus da Lapa Airport,Bom Jesus da Lapa,BR,-13.2621,-43.4081,1454,America/Bahia,medium_airport
LBA,EGNM,Leeds Bradford Airport,"Leeds, West Yorkshire",GB,53.865898,-1.66057,681,Europe/London,medium_airport
LBB,KLBB,Lubbock Preston Smith International Airport,Lubbock,US,33.663601,-101.822998,3282,America/Chicago,medium_airport
LBC,EDHL,Lübeck Blankensee Airport,Lübeck,DE,53.805401,10.7192,53,Europe/Berlin,medium_airport
LBD,UTDL,Khujand Airport,Khujand,TJ,40.215401,69.694702,1450,Asia/Dushanbe,medium_airport
LBE,KLBE,Arnold Palmer Regional Airport,Latrobe,US,40.275902,-79.4048,1199,America/New_York,medium_airport
LBF,KLBF,North Platte Regional Airport Lee Bird Field,North Platte,US,41.12620163,-100.6839981,2777,America/Chicago,medium_airport
LBG,LFPB,Paris-Le Bourget Airport,Paris,FR,48.969398,2.44139,218,Europe/Paris,medium_airport
LBI,LFCI,Albi Le Sequestre airport,Albi,FR,43.913898,2.11306,564,Europe/Paris,medium_airport
LBL,KLBL,Liberal Mid-America Regional Airport,Liberal,US,37.0442009,-100.9599991,2885,America/Chicago,medium_airport
LBQ,FOGR,Lambarene Airport,Lambarene,GA,-0.704389,10.2457,82,Africa/Libreville,medium_airport
LBS,NFNL,Labasa Airport,Labasa,FJ,-16.4667,179.339996,44,Pacific/Fiji,medium_airport
LBT,KLBT,Lumberton Regional Airport,Lumberton,US,34.610773,-79.05943,126,America/New_York,medium_airport
LBU,WBKL,Labuan Airport,Labuan,MY,5.301667,115.248333,101,Asia/Kuching,medium_airport
LBV,FOOL,Libreville Leon M'ba International Airport,Libreville,GA,0.458600014448,9.412280082699999,39,Africa/Libreville,medium_airport
LBX,RPLU,Lubang Airport,Lubang,PH,13.8554,120.105003,43,Asia/Manila,medium_airport
LBY,LFRE,La Baule-Escoublac Airport,La Baule-Escoublac,FR,47.289398,-2.34639,105,Europe/Paris,medium_airport
LCA,LCLK,Larnaca International Airport,Larnaca,CY,34.875099,33.624901,8,Asia/Nicosia,large_airport
LCC,LIBN,Lecce Galatina Air Base / Galatina Fortunato Cesari Airport,Galatina (LE),IT,40.239201,18.133301,156,Europe/Rome,medium_airport
LCE,MHLC,Goloson International Airport,La Ceiba,HN,15.7425,-86.852997,39,America/Tegucigalpa,medium_airport
LCG,LECO,A Coruña Airport,Culleredo,ES,43.302101,-8.37726,326,Europe/Madrid,medium_airport
LCH,KLCH,Lake Charles Regional Airport,Lake Charles,US,30.126100540161133,-93.22329711914062,15,America/Chicago,medium_airport
LCJ,EPLL,Łódź Władysław Reymont Airport,Łódź,PL,51.721901,19.3981,604,Europe/Warsaw,medium_airport
LCK,KLCK,Rickenbacker International Airport,Columbus,US,39.813801,-82.927803,744,America/New_York,medium_airport
LCL,MULM,La Coloma Airport,Pinar del Rio,CU,22.3361,-83.641899,131,America/Havana,medium_airport
LCX,ZSLO,Liancheng Guanzhishan Airport,Longyan (Liancheng),CN,25.67592,116.745907,1225,Asia/Shanghai,medium_airport
LCY,EGLC,London City Airport,London,GB,51.505299,0.055278,19,Europe/London,medium_airport
LDB,SBLO,Governor José Richa Airport,Londrina,BR,-23.334375,-51.128365,1867,America/Sao_Paulo,medium_airport
LDE,LFBT,Tarbes-Lourdes-Pyrénées Airport,Tarbes/Lourdes/Pyrénées,FR,43.178699,-0.006439,1260,Europe/Paris,medium_airport
LDS,ZYLD,Yichun Lindu Airport,Yichun,CN,47.752056,129.019125,791,Asia/Shanghai,medium_airport
LDU,WBKD,Lahad Datu Airport,Lahad Datu,MY,5.03241,118.32376,45,Asia/Kuala_Lumpur,medium_airport
LDV,LFRJ,Landivisiau Air Base,Landivisiau,FR,48.5303,-4.15164,348,Europe/Paris,medium_airport
LDY,EGAE,City of Derry Airport,Derry,GB,55.04280090332031,-7.161109924316406,22,Europe/London,medium_airport
LEA,YPLM,Learmonth Airport,Exmouth,AU,-22.235201,114.090024,19,Australia/Perth,medium_airport
LEB,KLEB,Lebanon Municipal Airport,Lebanon,US,43.626098632799994,-72.30419921880001,603,America/New_York,medium_airport
LED,ULLI,Pulkovo Airport,St. Petersburg,RU,59.800301,30.262501,78,Europe/Moscow,large_airport
LEE,KLEE,Leesburg International Airport,Leesburg,US,28.82309914,-81.80870056,76,America/New_York,medium_airport
LEH,LFOH,Le Havre-Octeville Airport,Le Havre,FR,49.534038,0.088406,313,Europe/Paris,medium_airport
LEI,LEAM,Almería Airport,Almería,ES,36.843899,-2.3701,70,Europe/Madrid,medium_airport
LEJ,EDDP,Leipzig/Halle Airport,Schkeuditz,DE,51.420657,12.232705,465,Europe/Berlin,large_airport
LEN,LELN,León Int'l Airport,La Virgen Del Camino,ES,42.589001,-5.65556,3006,Europe/Madrid,medium_airport
LER,YLST,Leinster Airport,,AU,-27.843299865722656,120.7030029296875,1631,Australia/Perth,medium_airport
LET,SKLT,Alfredo Vásquez Cobo International Airport,Leticia,CO,-4.19355,-69.9432,277,America/Bogota,medium_airport
LEX,KLEX,Blue Grass Airport,Lexington,US,38.036499,-84.605904,979,America/New_York,medium_airport
LEY,EHLE,Lelystad Airport,Lelystad,NL,52.453188,5.514622,-13,Europe/Amsterdam,medium_airport
LFI,KLFI,Langley Air Force Base,Hampton,US,37.082901,-76.360497,11,America/New_York,medium_airport
LFK,KLFK,Angelina County Airport,Lufkin,US,31.2339992523,-94.75,296,America/Chicago,medium_airport
LFM,OISR,Lamerd Airport,Lamerd,IR,27.3727,53.188801,1337,Asia/Tehran,medium_airport
LFQ,ZBLF,Linfen Yaodu Airport,Linfen (Yaodu),CN,36.132629,111.641236,1483,N/A,medium_airport
LFR,SVLF,La Fria Airport,,VE,8.239167,-72.271027,305,America/Caracas,medium_airport
LFT,KLFT,Lafayette Regional Airport,Lafayette,US,30.205299,-91.987602,42,America/Chicago,medium_airport
LFW,DXXX,Lomé–Tokoin International Airport,Lomé,TG,6.16561,1.25451,72,Africa/Lome,medium_airport
LGA,KLGA,LaGuardia Airport,New York,US,40.777199,-73.872597,21,America/New_York,large_airport
LGB,KLGB,Long Beach Airport (Daugherty Field),Long Beach,US,33.816523,-118.149891,60,America/Los_Angeles,medium_airport
LGG,EBLG,Liège Airport,Grâce-Hollogne,BE,50.638574,5.443897,659,Europe/Brussels,medium_airport
LGH,YLEC,Leigh Creek Airport,,AU,-30.598301,138.425995,856,Australia/Adelaide,medium_airport
LGI,MYLD,Deadman's Cay Airport,Deadman's Cay,BS,23.1790008545,-75.09359741210001,9,America/Nassau,medium_airport
LGK,WMKL,Langkawi International Airport,Langkawi,MY,6.329730033874512,99.72869873046875,29,Asia/Kuala_Lumpur,medium_airport
LGR,SCHR,Cochrane Airport,Cochrane,CL,-47.243591,-72.58815,643,America/Santiago,medium_airport
LGS,SAMM,Comodoro D.R. Salomón Airport,Malargue,AR,-35.493599,-69.574303,4685,America/Argentina/Mendoza,medium_airport
LGU,KLGU,Logan-Cache Airport,Logan,US,41.7911987305,-111.851997375,4457,America/Denver,medium_airport
LGW,EGKK,London Gatwick Airport,London,GB,51.148771,-0.192089,202,Europe/London,large_airport
LHA,EDTL,Lahr Airport,Lahr/Schwarzwald,DE,48.369301,7.82772,511,Europe/Berlin,medium_airport
LHE,OPLA,Allama Iqbal International Airport,Lahore,PK,31.521601,74.403603,712,Asia/Karachi,large_airport
LHG,YLRD,Lightning Ridge Airport,,AU,-29.452857,147.977146,540,Australia/Sydney,medium_airport
LHK,ZHGH,Guangzhou MR Air Base / Guanghua Airport,Xiangyang (Laohekou),CN,32.38866,111.69425,,Asia/Shanghai,medium_airport
LHN,,Linhares Municipal Airport,Linhares,BR,-19.355202,-40.07128,138,N/A,medium_airport
LHR,EGLL,London Heathrow Airport,London,GB,51.4706,-0.461941,83,Europe/London,large_airport
LHS,SAVH,Las Heras Airport,Las Heras,AR,-46.538517,-68.965323,1082,America/Argentina/Rio_Gallegos,medium_airport
LHW,ZLLL,Lanzhou Zhongchuan International Airport,Lanzhou (Yongdeng),CN,36.515202,103.620003,6388,Asia/Shanghai,large_airport
LIF,NWWL,Lifou Airport,Lifou,NC,-20.774563,167.239328,92,Pacific/Noumea,medium_airport
LIG,LFBL,Limoges Airport,Limoges/Bellegarde,FR,45.862801,1.17944,1300,Europe/Paris,medium_airport
LIH,PHLI,Lihue Airport,Lihue,US,21.976,-159.339005,153,Pacific/Honolulu,medium_airport
LIL,LFQQ,Lille Airport,Lesquin,FR,50.563332,3.086886,157,Europe/Paris,medium_airport
LIM,SPJC,Jorge Chávez International Airport,Lima,PE,-12.0219,-77.114305,113,America/Lima,large_airport
LIN,LIML,Milano Linate Airport,Segrate (MI),IT,45.445099,9.27674,353,Europe/Rome,medium_airport
LIO,MRLM,Limon International Airport,Puerto Limon,CR,9.95796012878418,-83.02200317382812,7,America/Costa_Rica,medium_airport
LIP,,Lins Airport,Lins,BR,-21.663491,-49.729954,1575,America/Sao_Paulo,medium_airport
LIQ,FZGA,Lisala Airport,Lisala,CD,2.17066,21.496901,1509,Africa/Lubumbashi,medium_airport
LIR,MRLB,Guanacaste Airport,Liberia,CR,10.5933,-85.544403,270,America/Costa_Rica,large_airport
LIS,LPPT,Lisbon Humberto Delgado Airport,Lisbon,PT,38.7813,-9.13592,374,Europe/Lisbon,large_airport
LIT,KLIT,Bill & Hillary Clinton National Airport/Adams Field,Little Rock,US,34.729582,-92.223728,262,America/Chicago,medium_airport
LIW,VYLK,Loikaw Airport,Loikaw,MM,19.691499710083008,97.21479797363281,2940,Asia/Yangon,medium_airport
LJG,ZPLJ,Lijiang Sanyi International Airport,Lijiang (Gucheng),CN,26.68,100.246002,7359,Asia/Shanghai,medium_airport
LJN,KLBX,Texas Gulf Coast Regional Airport,Angleton,US,29.108601,-95.462097,25,America/Chicago,medium_airport
LJU,LJLJ,Ljubljana Jože Pučnik Airport,Zgornji Brnik,SI,46.223701,14.4576,1273,Europe/Ljubljana,large_airport
LKG,HKLK,Lokichogio Airport,Lokichogio,KE,4.20412,34.348202,2074,Africa/Nairobi,medium_airport
LKL,ENNA,"Lakselv Airport, Banak",Lakselv,NO,70.068802,24.973499,25,Europe/Oslo,medium_airport
LKN,ENLK,Leknes Airport,Leknes,NO,68.152496337891,13.609399795532,78,Europe/Oslo,medium_airport
LKO,VILK,Chaudhary Charan Singh International Airport,Lucknow,IN,26.7605991364,80.8892974854,410,Asia/Kolkata,medium_airport
LKY,HTLM,Lake Manyara Airport,Lake Manyara National Park,TZ,-3.37631,35.818298,4150,Africa/Dar_es_Salaam,medium_airport
LKZ,EGUL,RAF Lakenheath,"Brandon, Suffolk",GB,52.40954,0.561161,32,Europe/London,medium_airport
LLA,ESPA,Luleå Airport,Luleå,SE,65.5438,22.122,65,Europe/Stockholm,medium_airport
LLC,RPLH,Cagayan North International Airport,Lal-lo,PH,18.182388,121.745853,148,N/A,medium_airport
LLF,ZGLG,Yongzhou Lingling Airport,Yongzhou,CN,26.338661,111.610043,340,Asia/Shanghai,medium_airport
LLV,ZBLL,Lüliang Dawu Airport,Lüliang,CN,37.683333,111.142778,,N/A,medium_airport
LLW,FWKI,Kamuzu International Airport,Lumbadzi,MW,-13.7894,33.780998,4035,Africa/Blantyre,medium_airport
LME,LFRM,Le Mans-Arnage Airport,"Le Mans, Sarthe",FR,47.948604,0.201702,194,Europe/Paris,medium_airport
LMM,MMLM,Valle del Fuerte International Airport,Los Mochis,MX,25.685447,-109.081055,16,America/Mazatlan,medium_airport
LMN,WBGJ,Limbang Airport,Limbang,MY,4.808300018310547,115.01000213623047,14,Asia/Kuala_Lumpur,medium_airport
LMO,EGQS,RAF Lossiemouth,Lossiemouth,GB,57.7052001953125,-3.339169979095459,42,Europe/London,medium_airport
LMP,LICD,Lampedusa Airport,Lampedusa,IT,35.497898,12.6181,70,Europe/Rome,medium_airport
LMQ,HLMB,Marsa al Brega Airport,Marsa al Brega,LY,30.378099,19.576401,50,Africa/Tripoli,medium_airport
LMR,FALC,Lime Acres Finsch Mine Airport,Lime Acres,ZA,-28.36009979248047,23.43910026550293,4900,Africa/Johannesburg,medium_airport
LMT,KLMT,Crater Lake-Klamath Regional Airport,Klamath Falls,US,42.156101,-121.733002,4095,America/Los_Angeles,medium_airport
LND,KLND,Hunt Field,Lander,US,42.815201,-108.730003,5586,America/Denver,medium_airport
LNJ,ZPLC,Lincang Boshang Airport,Lincang,CN,23.7381,100.025002,6230,Asia/Shanghai,medium_airport
LNK,KLNK,Lincoln Airport,Lincoln,US,40.85100173950195,-96.75920104980469,1219,America/Chicago,medium_airport
LNL,ZLLN,Longnan Chengzhou Airport,Longnan (Cheng),CN,33.789918,105.790014,3707,Asia/Shanghai,medium_airport
LNO,YLEO,Leonora Airport,Leonora,AU,-28.87809944152832,121.31500244140625,1217,Australia/Perth,medium_airport
LNS,KLNS,Lancaster Airport,Lancaster,US,40.121700286865234,-76.29609680175781,403,America/New_York,medium_airport
LNX,,Smolensk North Airport,Smolensk,RU,54.824,32.025,820,Europe/Moscow,medium_airport
LNY,PHNY,Lanai Airport,Lanai City,US,20.785675,-156.951324,1308,Pacific/Honolulu,medium_airport
LNZ,LOWL,Linz-Hörsching Airport / Vogler Air Base,Linz,AT,48.2332,14.1875,980,Europe/Vienna,medium_airport
LOE,VTUL,Loei Airport,,TH,17.43910026550293,101.72200012207031,860,Asia/Bangkok,medium_airport
LOK,HKLO,Lodwar Airport,Lodwar,KE,3.12197,35.6087,1715,Africa/Nairobi,medium_airport
LOL,KLOL,Derby Field,Lovelock,US,40.0663986206,-118.565002441,3904,America/Los_Angeles,medium_airport
LOO,DAUL,Laghouat - Molay Ahmed Medeghri Airport,Laghouat,DZ,33.7644,2.92834,2510,Africa/Algiers,medium_airport
LOP,WADL,Lombok International Airport,"Mataram (Pujut, Lombok Tengah)",ID,-8.759962,116.278169,319,Asia/Makassar,medium_airport
LOS,DNMM,Murtala Muhammed International Airport,Lagos,NG,6.57737,3.32116,135,Africa/Lagos,large_airport
LOU,KLOU,Bowman Field,Louisville,US,38.2280006409,-85.6636962891,546,America/New_York,medium_airport
LOV,MMMV,Monclova International Airport,Monclova,MX,26.9557,-101.470001,1864,America/Monterrey,medium_airport
LOZ,KLOZ,London-Corbin Airport/Magee Field,London,US,37.0821990967,-84.08489990230001,1212,America/New_York,medium_airport
LPA,GCLP,Gran Canaria Airport,Gran Canaria Island,ES,27.9319,-15.3866,78,Atlantic/Canary,large_airport
LPB,SLLP,El Alto International Airport,La Paz / El Alto,BO,-16.5132999420166,-68.19229888916016,13355,America/La_Paz,medium_airport
LPF,ZUPS,Liupanshui Yuezhao Airport,Liupanshui (Zhongshan),CN,26.609417,104.979,,Asia/Shanghai,medium_airport
LPG,SADL,La Plata Airport,La Plata,AR,-34.9722,-57.8947,72,America/Argentina/Buenos_Aires,medium_airport
LPI,ESSL,Linköping City Airport,Linköping,SE,58.4062004089,15.680500030500001,172,Europe/Stockholm,medium_airport
LPK,UUOL,Lipetsk Airport,Lipetsk,RU,52.70280075073242,39.53779983520508,584,Europe/Moscow,medium_airport
LPL,EGGP,Liverpool John Lennon Airport,Liverpool,GB,53.333599,-2.84972,80,Europe/London,medium_airport
LPP,EFLP,Lappeenranta Airport,Lappeenranta,FI,61.044601,28.144743,349,Europe/Helsinki,medium_airport
LPQ,VLLB,Luang Phabang International Airport,Luang Phabang,LA,19.897300720214844,102.16100311279297,955,Asia/Vientiane,medium_airport
LPT,VTCL,Lampang Airport,,TH,18.27090072631836,99.50420379638672,811,Asia/Bangkok,medium_airport
LPX,EVLA,Liepāja International Airport,Liepāja,LV,56.517502,21.096901,16,Europe/Riga,large_airport
LRD,KLRD,Laredo International Airport,Laredo,US,27.543800354003906,-99.46160125732422,508,America/Chicago,medium_airport
LRE,YLRE,Longreach Airport,Longreach,AU,-23.4342,144.279999,627,Australia/Brisbane,medium_airport
LRF,KLRF,Little Rock Air Force Base,Jacksonville,US,34.916900634799994,-92.14969635010002,311,America/Chicago,medium_airport
LRH,LFBH,La Rochelle Île de Ré Airport,La Rochelle,FR,46.179199,-1.19528,74,Europe/Paris,medium_airport
LRL,DXNG,Niamtougou International Airport,Niamtougou,TG,9.767330169677734,1.091249942779541,1515,Africa/Lome,medium_airport
LRM,MDLR,Casa De Campo International Airport,La Romana,DO,18.452222,-68.911111,213,America/Santo_Domingo,large_airport
LRR,OISL,Lar Airport,Lar,IR,27.6747,54.383301,2641,Asia/Tehran,medium_airport
LRT,LFRH,Lorient South Brittany (Bretagne Sud) Airport,Lorient/Lann/Bihoué,FR,47.760601,-3.44,160,Europe/Paris,medium_airport
LRU,KLRU,Las Cruces International Airport,Las Cruces,US,32.289398,-106.921997,4456,America/Denver,medium_airport
LSC,SCSE,La Florida Airport,La Serena-Coquimbo,CL,-29.916201,-71.199501,481,America/Santiago,medium_airport
LSE,KLSE,La Crosse Regional Airport,La Crosse,US,43.879002,-91.256699,655,America/Chicago,medium_airport
LSF,KLSF,Lawson Army Air Field,Fort Benning,US,32.332546,-84.988003,232,America/New_York,medium_airport
LSH,VYLS,Lashio Airport,Lashio,MM,22.9778995513916,97.752197265625,2450,Asia/Yangon,medium_airport
LSI,EGPB,Sumburgh Airport,"Lerwick, Shetland",GB,59.878899,-1.29556,20,Europe/London,medium_airport
LSL,MRLC,Los Chiles Airport,Los Chiles,CR,11.0353,-84.7061,131,America/Costa_Rica,medium_airport
LSP,SVJC,Josefa Camejo International Airport,Paraguaná,VE,11.780775,-70.151497,75,America/Caracas,medium_airport
LSR,,Alas Leuser Airport,Kutacane,ID,3.391456,97.863726,419,N/A,medium_airport
LST,YMLT,Launceston Airport,Launceston (Western Junction),AU,-41.544935,147.210785,562,Australia/Melbourne,medium_airport
LSV,KLSV,Nellis Air Force Base,Las Vegas,US,36.2361984253,-115.033996582,1870,America/Los_Angeles,medium_airport
LSX,WITL,Lhok Sukon Airport,Lhok Sukon-Sumatra Island,ID,5.06951,97.259201,28,Asia/Jakarta,medium_airport
LSY,YLIS,Lismore Airport,Lismore,AU,-28.830689,153.258419,35,Australia/Sydney,medium_airport
LTA,FATZ,Tzaneen Airport,Tzaneen,ZA,-23.8244,30.3293,1914,Africa/Johannesburg,medium_airport
LTD,HLTD,Ghadames East Airport,Ghadames,LY,30.151699,9.71531,1122,Africa/Tripoli,medium_airport
LTI,ZMAT,Altai Airport,Altai,MN,46.376399993896484,96.22109985351562,7260,Asia/Ulaanbaatar,medium_airport
LTK,OSLK,Hmeimim Air Base,Latakia,SY,35.4011,35.9487,157,Asia/Damascus,medium_airport
LTM,SYLT,Lethem Airport,Lethem,GY,3.37276,-59.789398,351,America/Guyana,medium_airport
LTN,EGGW,London Luton Airport,"Luton, Bedfordshire",GB,51.874699,-0.368333,526,Europe/London,large_airport
LTO,MMLT,Loreto International Airport,Loreto,MX,25.989200592041016,-111.3479995727539,34,America/Mazatlan,medium_airport
LTQ,LFAT,Le Touquet-Côte d'Opale Airport,Le Touquet-Paris-Plage,FR,50.518284,1.621656,36,Europe/Paris,medium_airport
LTS,KLTS,Altus Air Force Base,Altus,US,34.667099,-99.266701,1382,America/Chicago,medium_airport
LTU,VALT,Murod Kond Airport,Latur,IN,18.411501,76.464699,2136,Asia/Kolkata,medium_airport
LTX,,Cotopaxi International Airport,Latacunga,EC,-0.906833,-78.615799,9205,America/Guayaquil,medium_airport
LUD,FYLZ,Luderitz Airport,Luderitz,NA,-26.687400817871094,15.242899894714355,457,Africa/Windhoek,medium_airport
LUF,KLUF,Luke Air Force Base,Glendale,US,33.535,-112.383003,1085,America/Phoenix,medium_airport
LUG,LSZA,Lugano Airport,Agno,CH,46.004299,8.91058,915,Europe/Zurich,medium_airport
LUH,VILD,Ludhiana Airport,,IN,30.854700088500977,75.95259857177734,834,Asia/Kolkata,medium_airport
LUK,KLUK,Cincinnati Municipal Airport Lunken Field,Cincinnati,US,39.102357,-84.418945,483,America/New_York,medium_airport
LUM,ZPMS,Dehong Mangshi Airport,Dehong (Mangshi),CN,24.4011,98.5317,2890,Asia/Shanghai,medium_airport
LUN,FLKK,Kenneth Kaunda International Airport,Lusaka,ZM,-15.330833,28.452722,3779,Africa/Lusaka,large_airport
LUO,FNUE,Luena Airport,Luena,AO,-11.7681,19.897699,4360,Africa/Luanda,medium_airport
LUQ,SAOU,Brigadier Mayor D Cesar Raul Ojeda Airport,San Luis,AR,-33.273201,-66.3564,2328,America/Argentina/San_Luis,medium_airport
LUR,PALU,Cape Lisburne LRRS Airport,Cape Lisburne,US,68.875099,-166.110001,16,America/Anchorage,medium_airport
LUV,WAPF,Karel Sadsuitubun Airport,Langgur,ID,-5.760278,132.759444,78,Asia/Jayapura,medium_airport
LUW,WAFW,Syukuran Aminuddin Amir Airport,Luwok,ID,-1.035893,122.773934,56,Asia/Makassar,medium_airport
LUX,ELLX,Luxembourg-Findel International Airport,Luxembourg,LU,49.6233333,6.2044444,1234,Europe/Luxembourg,large_airport
LUZ,EPLB,Lublin Airport,Lublin,PL,51.240157,22.713461,633,Europe/Warsaw,medium_airport
LVA,LFOV,Laval-Entrammes Airport,"Laval, Mayenne",FR,48.032208,-0.743999,330,Europe/Paris,medium_airport
LVI,FLHN,Harry Mwanga Nkumbula International Airport,Livingstone,ZM,-17.8218,25.822701,3302,Africa/Lusaka,medium_airport
LVM,KLVM,Mission Field,Livingston,US,45.6994018555,-110.447998047,4660,America/Denver,medium_airport
LVP,OIBV,Lavan Airport,Lavan Airport,IR,26.810742,53.354302,76,Asia/Tehran,medium_airport
LVS,KLVS,Las Vegas Municipal Airport,Las Vegas,US,35.654202,-105.141998,6877,America/Denver,medium_airport
LWB,KLWB,Greenbrier Valley Airport,Lewisburg,US,37.857914,-80.400438,2302,America/New_York,medium_airport
LWM,KLWM,Lawrence Municipal Airport,Lawrence,US,42.717201232899995,-71.1233978271,148,America/New_York,medium_airport
LWN,UDSG,Shirak International Airport,Gyumri,AM,40.750401,43.859299,5000,Asia/Yerevan,medium_airport
LWO,UKLL,Lviv International Airport,Lviv,UA,49.8125,23.9561,1071,Europe/Kyiv,large_airport
LWR,EHLW,Leeuwarden Air Base,Leeuwarden,NL,53.228599548339844,5.760560035705566,3,Europe/Amsterdam,medium_airport
LWS,KLWS,Lewiston Nez Perce County Airport,Lewiston,US,46.3745002746582,-117.01499938964844,1442,America/Los_Angeles,medium_airport
LWT,KLWT,Lewistown Municipal Airport,Lewistown,US,47.048429,-109.466143,4170,America/Denver,medium_airport
LXA,ZULS,Lhasa Gonggar Airport,Shannan (Gonggar),CN,29.298001,90.911951,11713,Asia/Shanghai,medium_airport
LXR,HELX,Luxor International Airport,Luxor,EG,25.671037,32.706451,276,Africa/Cairo,medium_airport
LYA,ZHLY,Luoyang Beijiao Airport,Luoyang (Laocheng),CN,34.7411,112.388,840,Asia/Shanghai,medium_airport
LYB,MWCL,Edward Bodden Little Cayman Airfield,Blossom Village,KY,19.660161,-80.088826,3,America/Cayman,medium_airport
LYC,ESNL,Lycksele Airport,Lycksele,SE,64.548302,18.7162,705,Europe/Stockholm,medium_airport
LYG,ZSLG,Lianyungang Huaguoshan International Airport,Lianyungang,CN,34.41406,119.17899,,Asia/Shanghai,medium_airport
LYH,KLYH,Lynchburg Regional Airport - Preston Glenn Field,Lynchburg,US,37.326698,-79.200401,938,America/New_York,medium_airport
LYI,ZSLY,Linyi Qiyang Airport,Linyi (Hedong),CN,35.052918,118.411828,177,Asia/Shanghai,medium_airport
LYN,LFLY,Lyon Bron Airport,"Chassieu, Lyon",FR,45.727947,4.943991,659,Europe/Paris,medium_airport
LYP,OPFA,Faisalabad International Airport,Faisalabad,PK,31.364999771118164,72.99479675292969,591,Asia/Karachi,medium_airport
LYR,ENSB,"Svalbard Airport, Longyear",Longyearbyen,NO,78.246101379395,15.465600013733,88,Arctic/Longyearbyen,medium_airport
LYS,LFLL,Lyon Saint-Exupéry Airport,"Colombier-Saugnieu, Rhône",FR,45.725996,5.090139,821,Europe/Paris,large_airport
LYU,KELO,Ely Municipal Airport,Ely,US,47.82450104,-91.83070374,1456,America/Chicago,medium_airport
LYX,EGMD,Lydd London Ashford Airport,"Romney Marsh, Kent",GB,50.956246,0.939074,13,Europe/London,medium_airport
LZC,MMLC,Lázaro Cárdenas Airport,Lázaro Cárdenas,MX,18.001672,-102.220316,39,America/Mexico_City,medium_airport
LZG,ZULA,Langzhong Gucheng Airport,Nanchong (Langzhong),CN,31.50191,106.034417,1444,Asia/Shanghai,medium_airport
LZH,ZGZH,Liuzhou Bailian Airport / Bailian Air Base,Liuzhou (Liujiang),CN,24.2075,109.390999,295,Asia/Shanghai,medium_airport
LZN,RCFG,Matsu Nangan Airport,Matsu (Nangan),TW,26.159656,119.958376,232,Asia/Taipei,medium_airport
LZO,ZULZ,Luzhou Yunlong Airport,Luzhou (Yunlong),CN,29.030357,105.468407,,Asia/Shanghai,medium_airport
LZY,ZUNZ,Nyingchi Mainling Airport,Nyingchi (Mainling),CN,29.303301,94.335297,9675,Asia/Shanghai,medium_airport
MAA,VOMM,Chennai International Airport,Chennai,IN,12.990005,80.169296,52,Asia/Kolkata,large_airport
MAB,SBMA,João Correa da Rocha Airport,Marabá,BR,-5.36859,-49.138,357,America/Araguaina,medium_airport
MAD,LEMD,Adolfo Suárez Madrid–Barajas Airport,Madrid,ES,40.471926,-3.56264,1998,Europe/Madrid,large_airport
MAF,KMAF,Midland International Air and Space Port,Midland,US,31.942499,-102.202003,2871,America/Chicago,medium_airport
MAG,AYMD,Madang Airport,Madang,PG,-5.20707988739,145.789001465,20,Pacific/Port_Moresby,medium_airport
MAH,LEMH,Menorca Airport,Mahón (Maó),ES,39.862598,4.21865,302,Europe/Madrid,medium_airport
MAJ,PKMJ,Marshall Islands International Airport,Majuro Atoll,MH,7.06476,171.272003,6,Pacific/Majuro,medium_airport
MAK,,Malakal Airport,Malakal,SS,9.55897,31.652201,1291,Africa/Juba,medium_airport
MAM,MMMA,General Servando Canales International Airport,Matamoros,MX,25.7698993683,-97.5252990723,25,America/Mexico_City,medium_airport
MAN,EGCC,Manchester Airport,"Manchester, Greater Manchester",GB,53.349375,-2.279521,257,Europe/London,large_airport
MAO,SBEG,Eduardo Gomes International Airport,Manaus,BR,-3.03861,-60.049702,264,America/Boa_Vista,large_airport
MAQ,VTPM,Mae Sot Airport,,TH,16.699899673461914,98.54509735107422,690,Asia/Bangkok,medium_airport
MAR,SVMC,La Chinita International Airport,Maracaibo,VE,10.5582084656,-71.7278594971,239,America/Caracas,medium_airport
MAS,AYMO,Momote Airport,Manus Island,PG,-2.06189,147.423996,12,Pacific/Port_Moresby,medium_airport
MAU,NTTP,Maupiti Airport,,PF,-16.42650032043457,-152.24400329589844,15,Pacific/Tahiti,medium_airport
MAX,GOSM,Ouro Sogui Airport,Ouro Sogui,SN,15.5936,-13.3228,85,Africa/Dakar,medium_airport
MAY,MYAB,Clarence A. Bain Airport,Mangrove Cay,BS,24.287701,-77.684601,19,America/Nassau,medium_airport
MAZ,TJMZ,Eugenio Maria De Hostos Airport,Mayaguez,PR,18.255699157714844,-67.14849853515625,28,America/Puerto_Rico,medium_airport
MBA,HKMO,Moi International Airport,Mombasa,KE,-4.03483,39.5942,200,Africa/Nairobi,large_airport
MBD,FAMM,Mmabatho International Airport,Mafeking,ZA,-25.798400878900004,25.548000335699996,4181,Africa/Johannesburg,medium_airport
MBE,RJEB,Monbetsu Airport,Monbetsu,JP,44.303901672399995,143.404006958,80,Asia/Tokyo,medium_airport
MBG,KMBG,Mobridge Municipal Airport,Mobridge,US,45.54650116,-100.4079971,1716,America/Chicago,medium_airport
MBI,HTGW,Songwe Airport,Mbeya,TZ,-8.919942,33.273981,4412,Africa/Dar_es_Salaam,medium_airport
MBJ,MKJS,Sangster International Airport,Montego Bay,JM,18.5037,-77.913399,4,America/Jamaica,medium_airport
MBO,RPUM,Mamburao Airport,Mamburao,PH,13.208048,120.605457,13,Asia/Manila,medium_airport
MBS,KMBS,MBS International Airport,Freeland,US,43.531913,-84.082275,668,America/New_York,medium_airport
MBT,RPVJ,Moises R. Espinosa Airport,Masbate,PH,12.369682,123.630095,49,Asia/Manila,medium_airport
MBW,YMMB,Melbourne Moorabbin Airport,Melbourne,AU,-37.975799560546875,145.1020050048828,50,Australia/Melbourne,medium_airport
MBX,LJMB,Maribor Edvard Rusjan Airport,Orehova Vas,SI,46.4799,15.6861,876,Europe/Ljubljana,medium_airport
MCB,KMCB,McComb-Pike County Airport / John E Lewis Field,McComb,US,31.178499,-90.471901,413,America/Chicago,medium_airport
MCC,KMCC,McClellan Airfield,Sacramento,US,38.667599,-121.401001,77,America/Los_Angeles,medium_airport
MCE,KMCE,Merced Regional Macready Field,Merced,US,37.284698,-120.514,155,America/Los_Angeles,medium_airport
MCF,KMCF,MacDill Air Force Base,Tampa,US,27.8493,-82.521202,14,America/New_York,medium_airport
MCG,PAMC,McGrath Airport,McGrath,US,62.95289993,-155.6060028,341,America/Anchorage,medium_airport
MCI,KMCI,Kansas City International Airport,Kansas City,US,39.2976,-94.713898,1026,America/Chicago,large_airport
MCJ,SKLM,Jorge Isaac Airport,La Mina-Maicao,CO,11.2325,-72.4901,281,America/Bogota,medium_airport
MCK,KMCK,McCook Ben Nelson Regional Airport,McCook,US,40.207787,-100.592794,2583,America/Chicago,medium_airport
MCN,KMCN,Middle Georgia Regional Airport,Macon,US,32.69279861450195,-83.64920043945312,354,America/New_York,medium_airport
MCO,KMCO,Orlando International Airport,Orlando,US,28.429399490356445,-81.30899810791016,96,America/New_York,large_airport
MCP,SBMQ,Macapá - Alberto Alcolumbre International Airport,Macapá,BR,0.050664,-51.072201,56,America/Belem,medium_airport
MCS,SARM,Monte Caseros Airport,Monte Caseros,AR,-30.2719,-57.6402,170,America/Argentina/Cordoba,medium_airport
MCT,OOMS,Muscat International Airport,Muscat,OM,23.5933,58.284401,48,Asia/Muscat,large_airport
MCU,LFBK,Montluçon-Guéret Airport,"Lépaud, Creuse",FR,46.222599,2.36396,1497,Europe/Paris,medium_airport
MCW,KMCW,Mason City Municipal Airport,Mason City,US,43.159801,-93.329716,1213,America/Chicago,medium_airport
MCX,URML,Makhachkala Uytash International Airport,Makhachkala,RU,42.816799,47.652302,12,Europe/Moscow,medium_airport
MCY,YBSU,Sunshine Coast Airport,Maroochydore,AU,-26.593324,153.08319,15,Australia/Brisbane,medium_airport
MCZ,SBMO,Zumbi dos Palmares Airport,Maceió,BR,-9.51081,-35.791698,387,America/Maceio,medium_airport
MDC,WAMM,Sam Ratulangi Airport,Manado,ID,1.549266,124.926319,264,Asia/Makassar,medium_airport
MDE,SKRG,Jose Maria Córdova International Airport,Medellín,CO,6.16454,-75.4231,6955,America/Bogota,medium_airport
MDG,ZYMD,Mudanjiang Hailang International Airport,Mudanjiang,CN,44.5241012573,129.569000244,883,Asia/Shanghai,medium_airport
MDH,KMDH,Southern Illinois Airport,Murphysboro,US,37.778099,-89.251999,411,America/Chicago,medium_airport
MDI,DNMK,Makurdi Airport,Makurdi,NG,7.70388,8.61394,371,Africa/Lagos,medium_airport
MDK,FZEA,Mbandaka Airport,Mbandaka,CD,0.0226000007242,18.2887001038,1040,Africa/Kinshasa,medium_airport
MDL,VYMD,Mandalay International Airport,Mandalay,MM,21.702199935913086,95.97789764404297,300,Asia/Yangon,large_airport
MDQ,SAZM,Ástor Piazzola International Airport,Mar del Plata,AR,-37.9342,-57.5733,72,America/Argentina/Buenos_Aires,medium_airport
MDT,KMDT,Harrisburg International Airport,Harrisburg,US,40.193501,-76.763397,310,America/New_York,medium_airport
MDU,AYMN,Mendi Airport,Mendi,PG,-6.14774,143.656998,5680,Pacific/Port_Moresby,medium_airport
MDW,KMDW,Chicago Midway International Airport,Chicago,US,41.785999,-87.752403,620,America/Chicago,large_airport
MDY,PMDY,Henderson Field,Sand Island,UM,28.2017,-177.380997,13,Pacific/Midway,medium_airport
MDZ,SAME,El Plumerillo Airport,Mendoza,AR,-32.8316993713,-68.7929000854,2310,America/Argentina/Mendoza,medium_airport
MEA,SBME,Macaé Benedito Lacerda Airport,Macaé,BR,-22.343,-41.765999,8,America/Sao_Paulo,medium_airport
MEB,YMEN,Melbourne Essendon Airport,Essendon Fields,AU,-37.7281,144.901993,282,Australia/Melbourne,medium_airport
MEC,SEMT,Eloy Alfaro International Airport,Manta,EC,-0.9460780024528503,-80.67880249023438,48,America/Guayaquil,medium_airport
MED,OEMA,Prince Mohammad Bin Abdulaziz Airport,Medina,SA,24.5534,39.705101,2151,Asia/Riyadh,large_airport
MEE,NWWR,Maré Airport,Maré,NC,-21.482438,168.038465,141,Pacific/Noumea,medium_airport
MEG,FNMA,Malanje Airport,Malanje,AO,-9.525090217590332,16.312400817871094,3868,Africa/Luanda,medium_airport
MEH,ENMH,Mehamn Airport,Mehamn,NO,71.029701,27.8267,39,Europe/Oslo,medium_airport
MEI,KMEI,Key Field / Meridian Regional Airport,Meridian,US,32.3326,-88.7519,297,America/Chicago,medium_airport
MEK,GMFM,Bassatine Airport,Meknes,MA,33.879101,-5.51512,1890,Africa/Casablanca,medium_airport
MEL,YMML,Melbourne Airport,Melbourne,AU,-37.661548,144.836432,434,Australia/Melbourne,large_airport
MEM,KMEM,Memphis International Airport,Memphis,US,35.0424,-89.9767,341,America/Chicago,large_airport
MEN,LFNB,Mende-Brenoux Airfield,Mende/Brénoux,FR,44.502102,3.53282,3362,Europe/Paris,medium_airport
MEQ,WITC,Cut Nyak Dhien Airport,Kuala Pesisir,ID,4.040998,96.253312,10,Asia/Jakarta,medium_airport
MER,KMER,Castle Airport,Merced,US,37.38050079,-120.5680008,191,America/Los_Angeles,medium_airport
MES,WIMK,Soewondo Air Force Base,Medan,ID,3.558425,98.672275,114,Asia/Jakarta,medium_airport
MEU,SBMD,Monte Dourado - Serra do Areão Airport,Almeirim,BR,-0.889839,-52.6022,677,America/Belem,medium_airport
MEX,MMMX,Benito Juárez International Airport,Ciudad de México,MX,19.435137,-99.071328,7316,America/Mexico_City,large_airport
MFD,KMFD,Mansfield Lahm Regional Airport,Mansfield,US,40.82139968869999,-82.5166015625,1297,America/New_York,medium_airport
MFE,KMFE,McAllen Miller International Airport,McAllen,US,26.176141,-98.237965,107,America/Chicago,medium_airport
MFG,OPMF,Muzaffarabad Airport,Muzaffarabad,PK,34.339001,73.508598,2691,Asia/Karachi,medium_airport
MFH,,Mesquite Airport,Mesquite,US,36.833105,-114.055928,1978,America/Los_Angeles,medium_airport
MFK,RCMT,Matsu Beigan Airport,Matsu (Beigan),TW,26.224199,120.002998,41,Asia/Taipei,medium_airport
MFM,VMMC,Macau International Airport,Nossa Senhora do Carmo,MO,22.149599,113.592003,20,Asia/Macau,large_airport
MFQ,DRRM,Maradi Airport,Maradi,NE,13.5025,7.12675,1240,Africa/Niamey,medium_airport
MFR,KMFR,Rogue Valley International Medford Airport,Medford,US,42.37419891357422,-122.87300109863281,1335,America/Los_Angeles,medium_airport
MFU,FLMF,Mfuwe Airport,Mfuwe,ZM,-13.258899688720703,31.936599731445312,1853,Africa/Lusaka,medium_airport
MGA,MNMG,Augusto C. Sandino (Managua) International Airport,Managua,NI,12.141500473022461,-86.16819763183594,194,America/Managua,medium_airport
MGB,YMTG,Mount Gambier Airport,Mount Gambier,AU,-37.744382,140.780561,,Australia/Adelaide,medium_airport
MGE,KMGE,Dobbins Air Reserve Base,Marietta,US,33.915401,-84.516296,1068,America/New_York,medium_airport
MGF,SBMG,Regional de Maringá - Sílvio Name Júnior Airport,Maringá,BR,-23.47606,-52.016187,1801,America/Sao_Paulo,medium_airport
MGH,FAMG,Margate Airport,Margate,ZA,-30.8574008942,30.343000412,495,Africa/Johannesburg,medium_airport
MGL,EDLN,Mönchengladbach Airport,Mönchengladbach,DE,51.230278,6.504444,125,Europe/Berlin,medium_airport
MGM,KMGM,Montgomery Regional (Dannelly Field) Airport,Montgomery,US,32.300598,-86.393997,221,America/Chicago,medium_airport
MGN,SKMG,Baracoa Airport,Magangué,CO,9.28474,-74.8461,178,America/Bogota,medium_airport
MGQ,HCMM,Aden Adde International Airport,Mogadishu,SO,2.0144400596618652,45.3046989440918,29,Africa/Mogadishu,medium_airport
MGW,KMGW,Morgantown Municipal Airport Walter L. (Bill) Hart Field,Morgantown,US,39.643305,-79.917598,1248,America/New_York,medium_airport
MGZ,VYME,Myeik Airport,Mkeik,MM,12.439800262451172,98.62149810791016,75,Asia/Yangon,medium_airport
MHD,OIMM,Mashhad International Airport,Mashhad,IR,36.235198974609375,59.64099884033203,3263,Asia/Tehran,large_airport
MHG,EDFM,Mannheim-City Airport,Mannheim,DE,49.473057,8.514167,308,Europe/Berlin,medium_airport
MHH,MYAM,Leonard M Thompson International Airport,Marsh Harbour,BS,26.510711,-77.084262,6,America/Nassau,medium_airport
MHK,KMHK,Manhattan Regional Airport,Manhattan,US,39.14099884033203,-96.6707992553711,1057,America/Chicago,medium_airport
MHQ,EFMA,Mariehamn Airport,Mariehamn,FI,60.1222,19.898199,17,Europe/Mariehamn,medium_airport
MHR,KMHR,Sacramento Mather Airport,Sacramento,US,38.554744,-121.297989,98,America/Los_Angeles,medium_airport
MHT,KMHT,Manchester-Boston Regional Airport,Manchester,US,42.932598,-71.435699,266,America/New_York,medium_airport
MHU,YHOT,Mount Hotham Airport,Mount Hotham,AU,-37.0475006104,147.333999634,4260,Australia/Hobart,medium_airport
MHZ,EGUN,RAF Mildenhall,"Bury Saint Edmunds, Suffolk",GB,52.3619,0.486406,33,Europe/London,medium_airport
MIA,KMIA,Miami International Airport,Miami,US,25.7932,-80.290604,8,America/New_York,large_airport
MIB,KMIB,Minot Air Force Base,Minot,US,48.4156,-101.358002,1667,America/Chicago,medium_airport
MID,MMMD,Manuel Crescencio Rejón International Airport,Mérida,MX,20.930485,-89.645462,38,America/Merida,large_airport
MIE,KMIE,Delaware County Johnson Field,Muncie,US,40.242298,-85.395897,937,America/Indiana/Indianapolis,medium_airport
MIG,ZUMY,Mianyang Nanjiao Airport,Mianyang (Fucheng),CN,31.428101,104.740997,7874,Asia/Shanghai,medium_airport
MII,SBML,Frank Miloye Milenkowichi–Marília State Airport,Marília,BR,-22.196899,-49.926485,2134,America/Sao_Paulo,medium_airport
MIK,EFMI,Mikkeli Airport,Mikkeli,FI,61.6866,27.201799,329,Europe/Helsinki,medium_airport
MIM,YMER,Merimbula Airport,Merimbula,AU,-36.9085998535,149.901000977,7,Australia/Sydney,medium_airport
MIP,LLRM,Ramon Air Base,Beersheba,IL,30.7761,34.666698,2126,Asia/Jerusalem,medium_airport
MIR,DTMB,Monastir Habib Bourguiba International Airport,Monastir,TN,35.75809860229492,10.75469970703125,9,Africa/Tunis,medium_airport
MIU,DNMA,Maiduguri International Airport,Maiduguri,NG,11.855299949645996,13.080900192260742,1099,Africa/Lagos,medium_airport
MIV,KMIV,Millville Municipal Airport,Millville,US,39.367802,-75.072197,85,America/New_York,medium_airport
MJC,DIMN,Man Airport,,CI,7.27207,-7.58736,1089,Africa/Abidjan,medium_airport
MJD,OPMJ,Moenjodaro Airport,Moenjodaro,PK,27.335199,68.143097,154,Asia/Karachi,medium_airport
MJF,ENMS,"Mosjøen Airport, Kjærstad",Mosjøen,NO,65.783997,13.2149,237,Europe/Oslo,medium_airport
MJI,HLLM,Mitiga International Airport,Tripoli,LY,32.89177,13.287878,36,Africa/Tripoli,large_airport
MJK,YSHK,Shark Bay Airport,Denham,AU,-25.897294,113.575802,111,Australia/Perth,medium_airport
MJL,FOGM,Mouilla Ville Airport,Mouila,GA,-1.84514,11.0567,295,Africa/Libreville,medium_airport
MJM,FZWA,Mbuji Mayi Airport,Mbuji Mayi,CD,-6.121240139010001,23.569000244099996,2221,Africa/Lubumbashi,medium_airport
MJN,FMNM,Amborovy Airport,Mahajanga,MG,-15.666842,46.351233,87,Indian/Antananarivo,medium_airport
MJT,LGMT,Mytilene International Airport,Mytilene,GR,39.057272,26.598887,60,Europe/Athens,medium_airport
MJZ,UERR,Mirny Airport,Mirny,RU,62.534698486328125,114.03900146484375,1156,Asia/Yakutsk,medium_airport
MKC,KMKC,Charles B. Wheeler Downtown Airport,Kansas City,US,39.123199,-94.592796,759,America/Chicago,medium_airport
MKE,KMKE,General Mitchell International Airport,Milwaukee,US,42.947201,-87.896599,723,America/Chicago,large_airport
MKG,KMKG,Muskegon County Airport,Muskegon,US,43.169498,-86.238197,629,America/New_York,medium_airport
MKK,PHMK,Molokai Airport,Kaunakakai,US,21.152901,-157.095993,454,Pacific/Honolulu,medium_airport
MKL,KMKL,McKellar-Sipes Regional Airport,Jackson,US,35.599899,-88.915604,434,America/Chicago,medium_airport
MKM,WBGK,Mukah Airport,Mukah,MY,2.881944,112.043333,20,Asia/Kuching,medium_airport
MKP,NTGM,Makemo Airport,Makemo,PF,-16.5839,-143.658005,3,Pacific/Tahiti,medium_airport
MKQ,WAKK,Mopah International Airport,Merauke,ID,-8.523898,140.419693,10,Asia/Jayapura,medium_airport
MKR,YMEK,Meekatharra Airport,,AU,-26.6117000579834,118.5479965209961,1713,Australia/Perth,medium_airport
MKU,FOOK,Makokou Airport,Makokou,GA,0.5792109966278076,12.890899658203125,1726,Africa/Libreville,medium_airport
MKW,WAUU,Rendani Airport,Manokwari,ID,-0.891833,134.048996,23,Asia/Jayapura,medium_airport
MKY,YBMK,Mackay Airport,Mackay,AU,-21.170816,149.182588,19,Australia/Brisbane,medium_airport
MKZ,WMKM,Malacca International Airport,Malacca,MY,2.265613,102.252778,35,Asia/Kuala_Lumpur,medium_airport
MLA,LMML,Malta International Airport,Valletta,MT,35.857498,14.4775,300,Europe/Malta,large_airport
MLB,KMLB,Melbourne Orlando International Airport,Melbourne,US,28.1028,-80.645302,33,America/New_York,medium_airport
MLC,KMLC,Mc Alester Regional Airport,Mc Alester,US,34.882401,-95.783501,770,America/Chicago,medium_airport
MLE,VRMM,Malé International Airport,Malé,MV,4.191830158233643,73.52909851074219,6,Indian/Maldives,large_airport
MLG,WARA,Abdul Rachman Saleh Airport,Malang,ID,-7.929099,112.714233,1726,Asia/Jakarta,medium_airport
MLI,KMLI,Quad City International Airport,Moline,US,41.448502,-90.5075,590,America/Chicago,medium_airport
MLM,MMMM,General Francisco J. Mujica International Airport,Morelia,MX,19.849899,-101.025002,6033,America/Mexico_City,medium_airport
MLN,GEML,Melilla Airport,Melilla,ES,35.2798,-2.95626,156,Europe/Madrid,medium_airport
MLS,KMLS,Miles City Airport - Frank Wiley Field,Miles City,US,46.427268,-105.885372,2630,America/Denver,medium_airport
MLU,KMLU,Monroe Regional Airport,Monroe,US,32.510899,-92.037697,79,America/Chicago,medium_airport
MLW,GLMR,Spriggs Payne Airport,Monrovia,LR,6.28906,-10.7587,25,Africa/Monrovia,medium_airport
MLX,LTAT,Malatya Erhaç Airport,Malatya,TR,38.435298919699996,38.0909996033,2828,Europe/Istanbul,medium_airport
MMB,RJCM,Memanbetsu Airport,Ōzora,JP,43.8805999756,144.164001465,135,Asia/Tokyo,medium_airport
MMD,ROMD,Minamidaito Airport,Minamidaito,JP,25.8465,131.263,167,Asia/Tokyo,medium_airport
MME,EGNV,Teesside International Airport,"Darlington, Durham",GB,54.509201,-1.42941,120,Europe/London,medium_airport
MMG,YMOG,Mount Magnet Airport,,AU,-28.116100311279297,117.84200286865234,1354,Australia/Perth,medium_airport
MMJ,RJAF,Shinshu-Matsumoto Airport,Matsumoto,JP,36.166801,137.923004,2182,Asia/Tokyo,medium_airport
MMK,ULMM,Murmansk Airport,Murmansk,RU,68.78170013427734,32.75080108642578,266,Europe/Moscow,medium_airport
MMO,GVMA,Maio Airport,Vila do Maio,CV,15.155900001525879,-23.213699340820312,36,Atlantic/Cape_Verde,medium_airport
MMT,KMMT,Mc Entire Joint National Guard Base,Eastover,US,33.92079926,-80.80130005,254,America/New_York,medium_airport
MMU,KMMU,Morristown Municipal Airport,Morristown,US,40.799062,-74.414949,187,America/New_York,medium_airport
MMX,ESMS,Malmö Sturup Airport,Malmö,SE,55.535564,13.376327,236,Europe/Stockholm,medium_airport
MMY,ROMY,Miyako Airport,Miyakojima,JP,24.782801,125.294998,150,Asia/Tokyo,medium_airport
MMZ,OAMN,Maymana Zahiraddin Faryabi Airport,Maymana,AF,35.930801,64.760902,2743,Asia/Kabul,medium_airport
MNG,YMGD,Maningrida Airport,Maningrida,AU,-12.0560998917,134.23399353,123,Australia/Darwin,medium_airport
MNH,,Mussanah Airport,Al Masna'ah,OM,23.640556,57.4875,372,Asia/Muscat,medium_airport
MNI,TRPG,John A. Osborne Airport,Gerald's Park,MS,16.791401,-62.193298,550,America/Montserrat,medium_airport
MNJ,FMSM,Mananjary Airport,Mananjary,MG,-21.201799,48.358299,20,Indian/Antananarivo,medium_airport
MNL,RPLL,Ninoy Aquino International Airport,Manila (Pasay),PH,14.5086,121.019997,75,Asia/Manila,large_airport
MNR,FLMG,Mongu Airport,Mongu,ZM,-15.2545,23.1623,3488,Africa/Lusaka,medium_airport
MNX,SBMY,Manicoré Airport,Manicoré,BR,-5.81138,-61.278301,174,America/Manaus,medium_airport
MNZ,KHEF,Manassas Regional Airport/Harry P. Davis Field,Manassas,US,38.721401,-77.515404,192,America/New_York,medium_airport
MOA,MUMO,Orestes Acosta Airport,Moa,CU,20.653900146484375,-74.92220306396484,16,America/Havana,medium_airport
MOB,KMOB,Mobile Regional Airport,Mobile,US,30.6912,-88.242798,219,America/Chicago,medium_airport
MOC,SBMK,Mário Ribeiro Airport,Montes Claros,BR,-16.706919,-43.818901,2191,America/Sao_Paulo,medium_airport
MOD,KMOD,Modesto City Co-Harry Sham Field,Modesto,US,37.625801,-120.954002,97,America/Los_Angeles,medium_airport
MOE,VYMO,Momeik Airport,,MM,23.092500686645508,96.64530181884766,600,Asia/Yangon,medium_airport
MOG,VYMS,Mong Hsat Airport,Mong Hsat,MM,20.516799926757812,99.25679779052734,1875,Asia/Yangon,medium_airport
MOL,ENML,"Molde Airport, Årø",Årø,NO,62.744701,7.2625,10,Europe/Oslo,medium_airport
MON,NZMC,Mount Cook Airport,,NZ,-43.764999,170.132996,2153,Pacific/Auckland,medium_airport
MOQ,FMMV,Morondava Airport,Morondava,MG,-20.2847,44.3176,30,Indian/Antananarivo,medium_airport
MOT,KMOT,Minot International Airport,Minot,US,48.2593994140625,-101.27999877929688,1716,America/Chicago,medium_airport
MOV,YMRB,Moranbah Airport,Moranbah,AU,-22.057800293,148.07699585,770,Australia/Brisbane,medium_airport
MOZ,NTTM,Moorea Temae Airport,Moorea-Maiao,PF,-17.48979,-149.761777,9,Pacific/Tahiti,medium_airport
MPA,FYKM,Katima Mulilo Airport,Mpacha,NA,-17.634258,24.176688,3144,Africa/Windhoek,medium_airport
MPH,RPVE,Godofredo P. Ramos Airport,Caticlan,PH,11.9245,121.954002,7,Asia/Manila,medium_airport
MPL,LFMT,Montpellier-Méditerranée Airport,Montpellier/Méditerranée,FR,43.576199,3.96301,17,Europe/Paris,medium_airport
MPM,FQMA,Maputo Airport,Maputo,MZ,-25.920799,32.572601,145,Africa/Maputo,large_airport
MPN,EGYP,Mount Pleasant Airport,Mount Pleasant,FK,-51.82279968261719,-58.447200775146484,244,Atlantic/Stanley,medium_airport
MPV,KMPV,Edward F Knapp State Airport,Barre/Montpelier,US,44.20349884,-72.56230164,1166,America/New_York,medium_airport
MPW,UKCM,Mariupol International Airport,Mariupol,UA,47.07609939575195,37.44960021972656,251,Europe/Kyiv,medium_airport
MQF,USCM,Magnitogorsk International Airport,Magnitogorsk,RU,53.39310073852539,58.755699157714844,1430,Asia/Yekaterinburg,medium_airport
MQH,,Minaçu Airport,Minaçu,BR,-13.5491,-48.195301,1401,America/Sao_Paulo,medium_airport
MQJ,UEMA,Moma Airport,Khonuu,RU,66.450861,143.261551,656,Asia/Srednekolymsk,medium_airport
MQL,YMIA,Mildura Airport,Mildura,AU,-34.229198455799995,142.085998535,167,Australia/Hobart,medium_airport
MQM,LTCR,Mardin Airport,Mardin,TR,37.223300933800004,40.6316986084,1729,Europe/Istanbul,medium_airport
MQN,ENRA,"Mo i Rana Airport, Røssvoll",Mo i Rana,NO,66.363899230957,14.301400184631,229,Europe/Oslo,medium_airport
MQP,FAKN,Kruger Mpumalanga International Airport,Mpumalanga,ZA,-25.3831996918,31.1056003571,2829,Africa/Johannesburg,medium_airport
MQQ,FTTD,Moundou Airport,Moundou,TD,8.628503,16.074241,1407,Africa/Ndjamena,medium_airport
MQS,TVSM,Mustique Airport,Lovell,VC,12.8879,-61.180199,8,America/St_Vincent,medium_airport
MQT,KSAW,Marquette/Sawyer International Airport,Gwinn,US,46.3536,-87.395401,1221,America/New_York,medium_airport
MQU,SKQU,Mariquita Airport,Mariquita,CO,5.21256,-74.8836,1531,America/Bogota,medium_airport
MQX,HAMK,Alula Aba Nega Airport,Mekele,ET,13.4674,39.533501,7396,Africa/Addis_Ababa,medium_airport
MQY,KMQY,Smyrna Airport,Smyrna,US,36.0089988708,-86.5201034546,543,America/Chicago,medium_airport
MRB,KMRB,Eastern WV Regional Airport/Shepherd Field,Martinsburg,US,39.40190125,-77.98459625,565,America/New_York,medium_airport
MRD,SVMD,Alberto Carnevalli Airport,Mérida,VE,8.582078,-71.161041,5007,America/Caracas,medium_airport
MRE,HKMS,Mara Serena Lodge Airstrip,Masai Mara,KE,-1.406111,35.008057,5200,Africa/Nairobi,medium_airport
MRG,YMBA,Mareeba Airport,Mareeba,AU,-17.070277,145.424228,1560,Australia/Brisbane,medium_airport
MRI,PAMR,Merrill Field,Anchorage,US,61.212792,-149.843988,137,America/Anchorage,medium_airport
MRO,NZMS,Hood Airport,Masterton,NZ,-40.974634,175.63454,364,Pacific/Auckland,medium_airport
MRQ,RPUW,Marinduque Airport,Gasan,PH,13.361000061035156,121.82599639892578,32,Asia/Manila,medium_airport
MRR,SEMA,Jose Maria Velasco Ibarra Airport,Macará,EC,-4.37823009491,-79.94100189210002,1508,America/Guayaquil,medium_airport
MRS,LFML,Marseille Provence Airport,"Marignane, Bouches-du-Rhône",FR,43.438088,5.2125,74,Europe/Paris,large_airport
MRU,FIMP,Sir Seewoosagur Ramgoolam International Airport,Plaine Magnien,MU,-20.430201,57.683601,186,Indian/Mauritius,large_airport
MRV,URMM,Mineralnyye Vody Airport,Mineralnyye Vody,RU,44.225101470947266,43.08190155029297,1054,Europe/Moscow,medium_airport
MRW,EKMB,Lolland Falster Maribo Airport,Rødby,DK,54.699447,11.438163,16,Europe/Copenhagen,medium_airport
MRX,OIAM,Mahshahr Airport,Mahshahr,IR,30.5562,49.151901,8,Asia/Tehran,medium_airport
MRY,KMRY,Monterey Peninsula Airport,Monterey,US,36.58700180053711,-121.84300231933594,257,America/Los_Angeles,medium_airport
MRZ,YMOR,Moree Airport,Moree,AU,-29.498899459799997,149.845001221,701,Australia/Sydney,medium_airport
MSH,OOMA,RAFO Masirah,Masirah,OM,20.6754,58.890499,64,Asia/Muscat,medium_airport
MSJ,RJSM,Misawa Airport / Misawa Air Base,Misawa,JP,40.703201,141.367996,119,Asia/Tokyo,medium_airport
MSL,KMSL,Northwest Alabama Regional Airport,Muscle Shoals,US,34.745123,-87.612981,551,America/Chicago,medium_airport
MSN,KMSN,Dane County Regional Truax Field,Madison,US,43.1399,-89.337502,887,America/Chicago,medium_airport
MSO,KMSO,Missoula International Airport,Missoula,US,46.91630173,-114.0910034,3206,America/Denver,medium_airport
MSP,KMSP,Minneapolis–Saint Paul International Airport / Wold–Chamberlain Field,Minneapolis,US,44.880081,-93.221741,841,America/Chicago,large_airport
MSQ,UMMS,Minsk National Airport,Minsk,BY,53.888071,28.039964,670,Europe/Minsk,large_airport
MSR,LTCK,Muş Airport,Muş,TR,38.747798919677734,41.66120147705078,4157,Europe/Istanbul,medium_airport
MSS,KMSS,Massena International Airport Richards Field,Massena,US,44.936157,-74.844304,215,America/New_York,medium_airport
MST,EHBK,Maastricht Aachen Airport,Maastricht,NL,50.911701,5.77014,375,Europe/Amsterdam,medium_airport
MSU,FXMM,Moshoeshoe I International Airport,Mazenod,LS,-29.462299,27.5525,5348,Africa/Maseru,medium_airport
MSW,HHMS,Massawa International Airport,Massawa,ER,15.67,39.370098,194,Africa/Asmara,medium_airport
MSY,KMSY,Louis Armstrong New Orleans International Airport,New Orleans,US,29.993401,-90.258003,4,America/Chicago,large_airport
MSZ,FNMO,Welwitschia Mirabilis International Airport,Moçâmedes,AO,-15.2612,12.1468,210,Africa/Luanda,medium_airport
MTC,KMTC,Selfridge Air National Guard Base Airport,Mount Clemens,US,42.613463,-82.836919,580,America/Detroit,medium_airport
MTH,KMTH,The Florida Keys Marathon Airport,Marathon,US,24.726101,-81.051399,5,America/New_York,medium_airport
MTJ,KMTJ,Montrose Regional Airport,Montrose,US,38.5098,-107.893997,5759,America/Denver,medium_airport
MTN,KMTN,Martin State Airport,Baltimore,US,39.325699,-76.413803,21,America/New_York,medium_airport
MTR,SKMR,Los Garzones Airport,Montería,CO,8.82374,-75.8258,41,America/Bogota,medium_airport
MTS,FDMS,Matsapha Airport,Manzini,SZ,-26.528999,31.307501,2075,Africa/Mbabane,medium_airport
MTT,MMMT,Minatitlán/Coatzacoalcos International Airport,Cosoleacaque,MX,18.103399,-94.580704,36,America/Mexico_City,medium_airport
MTY,MMMY,Monterrey International Airport,Monterrey,MX,25.778521,-100.106989,1278,America/Mexico_City,large_airport
MTZ,LLMZ,Bar Yehuda Airfield,Masada,IL,31.328199,35.388599,-1266,Asia/Jerusalem,medium_airport
MUA,AGGM,Munda Airport,Munda,SB,-8.32797,157.263,10,Pacific/Guadalcanal,medium_airport
MUB,FBMN,Maun Airport,Maun,BW,-19.970491,23.431409,3093,Africa/Gaborone,medium_airport
MUC,EDDM,Munich Airport,Munich,DE,48.353802,11.7861,1487,Europe/Berlin,large_airport
MUD,FQMD,Mueda Airport,Mueda,MZ,-11.6729,39.563099,2789,Africa/Maputo,medium_airport
MUE,PHMU,Waimea Kohala Airport,Waimea (Kamuela),US,20.001301,-155.667999,2671,Pacific/Honolulu,medium_airport
MUH,HEMM,Marsa Matruh International Airport,Marsa Matruh,EG,31.325464,27.221716,75,Africa/Cairo,medium_airport
MUI,KMUI,Muir Army Air Field (Fort Indiantown Gap) Airport,Fort Indiantown Gap(Annville),US,40.435214,-76.568661,488,America/New_York,medium_airport
MUN,SVMT,José Tadeo Monagas International Airport,Maturín,VE,9.749023,-63.153348,224,America/Caracas,medium_airport
MUO,KMUO,Mountain Home Air Force Base,Mountain Home,US,43.043598,-115.872002,2996,America/Denver,medium_airport
MUR,WBGM,Marudi Airport,Marudi,MY,4.178734,114.330318,103,Asia/Kuching,medium_airport
MUW,DAOV,Ghriss Airport,Ghriss,DZ,35.207699,0.147142,1686,Africa/Algiers,medium_airport
MUX,OPMT,Multan International Airport,Multan,PK,30.20319938659668,71.41909790039062,403,Asia/Karachi,medium_airport
MVB,FOON,M'Vengue El Hadj Omar Bongo Ondimba International Airport,Franceville,GA,-1.6561599969863892,13.437999725341797,1450,Africa/Libreville,medium_airport
MVD,SUMU,Carrasco General Cesáreo L. Berisso International Airport,Ciudad de la Costa,UY,-34.835647,-56.026497,105,America/Montevideo,large_airport
MVF,SBMS,Dix-Sept Rosado Airport,Mossoró,BR,-5.20192,-37.3643,76,America/Fortaleza,medium_airport
MVP,SKMU,Fabio Alberto Leon Bentley Airport,Mitú,CO,1.25366,-70.2339,680,America/Bogota,medium_airport
MVQ,UMOO,Mogilev Airport,Mogilev,BY,53.954898834228516,30.09510040283203,637,Europe/Minsk,medium_airport
MVR,FKKL,Salak Airport,Maroua,CM,10.451399803161621,14.257399559020996,1390,Africa/Douala,medium_airport
MVT,NTGV,Mataiva Airport,,PF,-14.8681001663208,-148.7169952392578,11,Pacific/Tahiti,medium_airport
MVZ,FVMV,Masvingo International Airport,Masvingo,ZW,-20.0553,30.8591,3595,Africa/Harare,medium_airport
MWA,KMWA,Veterans Airport of Southern Illinois,Marion,US,37.751208,-89.016568,472,America/Chicago,medium_airport
MWD,OPMI,Mianwali Air Base,Mianwali,PK,32.5630989074707,71.5707015991211,690,Asia/Karachi,medium_airport
MWE,HSMN,Merowe Airport,Merowe,SD,18.443333,31.843333,897,Africa/Khartoum,medium_airport
MWH,KMWH,Grant County International Airport,Moses Lake,US,47.20769882,-119.3199997,1189,America/Los_Angeles,medium_airport
MWX,RKJB,Muan International Airport,Muan (Piseo-ri),KR,34.991406,126.382814,35,Asia/Seoul,large_airport
MWZ,HTMW,Mwanza Airport,Mwanza,TZ,-2.4444899559020996,32.932701110839844,3763,Africa/Dar_es_Salaam,medium_airport
MXF,KMXF,Maxwell Air Force Base,Montgomery,US,32.3829,-86.365799,171,America/Chicago,medium_airport
MXI,RPMQ,Mati National Airport,Mati,PH,6.949091,126.27368,156,Asia/Manila,medium_airport
MXJ,DNMN,Minna Airport,Minna,NG,9.652170181274414,6.462259769439697,834,Africa/Lagos,medium_airport
MXL,MMML,General Rodolfo Sánchez Taboada International Airport,Mexicali,MX,32.630629,-115.242805,74,America/Tijuana,medium_airport
MXM,FMSR,Morombe Airport,Morombe,MG,-21.753837,43.374753,16,Indian/Antananarivo,medium_airport
MXN,LFRU,Morlaix-Ploujean Airport,Morlaix/Ploujean,FR,48.6031990051,-3.81577992439,272,Europe/Paris,medium_airport
MXP,LIMC,Milan Malpensa International Airport,Ferno (VA),IT,45.6306,8.72811,768,Europe/Rome,large_airport
MXV,ZMMN,Mörön Airport,Mörön,MN,49.663299560546875,100.0989990234375,4272,Asia/Ulaanbaatar,medium_airport
MXX,ESKM,Mora Airport,Mora,SE,60.957901,14.5114,634,Europe/Stockholm,medium_airport
MYA,YMRY,Moruya Airport,Moruya,AU,-35.8978004456,150.143997192,14,Australia/Sydney,medium_airport
MYC,SVBS,Escuela Mariscal Sucre Airport,Maracay,VE,10.249978,-67.649422,1338,America/Caracas,medium_airport
MYD,HKML,Malindi Airport,Malindi,KE,-3.2293100357055664,40.10169982910156,80,Africa/Nairobi,medium_airport
MYE,RJTQ,Miyakejima Airport,Miyakejima,JP,34.073600769,139.559997559,67,Asia/Tokyo,medium_airport
MYG,MYMM,Mayaguana Airport,Abraham Bay Settlement,BS,22.379499,-73.013494,11,America/Nassau,medium_airport
MYJ,RJOM,Matsuyama Airport,Matsuyama,JP,33.82720184326172,132.6999969482422,25,Asia/Tokyo,medium_airport
MYL,KMYL,McCall Municipal Airport,McCall,US,44.888837,-116.101112,5024,America/Boise,medium_airport
MYP,UTAM,Mary International Airport,Mary,TM,37.62353,61.895668,728,Asia/Ashgabat,medium_airport
MYR,KMYR,Myrtle Beach International Airport,Myrtle Beach,US,33.679699,-78.928299,25,America/New_York,medium_airport
MYT,VYMK,Myitkyina Airport,Myitkyina,MM,25.3836,97.351898,475,Asia/Yangon,medium_airport
MYU,PAMY,Mekoryuk Airport,Mekoryuk,US,60.372338,-166.269751,48,America/Anchorage,medium_airport
MYV,KMYV,Yuba County Airport,Marysville,US,39.09780121,-121.5699997,64,America/Los_Angeles,medium_airport
MYW,HTMT,Mtwara Airport,Mtwara,TZ,-10.336204,40.181997,371,Africa/Dar_es_Salaam,medium_airport
MYY,WBGR,Miri Airport,Miri,MY,4.32201,113.987,59,Asia/Kuching,medium_airport
MZB,FQMP,Mocímboa da Praia Airport,Mocímboa da Praia,MZ,-11.3618,40.3549,89,Africa/Maputo,medium_airport
MZG,RCQC,Penghu Magong Airport,Huxi,TW,23.568701,119.627998,103,Asia/Taipei,medium_airport
MZI,GAMB,Mopti Ambodédjo International Airport,Sévaré,ML,14.5128,-4.07956,906,Africa/Bamako,medium_airport
MZL,SKMZ,La Nubia Airport,Manizales,CO,5.0296,-75.4647,6871,America/Bogota,medium_airport
MZO,MUMZ,Sierra Maestra International Airport,Manzanillo,CU,20.288605,-77.087545,112,America/Havana,medium_airport
MZQ,FAMU,Mkuze Airport,Mkuze,ZA,-27.626100540161133,32.0443000793457,400,Africa/Johannesburg,medium_airport
MZR,OAMS,Mazar-i-Sharif International Airport,Mazar-i-Sharif,AF,36.706902,67.209702,1284,Asia/Kabul,medium_airport
MZS,,Moradabad Airport,Moradabad,IN,28.81746,78.92187,637,N/A,medium_airport
MZT,MMMZ,General Rafael Buelna International Airport,Mazatlàn,MX,23.161474,-106.264572,38,America/Mazatlan,large_airport
MZU,VEMZ,Muzaffarpur Airport,Muzaffarpur,IN,26.119101,85.313698,174,Asia/Kolkata,medium_airport
MZV,WBMU,Mulu Airport,Mulu,MY,4.048329830169678,114.80500030517578,80,Asia/Kuala_Lumpur,medium_airport
MZW,DAAY,Mecheria Airport,Mecheria,DZ,33.535900116,-0.242353007197,3855,Africa/Algiers,medium_airport
NAA,YNBR,Narrabri Airport,Narrabri,AU,-30.3192005157,149.82699585,788,Australia/Sydney,medium_airport
NAG,VANP,Dr. Babasaheb Ambedkar International Airport,Nagpur,IN,21.092199,79.047203,1033,Asia/Kolkata,medium_airport
NAH,WAMH,Naha Airport,"Tabukan Utara, Sangihe Islands",ID,3.68478,125.527162,16,Asia/Makassar,medium_airport
NAJ,UBBN,Nakhchivan Airport,Nakhchivan,AZ,39.18880081176758,45.45840072631836,2863,Asia/Baku,medium_airport
NAK,VTUQ,Nakhon Ratchasima Airport,Chaloem Phra Kiat,TH,14.9495,102.313004,765,Asia/Bangkok,medium_airport
NAL,URMN,Nalchik Airport,Nalchik,RU,43.512901,43.6366,1461,Europe/Moscow,medium_airport
NAM,WAPN,Namniwel Airport,Namniwel,ID,-3.143159,126.976469,7,Asia/Jayapura,medium_airport
NAN,NFFN,Nadi International Airport,Nadi,FJ,-17.755399703979492,177.4429931640625,59,Pacific/Fiji,medium_airport
NAP,LIRN,Naples International Airport,Napoli,IT,40.886002,14.2908,294,Europe/Rome,large_airport
NAS,MYNN,Lynden Pindling International Airport,Nassau,BS,25.039,-77.466202,16,America/Nassau,large_airport
NAT,,São Gonçalo do Amarante - Governador Aluízio Alves International Airport,Natal,BR,-5.769804,-35.366578,272,America/Recife,medium_airport
NAW,VTSC,Narathiwat Airport,,TH,6.5199198722839355,101.74299621582031,16,Asia/Bangkok,medium_airport
NAY,,Beijing Nanjiao Airport,Beijing,CN,39.48595,116.37236,,Asia/Shanghai,medium_airport
NBC,UWKE,Begishevo Airport,Nizhnekamsk,RU,55.564701,52.092499,643,Europe/Moscow,medium_airport
NBE,DTNH,Enfidha - Hammamet International Airport,Enfidha,TN,36.075833,10.438611,21,Africa/Tunis,medium_airport
NBG,KNBG,New Orleans NAS JRB/Alvin Callender Field,New Orleans,US,29.82530022,-90.03500366,2,America/Chicago,medium_airport
NBJ,FNBJ,Dr. Antonio Agostinho Neto International Airport,Luanda (Ícolo e Bengo),AO,-9.050734,13.499078,550,Africa/Luanda,medium_airport
NBO,HKJK,Jomo Kenyatta International Airport,Nairobi,KE,-1.31923997402,36.9277992249,5330,Africa/Nairobi,large_airport
NBS,ZYBS,Changbaishan Airport,Baishan,CN,42.066944,127.602222,2874,Asia/Shanghai,medium_airport
NBW,MUGM,Leeward Point Field,Guantanamo Bay Naval Station,CU,19.9065,-75.2071,56,America/Havana,medium_airport
NBX,WABI,Douw Aturure Airport,Nabire,ID,-3.397973,135.393071,22,Asia/Jayapura,medium_airport
NCA,MBNC,North Caicos Airport,North Caicos,TC,21.916094,-71.942954,10,America/Grand_Turk,medium_airport
NCE,LFMN,Nice-Côte d'Azur Airport,"Nice, Alpes-Maritimes",FR,43.658401,7.21587,12,Europe/Paris,large_airport
NCL,EGNT,Newcastle International Airport,"Newcastle upon Tyne, Tyne and Wear",GB,55.037958,-1.689577,266,Europe/London,medium_airport
NCO,KOQU,Quonset State Airport,North Kingstown,US,41.597099304199,-71.412101745605,18,America/New_York,medium_airport
NCS,FANC,Newcastle Airport,Newcastle,ZA,-27.7705993652,29.976900100699996,4074,Africa/Johannesburg,medium_airport
NCU,UZNN,Nukus Airport,Nukus,UZ,42.4884,59.623299,246,Asia/Samarkand,medium_airport
NCY,LFLP,Annecy Meythet airport,Annecy,FR,45.928947,6.0987,1521,Europe/Paris,medium_airport
NDB,GQPP,Nouadhibou International Airport,Nouadhibou,MR,20.9330997467041,-17.030000686645508,24,Africa/Nouakchott,medium_airport
NDC,,Nanded Airport,Nanded,IN,19.1833,77.316704,1250,Asia/Kolkata,medium_airport
NDD,FNSU,Sumbe Airport,Sumbe,AO,-11.1679,13.8475,36,Africa/Luanda,medium_airport
NDG,ZYQQ,Qiqihar Sanjiazi Airport,Qiqihar,CN,47.239601135253906,123.91799926757812,477,Asia/Shanghai,medium_airport
NDJ,FTTJ,N'Djamena International Airport,N'Djamena,TD,12.1337,15.034,968,Africa/Ndjamena,large_airport
NDR,GMMW,Nador Al Aaroui International Airport,Al Aaroui,MA,34.9888,-3.02821,574,Africa/Casablanca,medium_airport
NDU,FYRU,Rundu Airport,Rundu,NA,-17.956499099731,19.719400405884,3627,Africa/Windhoek,medium_airport
NEC,SAZO,Necochea Airport,Necochea,AR,-38.490746,-58.816337,72,America/Argentina/Buenos_Aires,medium_airport
NEL,KNEL,Lakehurst Maxfield Field Airport,Lakehurst,US,40.03329849,-74.353302,101,America/New_York,medium_airport
NER,UELL,Chulman Airport,Neryungri,RU,56.913898468018,124.91400146484,2812,Asia/Yakutsk,medium_airport
NEU,VLSN,Sam Neua Airport,,LA,20.4184,104.067001,3281,Asia/Vientiane,medium_airport
NEV,TKPN,Vance W. Amory International Airport,Charlestown,KN,17.205699920654297,-62.589900970458984,14,America/St_Kitts,medium_airport
NEW,KNEW,Lakefront Airport,New Orleans,US,30.042400360107,-90.028297424316,8,America/Chicago,medium_airport
NFG,USRN,Nefteyugansk Airport,Nefteyugansk,RU,61.108299,72.650002,115,Asia/Yekaterinburg,medium_airport
NFL,KNFL,Fallon Naval Air Station,Fallon,US,39.41659927,-118.7009964,3934,America/Los_Angeles,medium_airport
NGA,YYNG,Young Airport,,AU,-34.255576,148.247118,1267,Australia/Sydney,medium_airport
NGB,ZSNB,Ningbo Lishe International Airport,Ningbo,CN,29.82670021057129,121.46199798583984,13,Asia/Shanghai,large_airport
NGE,FKKN,N'Gaoundéré Airport,N'Gaoundéré,CM,7.3570098876953125,13.559200286865234,3655,Africa/Douala,medium_airport
NGF,PHNG,Kaneohe Bay MCAS (Marion E. Carl Field) Airport,Kaneohe,US,21.4505,-157.768005,24,Pacific/Honolulu,medium_airport
NGO,RJGG,Chubu Centrair International Airport,Tokoname,JP,34.858398,136.804993,15,Asia/Tokyo,large_airport
NGP,KNGP,Naval Air Station Corpus Christi Truax Field,Corpus Christi,US,27.6926,-97.2911,18,America/Chicago,medium_airport
NGQ,ZUAL,Ngari Gunsa Airport,Shiquanhe,CN,32.09794,80.053971,14022,Asia/Shanghai,medium_airport
NGS,RJFU,Nagasaki Airport,Nagasaki,JP,32.916901,129.914001,15,Asia/Tokyo,medium_airport
NGU,KNGU,Norfolk Naval Station (Chambers Field),Norfolk,US,36.937599,-76.289299,17,America/New_York,medium_airport
NHD,OMDM,Al Minhad Air Base,Dubai,AE,25.0268001556,55.3661994934,165,Asia/Dubai,medium_airport
NHK,KNHK,Patuxent River Naval Air Station (Trapnell Field),Patuxent River,US,38.285999,-76.411797,39,America/New_York,medium_airport
NHT,EGWU,RAF Northolt,London,GB,51.553001,-0.418167,124,Europe/London,medium_airport
NHV,NTMD,Nuku Hiva Airport,Nuku Hiva,PF,-8.7956,-140.229004,220,Pacific/Marquesas,medium_airport
NHZ,KBXM,Brunswick Executive Airport,Brunswick,US,43.89220047,-69.93859863,72,America/New_York,medium_airport
NIM,DRRN,Diori Hamani International Airport,Niamey,NE,13.4815,2.18361,732,Africa/Niamey,large_airport
NIP,KNIP,Jacksonville Naval Air Station (Towers Field),Jacksonville,US,30.2358,-81.680603,21,America/New_York,medium_airport
NIT,LFBN,Niort - Marais Poitevin Airport,Niort/Souché,FR,46.313477,-0.394529,203,Europe/Paris,medium_airport
NJA,RJTA,JMSDF Atsugi Air Base / Naval Air Facility Atsugi,Ayase / Yamato,JP,35.454601,139.449997,205,Asia/Tokyo,medium_airport
NJC,USNN,Nizhnevartovsk Airport,Nizhnevartovsk,RU,60.949299,76.483597,177,Asia/Yekaterinburg,medium_airport
NJF,ORNI,Al Najaf International Airport,Najaf,IQ,31.989853,44.404317,103,Asia/Baghdad,medium_airport
NJK,KNJK,El Centro NAF Airport (Vraciu Field),El Centro,US,32.829201,-115.671996,-42,America/Los_Angeles,medium_airport
NKC,GQNO,Nouakchott–Oumtounsy International Airport,Nouakchott,MR,18.31,-15.969722,9,Africa/Nouakchott,large_airport
NKG,ZSNJ,Nanjing Lukou International Airport,Nanjing,CN,31.735032,118.865949,49,Asia/Shanghai,large_airport
NKM,RJNA,Nagoya Airport / JASDF Komaki Air Base,Nagoya,JP,35.255759,136.924095,52,Asia/Tokyo,medium_airport
NKT,LTCV,Şırnak Şerafettin Elçi Airport,Şırnak,TR,37.3647,42.0582,2038,N/A,medium_airport
NKW,,Diego Garcia Naval Support Facility,Diego Garcia,IO,-7.31327,72.411102,9,N/A,medium_airport
NKX,KNKX,Miramar Marine Corps Air Station - Mitscher Field,San Diego,US,32.86840057,-117.1429977,477,America/Los_Angeles,medium_airport
NLA,FLSK,Simon Mwansa Kapwepwe International Airport,Ndola,ZM,-12.961667,28.516667,4308,Africa/Lusaka,medium_airport
NLC,KNLC,Lemoore Naval Air Station (Reeves Field) Airport,Lemoore,US,36.33300018,-119.9520035,232,America/Los_Angeles,medium_airport
NLD,MMNL,Quetzalcóatl International Airport,Nuevo Laredo,MX,27.443899,-99.570503,484,America/Mexico_City,medium_airport
NLH,ZPNL,Ninglang Luguhu Airport,Ninglang,CN,27.5403,100.7593,10804,N/A,medium_airport
NLI,UHNN,Nikolayevsk-na-Amure Airport,Nikolayevsk-na-Amure Airport,RU,53.154999,140.649994,170,Asia/Vladivostok,medium_airport
NLK,YSNF,Norfolk Island International Airport,Burnt Pine,NF,-29.041887,167.939616,371,Pacific/Norfolk,medium_airport
NLO,FZAB,Ndolo Airport,N'dolo,CD,-4.32666015625,15.327500343323,915,Africa/Kinshasa,medium_airport
NLT,ZWNL,Xinyuan Nalati Airport,Xinyuan,CN,43.4318,83.3786,3050,N/A,medium_airport
NLU,MMSM,General Felipe Ángeles International Airport,Mexico City,MX,19.7357,-99.0257,7369,America/Mexico_City,large_airport
NLV,UKON,Mykolaiv International Airport,Nikolayev,UA,47.057899,31.9198,184,N/A,medium_airport
NMB,VADN,Daman Airport,Daman,IN,20.434401,72.843201,33,Asia/Kolkata,medium_airport
NMC,MYEN,Normans Cay Airport,Normans Cay,BS,24.594299,-76.820198,8,America/Nassau,medium_airport
NMF,,Maafaru International Airport,Noonu Atoll,MV,5.818394,73.469181,6,Indian/Maldives,medium_airport
NMI,VANM,Navi Mumbai International Airport,Navi Mumbai,IN,18.984597,73.065253,184,N/A,large_airport
NMS,VYNS,Namsang Airport,Namsang,MM,20.890499114990234,97.73590087890625,3100,Asia/Yangon,medium_airport
NNA,,Kenitra Air Base,Kenitra,MA,34.298901,-6.59588,16,Africa/Casablanca,medium_airport
NNG,ZGNN,Nanning Wuxu Airport,Nanning (Jiangnan),CN,22.608544,108.175335,421,Asia/Shanghai,large_airport
NNM,ULAM,Naryan Mar Airport,Naryan Mar,RU,67.639999,53.121899,36,Europe/Moscow,medium_airport
NNT,VTCN,Nan Airport,,TH,18.807899475097656,100.78299713134766,685,Asia/Bangkok,medium_airport
NOA,YSNW,Naval Air Station Nowra - HMAS Albatross,Nowra Hill,AU,-34.9466,150.542451,400,Australia/Sydney,medium_airport
NOB,MRNS,Nosara Airport,Nicoya,CR,9.976490020750001,-85.65299987790002,33,America/Costa_Rica,medium_airport
NOC,EIKN,Ireland West Knock Airport,Charlestown,IE,53.910301,-8.81849,665,Europe/Dublin,medium_airport
NOI,,Krymsk Air Base,Krymsk,RU,44.962905,37.999071,66,N/A,medium_airport
NOJ,USRO,Noyabrsk Airport,Noyabrsk,RU,63.18330001831055,75.2699966430664,446,Asia/Yekaterinburg,medium_airport
NOP,LTCM,Sinop Airport,Sinop,TR,42.018313,35.071774,20,Europe/Istanbul,medium_airport
NOS,FMNN,Fascene Airport,Nosy Be,MG,-13.3121,48.3148,36,Indian/Antananarivo,medium_airport
NOU,NWWW,La Tontouta International Airport,Nouméa (La Tontouta),NC,-22.014601,166.212997,52,Pacific/Noumea,medium_airport
NOV,FNHU,Albano Machado Airport,Huambo,AO,-12.8089,15.7605,5587,Africa/Luanda,medium_airport
NOZ,UNWW,Spichenkovo Airport,Novokuznetsk,RU,53.811401,86.877197,1024,Asia/Krasnoyarsk,medium_airport
NPA,KNPA,Naval Air Station Pensacola Forrest Sherman Field,Pensacola,US,30.352699,-87.318604,28,America/Chicago,medium_airport
NPE,NZNR,Hawke's Bay Airport,Napier,NZ,-39.465801,176.869995,6,Pacific/Auckland,medium_airport
NPL,NZNP,New Plymouth Airport,New Plymouth,NZ,-39.00859832763672,174.1790008544922,97,Pacific/Auckland,medium_airport
NPO,WIOG,Nanga Pinoh Airport,Nanga Pinoh-Borneo Island,ID,-0.34864,111.746155,123,Asia/Jakarta,medium_airport
NQA,KNQA,Millington-Memphis Airport,Millington,US,35.356701,-89.8703,320,America/Chicago,medium_airport
NQI,KNQI,Kingsville Naval Air Station,Kingsville,US,27.5072002411,-97.8097000122,50,America/Chicago,medium_airport
NQN,SAZN,Presidente Peron Airport,Neuquen,AR,-38.949001,-68.155701,895,America/Argentina/Salta,medium_airport
NQX,KNQX,Naval Air Station Key West/Boca Chica Field,Key West,US,24.57579994,-81.68890381,6,America/New_York,medium_airport
NQY,EGHQ,Cornwall Airport Newquay,Newquay,GB,50.440601,-4.99541,390,Europe/London,medium_airport
NQZ,UACC,Nursultan Nazarbayev International Airport,Astana,KZ,51.027035,71.467094,1165,Asia/Almaty,large_airport
NRA,YNAR,Narrandera Airport,Narrandera,AU,-34.7022018433,146.511993408,474,Australia/Sydney,medium_airport
NRB,KNRB,Naval Station Mayport / Admiral David L McDonald Field,Jacksonville,US,30.3911,-81.424698,15,America/New_York,medium_airport
NRK,ESSP,Norrköping Airport,Norrköping,SE,58.586299896240234,16.250600814819336,32,Europe/Stockholm,medium_airport
NRN,EDLV,Weeze Airport,Weeze,DE,51.6024017334,6.14216995239,106,Europe/Berlin,medium_airport
NRR,TJRV,José Aponte de la Torre Airport,Ceiba,PR,18.2453,-65.643402,38,America/Puerto_Rico,medium_airport
NRT,RJAA,Narita International Airport,Narita,JP,35.764702,140.386002,141,Asia/Tokyo,large_airport
NSE,KNSE,Whiting Field Naval Air Station - North,Milton,US,30.7241993,-87.02189636,199,America/Chicago,medium_airport
NSH,OINN,Nowshahr Airport,Nowshahr,IR,36.664286,51.46273,-61,Asia/Tehran,medium_airport
NSI,FKYS,Yaoundé Nsimalen International Airport,Yaoundé,CM,3.72256,11.5533,2278,Africa/Douala,medium_airport
NSK,UOOO,Norilsk-Alykel Airport,Norilsk,RU,69.31109619140625,87.33219909667969,574,Asia/Krasnoyarsk,medium_airport
NSN,NZNS,Nelson Airport,Nelson,NZ,-41.298302,173.220993,17,Pacific/Auckland,medium_airport
NST,VTSF,Nakhon Si Thammarat Airport,Nakhon Si Thammarat,TH,8.539620399475098,99.9447021484375,13,Asia/Bangkok,medium_airport
NTB,ENNO,Notodden Airport,Notodden,NO,59.565071,9.213152,63,Europe/Oslo,medium_airport
NTD,KNTD,Point Mugu Naval Air Station (Naval Base Ventura Co),Point Mugu,US,34.120300293,-119.121002197,13,America/Los_Angeles,medium_airport
NTE,LFRS,Nantes Atlantique Airport,Nantes,FR,47.153198,-1.61073,90,Europe/Paris,medium_airport
NTG,ZSNT,Nantong Xingdong International Airport,Nantong (Tongzhou),CN,32.073566,120.980076,16,Asia/Shanghai,medium_airport
NTL,YWLM,Newcastle Airport,Williamtown,AU,-32.79499816894531,151.83399963378906,31,Australia/Sydney,medium_airport
NTN,YNTN,Normanton Airport,Normanton,AU,-17.68409,141.069664,73,Australia/Brisbane,medium_airport
NTQ,RJNW,Noto Satoyama Airport,Wajima,JP,37.293098,136.962006,718,Asia/Tokyo,medium_airport
NTR,MMAN,Del Norte International Airport,Monterrey,MX,25.865601,-100.237,1476,America/Mexico_City,medium_airport
NTU,KNTU,Oceana Naval Air Station,Virginia Beach,US,36.820702,-76.033501,23,America/New_York,medium_airport
NTX,,Ranai Airport,Ranai-Natuna Besar Island,ID,3.90871,108.388,7,Asia/Jakarta,medium_airport
NUE,EDDN,Nuremberg Airport,Nuremberg,DE,49.498699,11.078056,1046,Europe/Berlin,large_airport
NUI,PAQT,Nuiqsut Airport,Nuiqsut,US,70.209999,-151.005998,38,America/Anchorage,medium_airport
NUJ,OIHS,Nojeh Air Base,Amirabad,IR,35.211601,48.6534,5609,Asia/Tehran,medium_airport
NUM,OENN,Neom Bay Airport,Sharma,SA,27.927598,35.28874,29,Asia/Riyadh,medium_airport
NUQ,KNUQ,Moffett Federal Airfield,Mountain View,US,37.4161,-122.049004,32,America/Los_Angeles,medium_airport
NUW,KNUW,Whidbey Island Naval Air Station (Ault Field),Oak Harbor,US,48.351799,-122.655998,47,America/Los_Angeles,medium_airport
NUX,USMU,Novy Urengoy Airport,Novy Urengoy,RU,66.06939697265625,76.52030181884766,210,Asia/Yekaterinburg,medium_airport
NVA,SKNV,Benito Salas Airport,Neiva,CO,2.95015,-75.294,1464,America/Bogota,medium_airport
NVI,UZSA,Navoi Airport,Navoi,UZ,40.117199,65.170799,1140,Asia/Samarkand,medium_airport
NVS,LFQG,Nevers-Fourchambault Airport,"Marzy, Nièvre",FR,47.002913,3.113114,602,Europe/Paris,medium_airport
NVT,SBNF,Ministro Victor Konder International Airport,Navegantes,BR,-26.879431,-48.650979,18,America/Sao_Paulo,medium_airport
NWA,FMCI,Mohéli Bandar Es Eslam Airport,Fomboni,KM,-12.2981,43.766399,46,Indian/Comoro,medium_airport
NWI,EGSH,Norwich Airport,"Norwich, Norfolk",GB,52.6758,1.28278,117,Europe/London,medium_airport
NYA,USHN,Nyagan Airport,Nyagan,RU,62.110001,65.614998,361,Asia/Yekaterinburg,medium_airport
NYG,KNYG,Quantico Marine Corps Airfield / Turner Field,Quantico,US,38.501701,-77.305298,10,America/New_York,medium_airport
NYI,DGSN,Sunyani Airport,Sunyani,GH,7.36183,-2.32876,1014,Africa/Accra,medium_airport
NYK,HKNL,Nanyuki Airport,Nanyuki,KE,-0.062399,37.041008,6250,Africa/Nairobi,medium_airport
NYM,USMM,Nadym Airport,Nadym,RU,65.48090362548828,72.69889831542969,49,Asia/Yekaterinburg,medium_airport
NYO,ESKN,Stockholm Skavsta Airport,Nyköping,SE,58.788601,16.912201,140,Europe/Stockholm,medium_airport
NYT,VYNT,Nay Pyi Taw International Airport,Pyinmana,MM,19.623501,96.200996,302,Asia/Yangon,medium_airport
NZC,SPZA,Maria Reiche Neuman Airport,Nazca,PE,-14.854,-74.961502,1860,America/Lima,medium_airport
NZH,ZBMZ,Manzhouli Xijiao Airport,Manzhouli,CN,49.566667,117.33,2231,Asia/Shanghai,medium_airport
NZL,ZBZL,Zhalantun Genghis Khan Airport,Zhalantun,CN,47.865942,122.768662,928,Asia/Shanghai,medium_airport
NZY,KNZY,North Island Naval Air Station-Halsey Field,San Diego,US,32.69919968,-117.2149963,26,America/Los_Angeles,medium_airport
OAG,YORG,Orange Airport,Orange,AU,-33.382014,149.131262,3115,Australia/Sydney,medium_airport
OAI,OAIX,Bagram Airfield,Bagram,AF,34.946098,69.264999,4895,Asia/Kabul,medium_airport
OAJ,KOAJ,Albert J Ellis Airport,Richlands,US,34.829201,-77.612099,94,America/New_York,medium_airport
OAK,KOAK,San Francisco Bay Oakland International Airport,Oakland,US,37.720085,-122.221184,9,America/Los_Angeles,large_airport
OAM,NZOU,Oamaru Airport,,NZ,-44.970001,171.082001,99,Pacific/Auckland,medium_airport
OAX,MMOX,Xoxocotlán International Airport,Oaxaca,MX,17.000814,-96.72197,4989,America/Mexico_City,medium_airport
OBF,EDMO,Oberpfaffenhofen Airport,Weßling,DE,48.081402,11.2831,1947,Europe/Berlin,medium_airport
OBO,RJCB,Tokachi-Obihiro Airport,Obihiro,JP,42.7332992554,143.216995239,505,Asia/Tokyo,medium_airport
OBS,LFHO,Aubenas-South Ardèche Airport,"Lanas, Ardèche",FR,44.544367,4.372194,923,Europe/Paris,medium_airport
OCC,SECO,Francisco De Orellana Airport,Coca,EC,-0.462886,-76.986801,834,America/Guayaquil,medium_airport
OCJ,MKBS,Ian Fleming International Airport,Boscobel,JM,18.404079,-76.969754,90,America/Jamaica,medium_airport
OCV,SKOC,Aguas Claras Airport,Ocaña,CO,8.31506,-73.3583,3850,America/Bogota,medium_airport
ODB,LEBA,Córdoba Airport,Córdoba,ES,37.841999,-4.84888,297,Europe/Madrid,medium_airport
ODE,EKOD,Odense Hans Christian Andersen Airport,Odense,DK,55.475307,10.327206,56,Europe/Copenhagen,medium_airport
ODH,EGVO,RAF Odiham,"Hook, Hampshire",GB,51.2341,-0.942825,405,Europe/London,medium_airport
ODS,UKOO,Odessa International Airport,Odessa,UA,46.4268,30.6765,172,Europe/Kyiv,medium_airport
OEC,WPOC,Rota Do Sândalo Oecusse Airport,Oecussi-Ambeno,TL,-9.19806,124.343002,,Asia/Dili,medium_airport
OER,ESNO,Örnsköldsvik Airport,Örnsköldsvik,SE,63.40829849243164,18.989999771118164,354,Europe/Stockholm,medium_airport
OFF,KOFF,Offutt Air Force Base,Omaha,US,41.119307,-95.90851,1052,America/Chicago,medium_airport
OFK,KOFK,Karl Stefan Memorial Airport,Norfolk,US,41.985500335693,-97.435096740723,1573,America/Chicago,medium_airport
OGB,KOGB,Orangeburg Municipal Airport,Orangeburg,US,33.456798553467,-80.859497070312,195,America/New_York,medium_airport
OGD,KOGD,Ogden Hinckley Airport,Ogden,US,41.195899963379,-112.0120010376,4473,America/Denver,medium_airport
OGG,PHOG,Kahului International Airport,Kahului,US,20.896263,-156.431837,54,Pacific/Honolulu,large_airport
OGL,,Eugene F. Correia International Airport,Ogle,GY,6.80628,-58.1059,10,America/Guyana,medium_airport
OGN,ROYN,Yonaguni Airport,Yonaguni,JP,24.467298,122.979827,70,Asia/Tokyo,medium_airport
OGS,KOGS,Ogdensburg International Airport,Ogdensburg,US,44.6819,-75.4655,297,America/New_York,medium_airport
OGU,LTCB,Ordu–Giresun Airport,Ordu,TR,40.966872,38.085995,11,Europe/Istanbul,medium_airport
OGX,DAUU,Ain Beida Airport,Ouargla,DZ,31.9172,5.41278,492,Africa/Algiers,medium_airport
OGZ,URMO,Vladikavkaz Beslan International Airport,Beslan,RU,43.205101,44.606602,1673,Europe/Moscow,medium_airport
OHA,NZOH,RNZAF Base Ohakea,,NZ,-40.20600128173828,175.38800048828125,164,Pacific/Auckland,medium_airport
OHD,LWOH,Ohrid St. Paul the Apostle Airport,Ohrid,MK,41.18,20.7423,2313,Europe/Skopje,medium_airport
OHE,ZYMH,Mohe Gulian Airport,Mohe,CN,52.916871,122.422759,1836,Asia/Shanghai,medium_airport
OHO,UHOO,Okhotsk Airport,Okhotsk,RU,59.410065,143.056503,45,Asia/Vladivostok,medium_airport
OIM,RJTO,Oshima Airport,Izu Oshima,JP,34.782001495399996,139.36000061,130,Asia/Tokyo,medium_airport
OIR,RJEO,Okushiri Airport,Okushiri Island,JP,42.0717010498,139.432998657,161,Asia/Tokyo,medium_airport
OIT,RJFO,Oita Airport,Oita,JP,33.479400634799994,131.736999512,19,Asia/Tokyo,medium_airport
OKA,ROAH,Naha Airport / JASDF Naha Air Base,Naha,JP,26.195801,127.646004,12,Asia/Tokyo,large_airport
OKC,KOKC,Will Rogers World Airport,Oklahoma City,US,35.393388,-97.598248,1295,America/Chicago,large_airport
OKD,RJCO,Sapporo Okadama Airport,Sapporo,JP,43.117447,141.38134,25,Asia/Tokyo,medium_airport
OKE,RJKB,Okinoerabu Airport,Wadomari,JP,27.431604,128.705564,101,Asia/Tokyo,medium_airport
OKI,RJNO,Oki Global Geopark Airport,Okinoshima,JP,36.178388,133.323566,311,Asia/Tokyo,medium_airport
OKJ,RJOB,Okayama Momotaro Airport,Okayama,JP,34.756901,133.854996,806,Asia/Tokyo,medium_airport
OKL,WAJO,Oksibil Airport,Oksibil,ID,-4.9071,140.6277,4315,Asia/Jayapura,medium_airport
OKN,FOGQ,Okondja Airport,Okondja,GA,-0.665214,13.6731,1325,Africa/Libreville,medium_airport
OKO,RJTY,Yokota Air Base,Fussa,JP,35.748501,139.348007,463,Asia/Tokyo,large_airport
OKY,YBOK,Oakey Army Aviation Centre,,AU,-27.409262,151.736727,1335,Australia/Brisbane,medium_airport
OLA,ENOL,Ørland Airport,Ørland,NO,63.69889831542969,9.604000091552734,28,Europe/Oslo,medium_airport
OLB,LIEO,Olbia Costa Smeralda Airport,Olbia (SS),IT,40.898701,9.51763,37,Europe/Rome,medium_airport
OLF,KOLF,L M Clayton Airport,Wolf Point,US,48.094501,-105.574997,1986,America/Denver,medium_airport
OLL,FCOD,Oyo Ollombo Airport,Oyo,CG,-1.226666,15.91,1073,N/A,medium_airport
OLM,KOLM,Olympia Regional Airport,Olympia,US,46.969399,-122.903,209,America/Los_Angeles,medium_airport
OLS,KOLS,Nogales International Airport,Nogales,US,31.4177,-110.848,3955,America/Phoenix,medium_airport
OLU,KOLU,Columbus Municipal Airport,Columbus,US,41.448145,-97.340174,1447,America/Chicago,medium_airport
OLZ,UEMO,Olyokminsk Airport,Olyokminsk,RU,60.401833,120.476094,656,Asia/Yakutsk,medium_airport
OMA,KOMA,Eppley Airfield,Omaha,US,41.3032,-95.894096,984,America/Chicago,large_airport
OMB,FOOH,Omboue Hospital Airport,Omboue,GA,-1.57473,9.26269,33,Africa/Libreville,medium_airport
OMC,RPVO,Ormoc Airport,Ormoc City,PH,11.057715,124.565622,83,Asia/Manila,medium_airport
OMD,FYOG,Oranjemund Airport,Oranjemund,NA,-28.5847,16.446699,14,Africa/Windhoek,medium_airport
OME,PAOM,Nome Airport,Nome,US,64.51219940185547,-165.44500732421875,37,America/Anchorage,medium_airport
OMH,OITR,Urmia Airport,Urmia,IR,37.6680984497,45.0686988831,4343,Asia/Tehran,medium_airport
OMN,UTTZ,Zomin Airport,Zaamin,UZ,40.01402,68.41103,1760,Asia/Tashkent,medium_airport
OMO,LQMO,Mostar International Airport,Mostar,BA,43.282901763916016,17.84589958190918,156,Europe/Sarajevo,medium_airport
OMR,LROD,Oradea International Airport,Oradea,RO,47.025299072265625,21.90250015258789,465,Europe/Bucharest,medium_airport
OMS,UNOO,Omsk Central Airport,Omsk,RU,54.96699905395508,73.31050109863281,311,Asia/Omsk,medium_airport
OND,FYOA,Ondangwa Airport,Ondangwa,NA,-17.878201,15.9526,3599,Africa/Windhoek,medium_airport
ONJ,RJSR,Odate Noshiro Airport,Kitaakita,JP,40.191898,140.371002,292,Asia/Tokyo,medium_airport
ONO,KONO,Ontario Municipal Airport,Oregon,US,44.0198,-117.013289,2193,America/Denver,medium_airport
ONP,KONP,Newport Municipal Airport,Newport,US,44.580399,-124.057999,160,America/Los_Angeles,medium_airport
ONQ,LTAS,Zonguldak Çaycuma Airport,Zonguldak,TR,41.506401,32.0886,44,Europe/Istanbul,medium_airport
ONT,KONT,Ontario International Airport,Ontario,US,34.056,-117.600998,944,America/Los_Angeles,large_airport
ONX,MPEJ,Enrique Adolfo Jimenez Airport,Colón,PA,9.35664,-79.867401,25,America/Panama,medium_airport
OOL,YBCG,Gold Coast Airport,Gold Coast,AU,-28.165962,153.506641,21,Australia/Brisbane,medium_airport
OOM,YCOM,Cooma Snowy Mountains Airport,Cooma,AU,-36.300445,148.972408,3088,Australia/Sydney,medium_airport
OPF,KOPF,Miami-Opa Locka Executive Airport,Miami,US,25.907,-80.278397,8,America/New_York,medium_airport
OPO,LPPR,Francisco de Sá Carneiro Airport,Porto,PT,41.2481002808,-8.68138980865,228,Europe/Lisbon,large_airport
OPU,AYBM,Balimo Airport,Balimo,PG,-8.05000019073,142.932998657,51,Pacific/Port_Moresby,medium_airport
ORA,SASO,Orán Airport,Orán,AR,-23.1528,-64.329201,1171,America/Argentina/Salta,medium_airport
ORB,ESOE,Örebro Airport,Örebro,SE,59.22370147705078,15.038000106811523,188,Europe/Stockholm,medium_airport
ORD,KORD,Chicago O'Hare International Airport,Chicago,US,41.9786,-87.9048,680,America/Chicago,large_airport
ORF,KORF,Norfolk International Airport,Norfolk,US,36.895341,-76.201,26,America/New_York,large_airport
ORH,KORH,Worcester Regional Airport,Worcester,US,42.2673,-71.875702,1009,America/New_York,medium_airport
ORK,EICK,Cork Airport,Cork,IE,51.841301,-8.49111,502,Europe/Dublin,medium_airport
ORN,DAOO,Oran Es-Sénia (Ahmed Ben Bella) International Airport,Es-Sénia,DZ,35.623901,-0.621183,295,Africa/Algiers,medium_airport
ORT,PAOR,Northway Airport,Northway,US,62.9613,-141.929001,1715,America/Anchorage,medium_airport
ORU,SLOR,Juan Mendoza Airport,Oruro,BO,-17.962601,-67.076202,12152,America/La_Paz,medium_airport
ORY,LFPO,Paris-Orly Airport,"Paris (Orly, Val-de-Marne)",FR,48.72333,2.37944,291,Europe/Paris,large_airport
OSD,ESNZ,Åre Östersund Airport,Östersund,SE,63.194135,14.500322,1233,Europe/Stockholm,medium_airport
OSF,UUMO,Ostafyevo International Airport,Moscow,RU,55.511667,37.507222,568,Europe/Moscow,medium_airport
OSH,KOSH,Wittman Regional Airport,Oshkosh,US,43.98440170288086,-88.55699920654297,808,America/Chicago,medium_airport
OSI,LDOS,Osijek Airport,Klisa,HR,45.462355,18.811278,290,Europe/Zagreb,medium_airport
OSL,ENGM,"Oslo Airport, Gardermoen",Oslo (Gardermoen),NO,60.193901,11.1004,681,Europe/Oslo,large_airport
OSM,ORBM,Mosul International Airport,Mosul,IQ,36.305801,43.1474,719,N/A,medium_airport
OSN,RKSO,Osan Air Base,Pyeongtaek,KR,37.091457,127.029448,38,Asia/Seoul,medium_airport
OSR,LKMT,Ostrava Leos Janáček Airport,Mošnov,CZ,49.696301,18.111099,844,Europe/Prague,medium_airport
OSS,UCFO,Osh Airport,Osh,KG,40.609001,72.793297,2927,Asia/Bishkek,medium_airport
OST,EBOS,Oostende-Brugge International Airport,Oostende,BE,51.1998,2.874673,13,Europe/Brussels,medium_airport
OSU,KOSU,The Ohio State University Airport - Don Scott Field,Columbus,US,40.0798,-83.072998,905,America/New_York,medium_airport
OSW,UWOR,Orsk Airport,Orsk,RU,51.072498,58.5956,909,Asia/Yekaterinburg,medium_airport
OTH,KOTH,Southwest Oregon Regional Airport,North Bend,US,43.41709899902344,-124.24600219726562,17,America/Los_Angeles,medium_airport
OTI,,Pitu Airport,Gotalalamo-Morotai Island,ID,2.04599,128.324997,49,Asia/Jayapura,medium_airport
OTM,KOTM,Ottumwa Regional Airport,Ottumwa,US,41.106368,-92.449837,845,America/Chicago,medium_airport
OTP,LROP,Bucharest Henri Coandă International Airport,Otopeni,RO,44.572127,26.103396,314,Europe/Bucharest,large_airport
OTR,MRCC,Coto 47 Airport,Corredores,CR,8.60156,-82.968754,26,America/Costa_Rica,medium_airport
OTZ,PAOT,Ralph Wien Memorial Airport,Kotzebue,US,66.88469696,-162.598999,14,America/Anchorage,medium_airport
OUA,DFFD,Ouagadougou Airport,Ouagadougou,BF,12.3532,-1.51242,1037,Africa/Ouagadougou,medium_airport
OUD,GMFO,Oujda Angads Airport,Ahl Angad,MA,34.789558,-1.926041,1535,Africa/Casablanca,medium_airport
OUE,FCOU,Ouesso Airport,,CG,1.61599,16.037901,1158,Africa/Brazzaville,medium_airport
OUH,FAOH,Oudtshoorn Airport,Oudtshoorn,ZA,-33.6069984436,22.188999176,1063,Africa/Johannesburg,medium_airport
OUL,EFOU,Oulu Airport,Oulu / Oulunsalo,FI,64.930099,25.354601,47,Europe/Helsinki,medium_airport
OVB,UNNT,Novosibirsk Tolmachevo Airport,Novosibirsk,RU,55.019756,82.618675,365,Asia/Krasnoyarsk,large_airport
OVD,LEAS,Asturias Airport,Ranón,ES,43.563599,-6.03462,416,Europe/Madrid,medium_airport
OVS,USHS,Sovetskiy Airport,Sovetskiy,RU,61.326622009277344,63.60191345214844,351,Asia/Yekaterinburg,medium_airport
OWB,KOWB,Owensboro Daviess County Airport,Owensboro,US,37.74010086,-87.16680145,407,America/Chicago,medium_airport
OWD,KOWD,Norwood Memorial Airport,Norwood,US,42.1904983521,-71.1728973389,49,America/New_York,medium_airport
OXB,GGOV,Osvaldo Vieira International Airport,Bissau,GW,11.894800186157227,-15.65369987487793,129,Africa/Bissau,medium_airport
OXF,EGTK,London Oxford Airport,"Kidlington, Oxfordshire",GB,51.836899,-1.32,270,Europe/London,medium_airport
OXR,KOXR,Oxnard Airport,Oxnard,US,34.200801849365,-119.20700073242,45,America/Los_Angeles,medium_airport
OYA,SATG,Goya Airport,Goya,AR,-29.1058,-59.2189,128,America/Argentina/Cordoba,medium_airport
OYE,FOGO,Oyem Airport,Oyem,GA,1.5431100130081177,11.581399917602539,2158,Africa/Libreville,medium_airport
OYK,SBOI,Oiapoque Airport,Oiapoque,BR,3.85412,-51.797056,53,America/Cayenne,medium_airport
OYO,SAZH,Tres Arroyos Airport,Tres Arroyos,AR,-38.3869,-60.3297,400,America/Argentina/Buenos_Aires,medium_airport
OYP,SOOG,Saint-Georges-de-l'Oyapock Airport,Saint-Georges-de-l'Oyapock,GF,3.8976,-51.8041,46,N/A,medium_airport
OZC,RPMO,Labo Airport,Ozamiz,PH,8.17851,123.842003,75,Asia/Manila,medium_airport
OZG,GMAZ,Zagora Airport,Zagora,MA,30.263858,-5.853341,2414,Africa/Casablanca,medium_airport
OZH,UKDE,Zaporizhzhia International Airport,Zaporizhia,UA,47.867000579833984,35.31570053100586,373,Europe/Zaporozhye,medium_airport
OZP,LEMO,Moron Air Base,Morón,ES,37.17490005493164,-5.615940093994141,285,Europe/Madrid,medium_airport
OZR,KOZR,Cairns AAF (Fort Rucker) Air Field,Fort Rucker/Ozark,US,31.27569962,-85.71340179,301,America/Chicago,medium_airport
OZZ,GMMZ,Ouarzazate Airport,Ouarzazate,MA,30.9391002655,-6.909430027010001,3782,Africa/Casablanca,medium_airport
PAB,VEBU,Bilaspur Airport,Bilaspur,IN,21.9884,82.111,899,Asia/Kolkata,medium_airport
PAC,MPMG,Marcos A. Gelabert International Airport,Albrook,PA,8.97334,-79.555603,31,America/Panama,medium_airport
PAD,EDLP,Paderborn Lippstadt Airport,Büren,DE,51.614101,8.61632,699,Europe/Berlin,medium_airport
PAE,KPAE,Seattle Paine Field International Airport,Everett,US,47.9063,-122.281998,606,America/Los_Angeles,medium_airport
PAG,RPMP,Pagadian Airport,Pagadian,PH,7.825632,123.459635,5,Asia/Manila,medium_airport
PAH,KPAH,Barkley Regional Airport,Paducah,US,37.06079864501953,-88.7738037109375,410,America/Chicago,medium_airport
PAL,SKPQ,German Olano Air Base,La Dorada,CO,5.48361,-74.6574,566,N/A,medium_airport
PAM,KPAM,Tyndall Air Force Base,Panama City,US,30.069599,-85.575401,17,America/New_York,medium_airport
PAN,VTSK,Pattani Airport,,TH,6.78546,101.153999,8,Asia/Bangkok,medium_airport
PAO,KPAO,Palo Alto Airport,Palo Alto,US,37.461102,-122.114998,4,America/Los_Angeles,medium_airport
PAP,MTPP,Toussaint Louverture International Airport,Port-au-Prince,HT,18.580023,-72.292596,122,America/Port-au-Prince,large_airport
PAQ,PAAQ,"Warren ""Bud"" Woods Palmer Municipal Airport",Palmer,US,61.594898,-149.08901,242,America/Anchorage,medium_airport
PAT,VEPT,Jay Prakash Narayan Airport,Patna,IN,25.591299,85.087997,170,Asia/Kolkata,medium_airport
PAV,SBUF,Paulo Afonso Airport,Paulo Afonso,BR,-9.40088,-38.250599,883,America/Maceio,medium_airport
PAX,MTPX,Port-de-Paix Airport,Port-de-Paix,HT,19.934045,-72.84801,9,N/A,medium_airport
PAZ,MMPA,El Tajín National Airport,Poza Rica,MX,20.6026992798,-97.46080017090001,497,America/Mexico_City,medium_airport
PBC,MMPB,Hermanos Serdán International Airport,Puebla,MX,19.158465,-98.371582,7361,America/Mexico_City,medium_airport
PBD,VAPR,Porbandar Airport,Porbandar,IN,21.649524,69.656405,23,Asia/Kolkata,medium_airport
PBF,KPBF,"Pine Bluff Regional Airport, Grider Field",Pine Bluff,US,34.174121,-91.935643,206,America/Chicago,medium_airport
PBG,KPBG,Plattsburgh International Airport,Plattsburgh,US,44.650901794433594,-73.46810150146484,234,America/New_York,medium_airport
PBH,VQPR,Paro International Airport,Paro,BT,27.4032,89.424599,7364,Asia/Thimphu,medium_airport
PBI,KPBI,Palm Beach International Airport,West Palm Beach,US,26.683201,-80.095596,19,America/New_York,large_airport
PBL,SVPC,General Bartolome Salom International Airport,Puerto Cabello,VE,10.4805,-68.072998,32,America/Caracas,medium_airport
PBM,SMJP,Johan Adolf Pengel International Airport,Zandery,SR,5.45283,-55.187801,59,America/Paramaribo,large_airport
PBN,FNPA,Porto Amboim Airport,Port Amboim,AO,-10.722,13.7655,16,Africa/Luanda,medium_airport
PBO,YPBO,Paraburdoo Airport,Paraburdoo,AU,-23.1711006165,117.745002747,1406,Australia/Perth,medium_airport
PBR,MGPB,Puerto Barrios Airport,Puerto Barrios,GT,15.7309,-88.583801,33,America/Guatemala,medium_airport
PBU,VYPT,Putao Airport,Putao,MM,27.32990074157715,97.42630004882812,1500,Asia/Yangon,medium_airport
PBZ,FAPG,Plettenberg Bay Airport,Plettenberg Bay,ZA,-34.08816,23.328723,465,N/A,medium_airport
PCF,FAPS,Potchefstroom Airport,Potchefstroom,ZA,-26.670999527,27.0818996429,4520,Africa/Johannesburg,medium_airport
PCL,SPCL,Cap FAP David Abenzur Rengifo International Airport,Pucallpa,PE,-8.37794017791748,-74.57430267333984,513,America/Lima,medium_airport
PCP,FPPR,Principe Airport,São Tomé & Príncipe,ST,1.66294,7.41174,591,Africa/Sao_Tome,medium_airport
PCR,SKPC,German Olano Airport,Puerto Carreño,CO,6.18472,-67.4932,177,America/Bogota,medium_airport
PDA,SKPD,Obando Cesar Gaviria Trujillo Airport,Puerto Inírida,CO,3.85353,-67.9062,460,America/Bogota,medium_airport
PDG,WIEE,Minangkabau International Airport,Padang (Katapiang),ID,-0.786917,100.280998,18,Asia/Jakarta,medium_airport
PDK,KPDK,DeKalb Peachtree Airport,Atlanta,US,33.87633,-84.30213,1003,America/New_York,medium_airport
PDL,LPPD,João Paulo II Airport,Ponta Delgada,PT,37.7411994934,-25.6979007721,259,Atlantic/Azores,large_airport
PDO,WIPQ,Pendopo Airport,Talang Gudang-Sumatra Island,ID,-3.2860701084136963,103.87999725341797,184,Asia/Jakarta,medium_airport
PDP,SULS,Capitan Corbeta CA Curbelo International Airport,Punta del Este,UY,-34.855099,-55.094299,95,America/Montevideo,medium_airport
PDS,MMPG,Piedras Negras International Airport,Piedras Negras,MX,28.627873,-100.53524,901,America/Mexico_City,medium_airport
PDT,KPDT,Eastern Oregon Regional Airport at Pendleton,Pendleton,US,45.695099,-118.841003,1497,America/Los_Angeles,medium_airport
PDU,SUPU,Tydeo Larre Borges Airport,Paysandú,UY,-32.3633,-58.061901,138,America/Montevideo,medium_airport
PDV,LBPD,Plovdiv International Airport,Plovdiv,BG,42.067799,24.8508,597,Europe/Sofia,medium_airport
PDX,KPDX,Portland International Airport,Portland,US,45.588699,-122.598,31,America/Los_Angeles,large_airport
PED,LKPD,Pardubice Airport,Pardubice,CZ,50.01340103149414,15.73859977722168,741,Europe/Prague,medium_airport
PEE,USPP,Perm International Airport,Perm,RU,57.914501,56.021198,404,Asia/Yekaterinburg,medium_airport
PEG,LIRZ,Perugia San Francesco d'Assisi – Umbria International Airport,Perugia (PG),IT,43.095901,12.5132,697,Europe/Rome,medium_airport
PEH,SAZP,Comodoro Pedro Zanni Airport,Pehuajó,AR,-35.8446,-61.8576,278,America/Argentina/Buenos_Aires,medium_airport
PEI,SKPE,Matecaña International Airport,Pereira,CO,4.81267,-75.7395,4416,America/Bogota,medium_airport
PEK,ZBAA,Beijing Capital International Airport,Beijing,CN,40.080101013183594,116.58499908447266,116,Asia/Shanghai,large_airport
PEM,SPTU,Padre Aldamiz International Airport,Puerto Maldonado,PE,-12.6135997772,-69.2285995483,659,America/Lima,medium_airport
PEN,WMKP,Penang International Airport,Penang,MY,5.297140121459961,100.2770004272461,11,Asia/Kuala_Lumpur,medium_airport
PER,YPPH,Perth International Airport,Perth,AU,-31.94029998779297,115.96700286865234,67,Australia/Perth,large_airport
PES,ULPB,Petrozavodsk Airport,Petrozavodsk,RU,61.88520050048828,34.154701232910156,151,Europe/Moscow,medium_airport
PET,SBPK,João Simões Lopes Neto International Airport,Pelotas,BR,-31.717253,-52.327952,59,America/Sao_Paulo,medium_airport
PEV,LHPP,Pécs-Pogány Airport,Pécs,HU,45.988891,18.242044,651,Europe/Budapest,medium_airport
PEW,OPPS,Peshawar International Airport,Peshawar,PK,33.993900299072266,71.51460266113281,1158,Asia/Karachi,medium_airport
PEX,UUYP,Pechora Airport,Pechora,RU,65.121101,57.130798,98,Europe/Moscow,medium_airport
PEZ,UWPP,Penza Airport,Penza,RU,53.110599517822266,45.02109909057617,614,Europe/Moscow,medium_airport
PFB,SBPF,Lauro Kurtz Airport,Passo Fundo,BR,-28.243976,-52.32777,2380,America/Sao_Paulo,medium_airport
PFO,LCPH,Paphos International Airport,Paphos,CY,34.717999,32.485699,41,Asia/Nicosia,medium_airport
PGA,KPGA,Page Municipal Airport,Page,US,36.924234,-111.447716,4316,America/Phoenix,medium_airport
PGD,KPGD,Punta Gorda Airport,Punta Gorda,US,26.9202,-81.990501,26,America/New_York,medium_airport
PGF,LFMP,Perpignan-Rivesaltes (Llabanère) Airport,Perpignan/Rivesaltes,FR,42.740398,2.87067,144,Europe/Paris,medium_airport
PGH,VIPT,Pantnagar Airport,Pantnagar,IN,29.0334,79.473701,769,Asia/Kolkata,medium_airport
PGK,WIKK,Depati Amir Airport,Pangkal Pinang,ID,-2.1622,106.139,109,Asia/Jakarta,medium_airport
PGU,OIBP,Persian Gulf International Airport,Khiyaroo,IR,27.379601,52.737701,27,N/A,medium_airport
PGV,KPGV,Pitt-Greenville Airport,Greenville,US,35.635535,-77.384262,26,America/New_York,medium_airport
PGX,LFBX,Périgueux-Bassillac Airport,Périgueux/Bassillac,FR,45.198101,0.815556,328,Europe/Paris,medium_airport
PGZ,SBPG,Ponta Grossa Airport - Comandante Antonio Amilton Beraldo,Ponta Grossa,BR,-25.184476,-50.143822,2588,America/Sao_Paulo,medium_airport
PHB,SBPB,Parnaíba - Prefeito Doutor João Silva Filho International Airport,Parnaíba,BR,-2.89375,-41.731998,23,America/Fortaleza,medium_airport
PHC,DNPO,Port Harcourt International Airport,Port Harcourt,NG,5.0154900550842285,6.94959020614624,87,Africa/Lagos,medium_airport
PHE,YPPD,Port Hedland International Airport,Port Hedland,AU,-20.3777999878,118.625999451,33,Australia/Perth,medium_airport
PHF,KPHF,Newport News Williamsburg International Airport,Newport News,US,37.131901,-76.492996,42,America/New_York,medium_airport
PHH,,Pokhara International Airport,Pokhara,NP,28.1838,84.0147,2595,Asia/Ho_Chi_Minh,medium_airport
PHL,KPHL,Philadelphia International Airport,Philadelphia,US,39.871899,-75.241096,36,America/New_York,large_airport
PHS,VTPP,Phitsanulok Airport,Phitsanulok,TH,16.7829,100.278999,154,Asia/Bangkok,medium_airport
PHW,FAPH,Hendrik Van Eck Airport,Phalaborwa,ZA,-23.937200546299998,31.1553993225,1432,Africa/Johannesburg,medium_airport
PHX,KPHX,Phoenix Sky Harbor International Airport,Phoenix,US,33.435302,-112.005905,1135,America/Phoenix,large_airport
PHY,VTPB,Phetchabun Airport,,TH,16.6760005951,101.194999695,450,Asia/Bangkok,medium_airport
PIA,KPIA,General Wayne A. Downing Peoria International Airport,Peoria,US,40.6642,-89.693298,660,America/Chicago,medium_airport
PIB,KPIB,Hattiesburg Laurel Regional Airport,Moselle,US,31.4671,-89.337097,298,America/Chicago,medium_airport
PIE,KPIE,St. Petersburg Clearwater International Airport,Pinellas Park,US,27.9102,-82.687401,11,America/New_York,medium_airport
PIF,,Pingtung Air Force Base North,Pingtung,TW,22.700199,120.482002,97,Asia/Taipei,medium_airport
PIH,KPIH,Pocatello Regional Airport,Pocatello,US,42.9098014831543,-112.59600067138672,4452,America/Denver,medium_airport
PIK,EGPK,Glasgow Prestwick Airport,"Prestwick, South Ayrshire",GB,55.502003,-4.587019,65,Europe/London,medium_airport
PIL,SGPI,Aeródromo Don Carlos Miguel Gimenez,Pilar,PY,-26.881981,-58.319067,249,America/Asuncion,medium_airport
PIO,SPSO,Captain Renán Elías Olivera International Airport,Pisco,PE,-13.7449,-76.220299,39,America/Lima,medium_airport
PIR,KPIR,Pierre Regional Airport,Pierre,US,44.38270187,-100.2860031,1744,America/Chicago,medium_airport
PIS,LFBI,Poitiers-Biard Airport,Poitiers/Biard,FR,46.5877,0.306666,423,Europe/Paris,medium_airport
PIT,KPIT,Pittsburgh International Airport,Pittsburgh,US,40.491501,-80.232903,1203,America/New_York,large_airport
PIU,SPUR,Capitán FAP Guillermo Concha Iberico International Airport,Piura,PE,-5.20574998856,-80.61640167239999,120,America/Lima,medium_airport
PIW,CZMN,Pikwitonei Airport,Pikwitonei,CA,55.58890151977539,-97.16419982910156,630,America/Winnipeg,medium_airport
PIX,LPPI,Pico Airport,Pico Island,PT,38.554298,-28.441299,109,Atlantic/Azores,medium_airport
PIZ,PPIZ,Point Lay LRRS Airport,Point Lay,US,69.732903,-163.005005,22,America/Anchorage,medium_airport
PJC,SGPJ,Aeropuerto Nacional Dr. Augusto Roberto Fuster,Pedro Juan Caballero,PY,-22.641427,-55.829993,1873,America/Asuncion,medium_airport
PJG,OPPG,Panjgur Airport,Panjgur,PK,26.9545,64.1325,3289,Asia/Karachi,medium_airport
PJM,MRPJ,Puerto Jimenez Airport,Puerto Jimenez,CR,8.533329963684082,-83.30000305175781,7,America/Costa_Rica,medium_airport
PKB,KPKB,Mid Ohio Valley Regional Airport,Parkersburg (Williamstown),US,39.3451,-81.439201,858,America/New_York,medium_airport
PKC,UHPP,Yelizovo Airport,Petropavlovsk-Kamchatsky,RU,53.168716,158.451068,131,Asia/Anadyr,medium_airport
PKE,YPKS,Parkes Airport,Parkes,AU,-33.131401062,148.238998413,1069,Australia/Sydney,medium_airport
PKR,VNPK,Pokhara Airport,Pokhara,NP,28.200621,83.981203,2712,Asia/Kathmandu,medium_airport
PKT,,Port Keats Airport,Wadeye,AU,-14.249701,129.529538,91,Australia/Darwin,medium_airport
PKU,WIBB,Sultan Syarif Kasim II International Airport / Roesmin Nurjadin AFB,Pekanbaru,ID,0.458647,101.444321,102,Asia/Jakarta,medium_airport
PKV,ULOO,Pskov Airport,Pskov,RU,57.78390121459961,28.395599365234375,154,Europe/Moscow,medium_airport
PKW,FBSP,Selebi Phikwe Airport,Selebi Phikwe,BW,-22.0583,27.8288,2925,Africa/Gaborone,medium_airport
PKX,ZBAD,Beijing Daxing International Airport,Beijing,CN,39.509945,116.41092,98,Asia/Shanghai,large_airport
PKY,WAGG,Tjilik Riwut Airport,Palangkaraya,ID,-2.227146,113.943388,82,Asia/Jakarta,medium_airport
PKZ,VLPS,Pakse International Airport,Pakse,LA,15.132100105285645,105.78099822998047,351,Asia/Vientiane,medium_airport
PLJ,MZPL,Placencia Airport,Placencia,BZ,16.536957,-88.361511,3,N/A,medium_airport
PLL,SBMN,Ponta Pelada Airport / Manaus Air Base,Manaus,BR,-3.14604,-59.986301,267,America/Manaus,medium_airport
PLM,WIPP,Sultan Mahmud Badaruddin II Airport,Palembang,ID,-2.897653,104.698147,49,Asia/Jakarta,medium_airport
PLN,KPLN,Pellston Regional Airport of Emmet County Airport,Pellston,US,45.57089996,-84.79669952,721,America/Detroit,medium_airport
PLO,YPLC,Port Lincoln Airport,Port Lincoln,AU,-34.6053009033,135.880004883,36,Australia/Adelaide,medium_airport
PLQ,EYPA,Palanga International Airport,Palanga,LT,55.973201751708984,21.093900680541992,33,Europe/Vilnius,medium_airport
PLS,MBPV,Providenciales International Airport,Providenciales,TC,21.773697,-72.268321,15,America/Grand_Turk,large_airport
PLU,SBBH,Pampulha - Carlos Drummond de Andrade Airport,Belo Horizonte,BR,-19.85074,-43.950316,2589,America/Sao_Paulo,medium_airport
PLW,WAFF,Mutiara - SIS Al-Jufrie Airport,Palu,ID,-0.916462,119.908647,284,Asia/Makassar,medium_airport
PLX,UASS,Semey Airport,Semey,KZ,50.351295,80.234398,761,Asia/Almaty,medium_airport
PLZ,FAPE,Chief Dawid Stuurman International Airport,Gqeberha (Port Elizabeth),ZA,-33.984901,25.6173,226,Africa/Johannesburg,medium_airport
PMA,HTPE,Pemba Airport,Chake Chake,TZ,-5.25726,39.811401,80,Africa/Dar_es_Salaam,medium_airport
PMC,SCTE,El Tepual Airport,Puerto Montt,CL,-41.438899993896484,-73.09400177001953,294,America/Santiago,medium_airport
PMD,KPMD,Palmdale Regional Airport / USAF Plant 42 Airport,Palmdale,US,34.629398,-118.084999,2543,America/Los_Angeles,medium_airport
PMF,LIMP,Parma Airport,Parma (PR),IT,44.826351,10.29705,161,Europe/Rome,medium_airport
PMG,SBPP,Ponta Porã Airport,Ponta Porã,BR,-22.549601,-55.702599,2156,America/Campo_Grande,medium_airport
PMI,LEPA,Palma de Mallorca Airport,Palma de Mallorca,ES,39.551701,2.73881,27,Europe/Madrid,large_airport
PMO,LICJ,Falcone–Borsellino Airport,Palermo,IT,38.175999,13.091,65,Europe/Rome,large_airport
PMQ,SAWP,Perito Moreno Jalil Hamer Airport,Perito Moreno,AR,-46.537899,-70.978699,1410,America/Argentina/Rio_Gallegos,medium_airport
PMR,NZPM,Palmerston North Airport,Palmerston North,NZ,-40.320599,175.617004,151,Pacific/Auckland,medium_airport
PMS,OSPR,Palmyra Airport,Tadmur,SY,34.5574,38.316898,1322,Asia/Damascus,medium_airport
PMV,SVMG,Del Caribe Santiago Mariño International Airport,Isla Margarita,VE,10.912603378295898,-63.96659851074219,74,America/Caracas,medium_airport
PMW,SBPJ,Brigadeiro Lysias Rodrigues Airport,Palmas,BR,-10.2915,-48.356998,774,America/Araguaina,medium_airport
PMY,SAVY,El Tehuelche Airport,Puerto Madryn,AR,-42.7592,-65.1027,427,America/Argentina/Catamarca,medium_airport
PMZ,MRPM,Palmar Sur Airport,Palmar Sur,CR,8.95103,-83.468597,49,America/Costa_Rica,medium_airport
PNA,LEPP,Pamplona Airport,Pamplona,ES,42.77,-1.64633,1504,Europe/Madrid,medium_airport
PNB,,Porto Nacional Airport,Porto Nacional,BR,-10.719402,-48.3997,870,America/Fortaleza,medium_airport
PNC,KPNC,Ponca City Regional Airport,Ponca City,US,36.73199844,-97.09980011,1008,America/Chicago,medium_airport
PND,,Punta Gorda Airport,Punta Gorda,BZ,16.1024,-88.808296,7,N/A,medium_airport
PNE,KPNE,Northeast Philadelphia Airport,Philadelphia,US,40.082406,-75.010614,120,America/New_York,medium_airport
PNH,VDPP,Phnom Penh International Airport,Phnom Penh (Pou Senchey),KH,11.5466,104.844002,40,Asia/Phnom_Penh,large_airport
PNI,PTPN,Pohnpei International Airport,Pohnpei Island,FM,6.985099792480469,158.20899963378906,10,Pacific/Pohnpei,medium_airport
PNK,WIOO,Supadio Airport,Pontianak,ID,-0.150711,109.403999,10,Asia/Pontianak,medium_airport
PNL,LICG,Pantelleria Airport,Pantelleria (TP),IT,36.816502,11.9689,628,Europe/Rome,medium_airport
PNP,AYGR,Girua Airport,Popondetta,PG,-8.80453968048,148.309005737,311,Pacific/Port_Moresby,medium_airport
PNQ,VAPO,Pune Airport / Lohagaon Air Force Station,Pune,IN,18.5821,73.919701,1942,Asia/Kolkata,medium_airport
PNR,FCPP,Antonio Agostinho-Neto International Airport,Pointe Noire,CG,-4.81603,11.8866,55,Africa/Brazzaville,medium_airport
PNS,KPNS,Pensacola International Airport,Pensacola,US,30.4734,-87.1866,121,America/Chicago,medium_airport
PNT,SCNT,Lieutenant Julio Gallardo Airport,Puerto Natales,CL,-51.67067,-72.529078,217,America/Santiago,medium_airport
PNV,EYPP,Panevėžys Air Base,Panevėžys,LT,55.729400634765625,24.460800170898438,197,N/A,medium_airport
PNX,KGYI,North Texas Regional Airport Perrin Field,Denison,US,33.7141,-96.673698,749,America/Chicago,medium_airport
PNY,VOPC,Pondicherry Airport,Puducherry (Pondicherry),IN,11.968,79.812,134,Asia/Kolkata,medium_airport
PNZ,SBPL,Senador Nilo Coelho Airport,Petrolina,BR,-9.362422,-40.569098,1263,America/Bahia,medium_airport
POA,SBPA,Salgado Filho International Airport,Porto Alegre,BR,-29.994712,-51.166592,11,America/Sao_Paulo,medium_airport
POB,KPOB,Pope Field,Fort Bragg,US,35.170898,-79.014503,217,America/New_York,medium_airport
POE,KPOE,Polk Army Air Field,Fort Polk,US,31.0447998,-93.1917038,330,America/Chicago,medium_airport
POG,FOOG,Port Gentil Airport,Port Gentil,GA,-0.7117390036582947,8.754380226135254,13,Africa/Libreville,medium_airport
POI,SLPO,Capitan Nicolas Rojas Airport,Potosí,BO,-19.543331,-65.723734,12922,America/La_Paz,medium_airport
POL,FQPB,Pemba Airport,Pemba,MZ,-12.993302,40.524867,331,Africa/Maputo,medium_airport
POM,AYPY,Port Moresby Jacksons International Airport,Port Moresby,PG,-9.443380355834961,147.22000122070312,146,Pacific/Port_Moresby,large_airport
POO,SBPC,Poços de Caldas - Embaixador Walther Moreira Salles Airport,Poços De Caldas,BR,-21.842529,-46.569768,4138,America/Sao_Paulo,medium_airport
POP,MDPP,Gregorio Luperon International Airport,Puerto Plata,DO,19.7579,-70.57,15,America/Santo_Domingo,medium_airport
POR,EFPO,Pori Airport,Pori,FI,61.4617,21.799999,44,Europe/Helsinki,medium_airport
POS,TTPP,Piarco International Airport,Port of Spain,TT,10.5954,-61.3372,58,America/Port_of_Spain,medium_airport
POT,MKKJ,Ken Jones Airport,Ken Jones,JM,18.1987991333,-76.53450012210001,20,America/Jamaica,medium_airport
POU,KPOU,Dutchess County Airport,Poughkeepsie,US,41.6265983581543,-73.88420104980469,165,America/New_York,medium_airport
POW,LJPZ,Portorož Airport,Sečovlje,SI,45.47201,13.615951,7,Europe/Ljubljana,medium_airport
POX,LFPT,Pontoise-Cormeilles Aerodrome,"Cormeilles-en-Vexin, Val-d'Oise",FR,49.096064,2.035543,325,Europe/Paris,medium_airport
POZ,EPPO,Poznań-Ławica Airport,Poznań,PL,52.421598,16.823359,308,Europe/Warsaw,medium_airport
PPB,SBDN,Presidente Prudente Airport,Presidente Prudente,BR,-22.1751,-51.424599,1477,America/Sao_Paulo,medium_airport
PPG,NSTU,Pago Pago International Airport,Pago Pago,AS,-14.331,-170.710007,32,Pacific/Pago_Pago,medium_airport
PPI,YPIR,Port Pirie Airport,,AU,-33.238899,137.994995,40,Australia/Adelaide,medium_airport
PPK,UACP,Petropavl Airport,Petropavl,KZ,54.774702,69.183273,453,Asia/Qyzylorda,medium_airport
PPN,SKPP,Guillermo León Valencia Airport,Popayán,CO,2.4544,-76.6093,5687,America/Bogota,medium_airport
PPP,YBPN,Proserpine Whitsunday Coast Airport,Proserpine,AU,-20.494416,148.553583,82,Australia/Brisbane,medium_airport
PPQ,NZPP,Paraparaumu Airport,,NZ,-40.904701232910156,174.98899841308594,22,Pacific/Auckland,medium_airport
PPS,RPVP,Puerto Princesa International Airport / PAF Antonio Bautista Air Base,Puerto Princesa,PH,9.74212,118.759003,71,Asia/Manila,medium_airport
PPT,NTAA,Faa'a International Airport,Papeete,PF,-17.553699,-149.606995,5,Pacific/Tahiti,large_airport
PQC,VVPQ,Phu Quoc International Airport,Phu Quoc Island,VN,10.1698,103.9931,37,Asia/Ho_Chi_Minh,medium_airport
PQI,KPQI,Presque Isle International Airport,Presque Isle,US,46.688999,-68.0448,534,America/New_York,medium_airport
PQQ,YPMQ,Port Macquarie Airport,Port Macquarie,AU,-31.4358005524,152.863006592,12,Australia/Sydney,medium_airport
PRA,SAAP,General Urquiza Airport,Parana,AR,-31.7948,-60.4804,242,America/Argentina/Cordoba,medium_airport
PRB,KPRB,Paso Robles Municipal Airport,Paso Robles,US,35.67290115,-120.6269989,840,America/Los_Angeles,medium_airport
PRC,KPRC,Prescott International Airport - Ernest A. Love Field,Prescott,US,34.654499,-112.419998,5045,America/Phoenix,medium_airport
PRG,LKPR,Václav Havel Airport Prague,Prague,CZ,50.100874,14.259911,1247,Europe/Prague,large_airport
PRH,VTCP,Phrae Airport,,TH,18.1322,100.165001,538,Asia/Bangkok,medium_airport
PRI,FSPP,Praslin Island Airport,Praslin Island,SC,-4.319256,55.691561,10,Indian/Mahe,medium_airport
PRM,LPPM,Portimão Airport,Portimão,PT,37.1493,-8.58396,5,Europe/Lisbon,medium_airport
PRN,BKPR,Priština Adem Jashari International Airport,Prishtina,XK,42.5728,21.035801,1789,Europe/Belgrade,medium_airport
PRV,LKPO,Přerov Air Base,Přerov,CZ,49.4258,17.404699,676,Europe/Prague,medium_airport
PRX,KPRX,Cox Field,Paris,US,33.636600494385,-95.450798034668,547,America/Chicago,medium_airport
PRY,FAWB,Wonderboom Airport,Pretoria,ZA,-25.6539,28.224199,4095,Africa/Johannesburg,medium_airport
PSA,LIRP,Pisa International Airport,Pisa (PI),IT,43.683899,10.3927,6,Europe/Rome,large_airport
PSC,KPSC,Tri Cities Airport,Pasco,US,46.264702,-119.119003,410,America/Los_Angeles,medium_airport
PSD,HEPS,Port Said International Airport,Port Said,EG,31.279285,32.240582,10,Africa/Cairo,medium_airport
PSE,TJPS,Mercedita Airport,Ponce,PR,18.00830078125,-66.56300354003906,29,America/Puerto_Rico,medium_airport
PSG,PAPG,Petersburg James A Johnson Airport,Petersburg,US,56.80170059,-132.9450073,111,America/Juneau,medium_airport
PSI,OPPI,Pasni Airport,Pasni,PK,25.290501,63.3451,33,Asia/Karachi,medium_airport
PSJ,,Kasiguncu Airport,Poso-Celebes Island,ID,-1.414121,120.659241,174,Asia/Makassar,medium_airport
PSM,KPSM,Portsmouth International at Pease Airport,Portsmouth,US,43.0778999329,-70.8233032227,100,America/New_York,medium_airport
PSO,SKPS,Antonio Nariño Airport,Chachagüí,CO,1.39625,-77.2915,5951,America/Bogota,medium_airport
PSP,KPSP,Palm Springs International Airport,Palm Springs,US,33.8297,-116.507004,477,America/Los_Angeles,medium_airport
PSR,LIBP,Abruzzo Airport,Pescara,IT,42.431702,14.1811,48,Europe/Rome,medium_airport
PSS,SARP,Libertador Gral D Jose De San Martin Airport,Posadas,AR,-27.3858,-55.9707,430,America/Argentina/Cordoba,medium_airport
PSU,WIOP,Pangsuma Airport,Putussibau-Borneo Island,ID,0.834579,112.940217,297,Asia/Jakarta,medium_airport
PSY,SFAL,Port Stanley Airport,Stanley,FK,-51.685699462891,-57.777599334717,75,Atlantic/Stanley,medium_airport
PSZ,SLPS,Capitán Av. Salvador Ogaya G. airport,Puerto Suárez,BO,-18.975301,-57.820599,440,America/La_Paz,medium_airport
PTG,FAPP,Polokwane International Airport,Polokwane,ZA,-23.845269,29.458615,4076,Africa/Johannesburg,medium_airport
PTH,PAPH,Port Heiden Airport,Port Heiden,US,56.957893,-158.630219,95,America/Anchorage,medium_airport
PTJ,YPOD,Portland Airport,,AU,-38.31809997558594,141.4709930419922,265,Australia/Hobart,medium_airport
PTK,KPTK,Oakland County International Airport,Pontiac,US,42.665500640869,-83.420097351074,980,America/New_York,medium_airport
PTM,SVPT,Palmarito Airport,Palmarito,VE,7.575479,-70.174435,347,America/Caracas,medium_airport
PTP,TFFR,Guadeloupe - Maryse Condé International Airport,Pointe-à-Pitre,GP,16.265301,-61.531799,36,America/Guadeloupe,large_airport
PTU,PAPM,Platinum Airport,Platinum,US,59.017675,-161.827927,15,America/Anchorage,medium_airport
PTX,SKPI,Pitalito Airport,Pitalito,CO,1.85777,-76.0857,4212,America/Bogota,medium_airport
PTY,MPTO,Tocumen International Airport,Tocumen,PA,9.07136,-79.383499,135,America/Panama,large_airport
PUB,KPUB,Pueblo Memorial Airport,Pueblo,US,38.289101,-104.497002,4726,America/Denver,medium_airport
PUD,SAWD,Puerto Deseado Airport,Puerto Deseado,AR,-47.7353,-65.9041,268,America/Argentina/Rio_Gallegos,medium_airport
PUF,LFBP,Pau Pyrénées Airport,Pau/Pyrénées (Uzein),FR,43.380001,-0.418611,616,Europe/Paris,medium_airport
PUG,YPAG,Port Augusta Airport,,AU,-32.506900787353516,137.7169952392578,56,Australia/Adelaide,medium_airport
PUJ,MDPC,Punta Cana International Airport,Punta Cana,DO,18.5674,-68.363403,47,America/Santo_Domingo,large_airport
PUQ,SCCI,President Carlos Ibañez del Campo International Airport,Punta Arenas,CL,-53.002602,-70.854599,139,America/Punta_Arenas,medium_airport
PUS,RKPK,Gimhae International Airport,Busan,KR,35.179501,128.938004,6,Asia/Seoul,large_airport
PUT,VOPN,Sri Sathya Sai Airport,Puttaparthi,IN,14.1492996216,77.7910995483,1558,N/A,medium_airport
PUU,SKAS,Tres De Mayo Airport,Puerto Asís,CO,0.505228,-76.5008,815,America/Bogota,medium_airport
PUW,KPUW,Pullman-Moscow Regional Airport,Pullman,US,46.741601,-117.11163,2556,America/Los_Angeles,medium_airport
PUY,LDPL,Pula Airport,Pula,HR,44.893501,13.9222,274,Europe/Zagreb,medium_airport
PUZ,MNPC,Puerto Cabezas Airport,Puerto Cabezas,NI,14.047200202941895,-83.38670349121094,52,America/Managua,medium_airport
PVA,SKPV,El Embrujo Airport,Providencia,CO,13.357461,-81.357977,10,America/Bogota,medium_airport
PVD,KPVD,Theodore Francis Green State Airport,Warwick,US,41.725038,-71.425668,55,America/New_York,large_airport
PVG,ZSPD,Shanghai Pudong International Airport,Shanghai (Pudong),CN,31.1434,121.805,13,Asia/Shanghai,large_airport
PVH,SBPV,Governador Jorge Teixeira de Oliveira Airport,Porto Velho,BR,-8.707854,-63.90242,295,America/Porto_Velho,medium_airport
PVK,LGPZ,Aktion National Airport,Preveza,GR,38.925499,20.765301,11,Europe/Athens,medium_airport
PVO,SEPV,Reales Tamarindos Airport,Portoviejo,EC,-1.04165,-80.472198,130,America/Guayaquil,medium_airport
PVR,MMPR,Puerto Vallarta International Airport,Puerto Vallarta,MX,20.679913,-105.254391,23,America/Mexico_City,large_airport
PVS,UHMD,Provideniya Bay Airport,Chukotka,RU,64.37809753417969,-173.2429962158203,72,Asia/Anadyr,medium_airport
PVU,KPVU,Provo-Utah Lake International Airport,Provo,US,40.2192,-111.723,4497,America/Denver,medium_airport
PWE,UHMP,Pevek Airport,Apapelgino,RU,69.783302,170.597,11,Asia/Anadyr,medium_airport
PWK,,Chicago Executive Airport,Chicago/Prospect Heights/Wheeling,US,42.114222,-87.901494,647,America/Chicago,medium_airport
PWM,KPWM,Portland International Jetport,Portland,US,43.646198,-70.309303,76,America/New_York,large_airport
PWQ,UASP,Pavlodar Airport,Pavlodar,KZ,52.19499969482422,77.07389831542969,410,Asia/Qyzylorda,medium_airport
PWT,KPWT,Bremerton National Airport,Bremerton,US,47.490200042725,-122.76499938965,444,America/Los_Angeles,medium_airport
PWY,KPNA,Ralph Wenz Field,Pinedale,US,42.79550171,-109.8069992,7102,America/Denver,medium_airport
PXM,MMPS,Puerto Escondido International Airport,Puerto Escondido,MX,15.876808,-97.0891,294,America/Mexico_City,medium_airport
PXO,LPPS,Porto Santo Airport,Vila Baleira,PT,33.0733985901,-16.3500003815,341,Europe/Lisbon,medium_airport
PXR,VTUJ,Surin Airport,Surin,TH,14.868300437927,103.49800109863,478,Asia/Bangkok,medium_airport
PXU,VVPK,Pleiku Airport,Pleiku,VN,14.004500389099121,108.01699829101562,2434,Asia/Ho_Chi_Minh,medium_airport
PYH,SVPA,Cacique Aramare Airport,Puerto Ayacucho,VE,5.61999,-67.606102,245,America/Caracas,medium_airport
PYJ,UERP,Polyarny Airport,Yakutia,RU,66.400398,112.029999,1660,Asia/Yakutsk,medium_airport
PYK,OIIP,Payam Karaj International Airport,Karaj,IR,35.7761,50.826698,4170,Asia/Tehran,medium_airport
PYR,LGAD,Andravida Air Base,Andravida,GR,37.9207,21.292601,55,Europe/Athens,medium_airport
PZA,SKPZ,Paz De Ariporo Airport,Paz De Ariporo,CO,5.87615,-71.8866,900,America/Bogota,medium_airport
PZB,FAPM,Pietermaritzburg Airport,Pietermaritzburg,ZA,-29.649000167799997,30.3987007141,2423,Africa/Johannesburg,medium_airport
PZH,OPZB,Zhob Airport,Fort Sandeman,PK,31.358400344848633,69.4636001586914,4728,Asia/Karachi,medium_airport
PZI,ZUZH,Panzhihua Bao'anying Airport,Panzhihua (Renhe),CN,26.54,101.79852,1620,Asia/Shanghai,medium_airport
PZO,SVPR,General Manuel Carlos Piar International Airport,Puerto Ordaz-Ciudad Guayana,VE,8.28853,-62.760399,472,America/Caracas,medium_airport
PZS,SCTC,Maquehue Airport,Temuco,CL,-38.766799926758,-72.637100219727,304,N/A,medium_airport
PZU,HSPN,Port Sudan New International Airport,Port Sudan,SD,19.4335994720459,37.234100341796875,135,Africa/Khartoum,medium_airport
PZY,LZPP,Piešťany Airport,Piešťany,SK,48.62519836425781,17.828399658203125,545,Europe/Bratislava,medium_airport
QBC,CYBD,Bella Coola Airport,Bella Coola,CA,52.387501,-126.596001,117,America/Vancouver,medium_airport
QCY,EGXC,RAF Coningsby,"Lincoln, Lincolnshire",GB,53.092999,-0.166014,25,Europe/London,medium_airport
QGU,,Gifu Airport,Gifu,JP,35.3941,136.869995,128,Asia/Tokyo,medium_airport
QHR,HAHM,Harar Meda Airport,Debre Zeyit,ET,8.7163,39.0059,6201,N/A,medium_airport
QJB,,Jubail Airport,Jubail,SA,27.039,49.405102,26,Asia/Riyadh,medium_airport
QMJ,,Shahid Asiyaee Airport,Masjed Soleyman,IR,32.001719,49.268599,1206,N/A,medium_airport
QNS,,Canoas Air Force Base,Porto Alegre,BR,-29.945928,-51.144413,26,America/Sao_Paulo,medium_airport
QOW,DNIM,Sam Mbakwe International Airport,Owerri,NG,5.427060127258301,7.206029891967773,373,Africa/Lagos,medium_airport
QPG,WSAP,Paya Lebar Air Base,Paya Lebar,SG,1.36042,103.910004,65,Asia/Singapore,medium_airport
QPS,,Campo Fontenelle,Pirassununga,BR,-21.984692,-47.341207,1968,America/Sao_Paulo,medium_airport
QRA,FAGM,Rand Airport,Johannesburg,ZA,-26.2425,28.151199,5483,Africa/Johannesburg,medium_airport
QRM,,Narromine Airport,,AU,-32.214699,148.225006,782,N/A,medium_airport
QRO,MMQT,Querétaro Intercontinental Airport,Querétaro,MX,20.6173,-100.185997,6296,America/Mexico_City,medium_airport
QRW,DNSU,Warri Airport,Okpe,NG,5.59821,5.8187,242,N/A,medium_airport
QSF,DAAS,Ain Arnat Airport,Sétif,DZ,36.178100585900005,5.3244900703399995,3360,Africa/Algiers,medium_airport
QSR,LIRI,Salerno Costa d'Amalfi Airport,Salerno,IT,40.620399,14.9113,123,Europe/Rome,medium_airport
QSZ,ZWSC,Shache Airport,Shache,CN,38.24542,77.056149,4232,N/A,medium_airport
QUO,DNAI,Akwa Ibom International Airport,Uyo,NG,4.8725,8.093,170,N/A,medium_airport
RAB,AYTK,Tokua Airport,Kokopo,PG,-4.34046,152.380005,49,Pacific/Port_Moresby,medium_airport
RAE,OERR,Arar Domestic Airport,Arar,SA,30.906600952148438,41.13819885253906,1813,Asia/Riyadh,medium_airport
RAH,OERF,Rafha Domestic Airport,Rafha,SA,29.626399993896484,43.4906005859375,1474,Asia/Riyadh,medium_airport
RAI,GVNP,Nelson Mandela International Airport,Praia,CV,14.941126,-23.484728,230,Atlantic/Cape_Verde,large_airport
RAJ,VARK,Rajkot Airport,Rajkot,IN,22.3092,70.779503,441,N/A,medium_airport
RAK,GMMX,Menara Airport,Marrakech,MA,31.606899,-8.0363,1545,Africa/Casablanca,large_airport
RAL,KRAL,Riverside Municipal Airport,Riverside,US,33.9519,-117.445,819,America/Los_Angeles,medium_airport
RAO,SBRP,Leite Lopes Airport,Ribeirão Preto,BR,-21.134314,-47.774053,1805,America/Sao_Paulo,medium_airport
RAP,KRAP,Rapid City Regional Airport,Rapid City,US,44.0452995300293,-103.05699920654297,3204,America/Denver,medium_airport
RAR,NCRG,Rarotonga International Airport,Avarua,CK,-21.2027,-159.806,19,Pacific/Rarotonga,medium_airport
RAS,OIGG,Sardar-e-Jangal Airport,Rasht,IR,37.323333,49.617778,-40,Asia/Tehran,medium_airport
RAZ,OPRT,Rawalakot Airport,Rawalakot,PK,33.849701,73.798103,5479,Asia/Karachi,medium_airport
RBA,GMME,Rabat-Salé Airport,Rabat,MA,34.051498,-6.75152,276,Africa/Casablanca,large_airport
RBE,VDRK,Ratanakiri Airport,Ratanakiri,KH,13.729999542236328,106.98699951171875,,Asia/Phnom_Penh,medium_airport
RBL,KRBL,Red Bluff Municipal Airport,Red Bluff,US,40.1506996155,-122.251998901,352,America/Los_Angeles,medium_airport
RBR,SBRB,Rio Branco-Plácido de Castro International Airport,Rio Branco,BR,-9.869031,-67.893984,633,America/Rio_Branco,medium_airport
RBY,PARY,Ruby Airport,Ruby,US,64.727203,-155.470001,658,America/Anchorage,medium_airport
RCA,KRCA,Ellsworth Air Force Base,Rapid City,US,44.14500046,-103.1039963,3276,America/Denver,medium_airport
RCB,FARB,Richards Bay Airport,Richards Bay,ZA,-28.740999221800003,32.0920982361,109,Africa/Johannesburg,medium_airport
RCH,SKRH,Almirante Padilla Airport,Riohacha,CO,11.5262,-72.926,43,America/Bogota,medium_airport
RCO,LFDN,Rochefort-Saint-Agnant (BA 721) Airport,Rochefort/Saint-Agnant,FR,45.887798,-0.983056,60,Europe/Paris,medium_airport
RCQ,SATR,Reconquista Airport,Reconquista,AR,-29.210278,-59.683333,160,America/Argentina/Cordoba,medium_airport
RCU,SAOC,Area De Material Airport,Rio Cuarto,AR,-33.085098,-64.261299,1380,America/Argentina/Cordoba,medium_airport
RDD,KRDD,Redding Municipal Airport,Redding,US,40.50899887,-122.2929993,505,America/Los_Angeles,medium_airport
RDG,KRDG,Reading Regional Airport (Carl A Spaatz Field),Reading,US,40.378502,-75.965202,344,America/New_York,medium_airport
RDL,,Bardawil International Airport,El Hassana,EG,30.410714,33.15535,1060,N/A,medium_airport
RDM,KRDM,Roberts Field,Redmond,US,44.254101,-121.150002,3080,America/Los_Angeles,medium_airport
RDO,EPRA,Warsaw Radom Airport,Radom,PL,51.38937,21.214742,610,Europe/Warsaw,medium_airport
RDP,VEDG,Kazi Nazrul Islam Airport,Durgapur,IN,23.6225,87.243,300,N/A,medium_airport
RDR,KRDR,Grand Forks Air Force Base,Grand Forks,US,47.961101532,-97.4011993408,913,America/Chicago,medium_airport
RDS,SAHS,Rincon De Los Sauces Airport,Rincon de los Sauces,AR,-37.390598,-68.904198,1968,America/Argentina/Salta,medium_airport
RDU,KRDU,Raleigh Durham International Airport,Raleigh/Durham,US,35.877602,-78.787498,435,America/New_York,large_airport
RDZ,LFCR,Rodez–Aveyron Airport,Rodez/Marcillac,FR,44.407902,2.48267,1910,Europe/Paris,medium_airport
REA,NTGE,Reao Airport,Reao,PF,-18.46652,-136.43855,12,Pacific/Tahiti,medium_airport
REC,SBRF,Recife/Guararapes - Gilberto Freyre International Airport,Recife,BR,-8.125984,-34.923316,33,America/Recife,medium_airport
REG,LICR,Reggio Calabria Airport,Reggio Calabria,IT,38.071201,15.6516,96,Europe/Rome,medium_airport
REL,SAVT,Almirante Marco Andres Zar Airport,Rawson,AR,-43.2105,-65.2703,141,America/Argentina/Catamarca,medium_airport
REN,UWOO,Orenburg Central Airport,Orenburg,RU,51.795799255371094,55.45669937133789,387,Asia/Yekaterinburg,medium_airport
RER,MGRT,Retalhuleu Airport,Retalhuleu,GT,14.521431,-91.697001,656,America/Guatemala,medium_airport
RES,SARE,Resistencia International Airport,Resistencia,AR,-27.45,-59.0561,173,America/Argentina/Cordoba,medium_airport
REU,LERS,Reus Airport,Reus,ES,41.1474,1.16717,233,Europe/Madrid,medium_airport
REW,,"Rewa Airport, Chorhata, REWA",Rewa,IN,24.503401,81.220299,1000,N/A,medium_airport
REX,MMRX,General Lucio Blanco International Airport,Reynosa,MX,26.0089,-98.2285,139,America/Mexico_City,medium_airport
RFD,KRFD,Chicago Rockford International Airport,Chicago/Rockford,US,42.1954,-89.097198,742,America/Chicago,medium_airport
RFP,NTTR,Raiatea Airport,Uturoa,PF,-16.7229,-151.466003,3,Pacific/Tahiti,medium_airport
RGA,SAWE,Gobernador Ramón Trejo Noel International Airport,Rio Grande,AR,-53.7777,-67.7494,65,America/Argentina/Ushuaia,medium_airport
RGI,NTTG,Rangiroa Airport,,PF,-14.954299926757812,-147.66099548339844,10,Pacific/Tahiti,medium_airport
RGK,UNBG,Gorno-Altaysk Airport,Gorno-Altaysk,RU,51.969204,85.836539,965,Asia/Krasnoyarsk,medium_airport
RGL,SAWG,Piloto Civil N. Fernández Airport,Rio Gallegos,AR,-51.6089,-69.3126,61,America/Argentina/Rio_Gallegos,medium_airport
RGN,VYYY,Yangon International Airport,Yangon,MM,16.907300949099998,96.1332015991,109,Asia/Yangon,large_airport
RGO,ZKHM,Orang (Chongjin) Airport,Hoemun-ri,KP,41.428538,129.647555,12,Asia/Pyongyang,medium_airport
RGS,LEBG,Burgos Airport,Burgos,ES,42.357601,-3.62076,2962,Europe/Madrid,medium_airport
RGT,WIBJ,Japura Airport,Rengat-Sumatra Island,ID,-0.352808,102.334999,62,Asia/Jakarta,medium_airport
RHD,SANR,Termas de Río Hondo international Airport,Termas de Río Hondo,AR,-27.4966,-64.93595,935,America/Argentina/Cordoba,medium_airport
RHI,KRHI,Rhinelander Oneida County Airport,Rhinelander,US,45.63119888305664,-89.46749877929688,1624,America/Chicago,medium_airport
RHO,LGRP,Diagoras Airport,Rhodes,GR,36.405399,28.086201,17,Europe/Athens,medium_airport
RIA,SBSM,Santa Maria Airport,Santa Maria,BR,-29.711399,-53.688202,287,America/Sao_Paulo,medium_airport
RIB,SLRI,Capitán Av. Selin Zeitun Lopez Airport,Riberalta,BO,-11.009355,-66.075468,462,America/La_Paz,medium_airport
RIC,KRIC,Richmond International Airport,Richmond,US,37.505199,-77.319702,167,America/New_York,large_airport
RIJ,SPJA,Juan Simons Vela Airport,Rioja,PE,-6.06786,-77.160004,2707,America/Lima,medium_airport
RIL,KRIL,Garfield County Regional Airport,Rifle,US,39.526299,-107.726997,5548,America/Denver,medium_airport
RIS,RJER,Rishiri Airport,Rishiri,JP,45.2420005798,141.186004639,112,Asia/Tokyo,medium_airport
RIV,KRIV,March Air Reserve Base,Riverside,US,33.880699,-117.259003,1536,America/Los_Angeles,medium_airport
RIW,KRIW,Central Wyoming Regional Airport,Riverton,US,43.064201,-108.459999,5525,America/Denver,medium_airport
RIX,EVRA,Riga International Airport,Riga,LV,56.920752,23.970711,36,Europe/Riga,large_airport
RIY,OYRN,Riyan Mukalla International Airport,Riyan,YE,14.6626,49.375,54,Asia/Aden,medium_airport
RIZ,ZSRZ,Rizhao Shanzihe Airport,Rizhao (Donggang),CN,35.405033,119.324403,121,N/A,medium_airport
RJA,VORY,Rajahmundry Airport,Madhurapudi,IN,17.105799,81.813204,151,Asia/Kolkata,medium_airport
RJH,VGRJ,Shah Mokhdum Airport,Rajshahi,BD,24.437201,88.616501,64,Asia/Dhaka,medium_airport
RJK,LDRI,Rijeka Airport,Omišalj,HR,45.2169,14.5703,278,Europe/Zagreb,medium_airport
RJL,,Logroño-Agoncillo Airport,Logroño,ES,42.460953,-2.322235,1161,Europe/Madrid,medium_airport
RJN,OIKR,Rafsanjan Airport,Rafsanjan,IR,30.298345,56.048979,5298,Asia/Tehran,medium_airport
RKD,KRKD,Knox County Regional Airport,Rockland,US,44.060101,-69.099197,56,America/New_York,medium_airport
RKE,EKRK,Copenhagen Roskilde Airport,Roskilde,DK,55.585602,12.1314,146,Europe/Copenhagen,medium_airport
RKS,KRKS,Southwest Wyoming Regional Airport,Rock Springs,US,41.5942,-109.065001,6764,America/Denver,medium_airport
RKT,OMRK,Ras Al Khaimah International Airport,Ras Al Khaimah,AE,25.613500595092773,55.93880081176758,102,Asia/Dubai,medium_airport
RKV,BIRK,Reykjavík Domestic Airport,Reykjavík,IS,64.128732,-21.93759,48,Atlantic/Reykjavik,medium_airport
RKZ,ZURK,Xigaze Peace Airport / Shigatse Air Base,Xigazê (Samzhubzê),CN,29.3519,89.311401,3782,N/A,medium_airport
RLG,ETNL,Rostock-Laage Airport,Laage,DE,53.918201,12.2783,138,Europe/Berlin,medium_airport
RLK,ZBYZ,Bayannur Tianjitai Airport,Bavannur,CN,40.926,107.7428,3400,Asia/Shanghai,medium_airport
RMA,YROM,Roma Airport,Roma,AU,-26.545000076300003,148.774993896,1032,Australia/Brisbane,medium_airport
RME,KRME,Griffiss International Airport,Rome,US,43.23379898,-75.40699768,504,America/New_York,medium_airport
RMF,HEMA,Marsa Alam International Airport,Marsa Alam,EG,25.555548,34.59245,213,Africa/Cairo,medium_airport
RMG,KRMG,Richard B Russell Airport,Rome,US,34.3506011963,-85.15799713130001,644,America/New_York,medium_airport
RMI,LIPR,Federico Fellini International Airport,Rimini (RN),IT,44.020302,12.6117,40,Europe/Rome,medium_airport
RMK,YREN,Renmark Airport,,AU,-34.1964,140.673996,115,Australia/Adelaide,medium_airport
RML,VCCC,Colombo Ratmalana Airport,Colombo,LK,6.821990013122559,79.88619995117188,22,Asia/Colombo,medium_airport
RMO,LUKK,Chişinău International Airport,Chişinău,MD,46.9277,28.931,399,Europe/Chisinau,medium_airport
RMQ,RCMQ,Taichung International Airport / Ching Chuang Kang Air Base,Taichung (Qingshui),TW,24.2647,120.621002,663,Asia/Taipei,medium_airport
RMS,ETAR,Ramstein Air Base,Ramstein-Miesenbach,DE,49.436901,7.60028,776,Europe/Berlin,medium_airport
RMU,LEMI,Región de Murcia International Airport,Corvera,ES,37.803,-1.125,644,Europe/Madrid,medium_airport
RMZ,,Remezov Airport,Tobolsk,RU,58.058427,68.348801,167,N/A,medium_airport
RNB,ESDF,Ronneby Airport,Ronneby,SE,56.266701,15.265,191,Europe/Stockholm,medium_airport
RND,KRND,Randolph Air Force Base,Universal City,US,29.529699,-98.2789,761,America/Chicago,medium_airport
RNE,LFLO,Roanne-Renaison Airport,Saint-Léger-sur-Roanne,FR,46.053818,3.999023,1106,Europe/Paris,medium_airport
RNH,KRNH,New Richmond Regional Airport,New Richmond,US,45.1483,-92.538101,998,America/Chicago,medium_airport
RNJ,RORY,Yoron Airport,Yoron,JP,27.043847,128.401648,52,Asia/Tokyo,medium_airport
RNN,EKRN,Bornholm Airport,Rønne,DK,55.063301,14.7596,52,Europe/Copenhagen,medium_airport
RNO,KRNO,Reno Tahoe International Airport,Reno,US,39.4991,-119.767998,4415,America/Los_Angeles,large_airport
RNS,LFRN,Rennes-Saint-Jacques Airport,"Saint-Jacques-de-la-Lande, Ille-et-Vilaine",FR,48.0695,-1.73479,124,Europe/Paris,medium_airport
ROA,KROA,Roanoke–Blacksburg Regional Airport,Roanoke,US,37.3255,-79.975403,1175,America/New_York,medium_airport
ROB,GLRB,Roberts International Airport,Monrovia,LR,6.23379,-10.3623,31,Africa/Monrovia,large_airport
ROC,KROC,Frederick Douglass Greater Rochester International Airport,Rochester,US,43.1189,-77.672401,559,America/New_York,medium_airport
ROD,FARS,Robertson Airport,Robertson,ZA,-33.812199,19.9028,640,Africa/Johannesburg,medium_airport
ROI,VTUV,Roi Et Airport,Roi Et,TH,16.1168,103.774002,451,Asia/Bangkok,medium_airport
ROK,YBRK,Rockhampton Airport,Rockhampton,AU,-23.380019,150.475359,34,Australia/Brisbane,medium_airport
ROO,SBRD,Maestro Marinho Franco Airport,Rondonópolis,BR,-16.584292,-54.724803,1467,America/Cuiaba,medium_airport
ROP,PGRO,Rota International Airport,Rota Island,MP,14.1743,145.242996,607,Pacific/Saipan,medium_airport
ROR,PTRO,Palau International Airport,Babelthuap Island,PW,7.36731,134.544236,176,Pacific/Palau,medium_airport
ROS,SAAR,Rosario Islas Malvinas International Airport,Rosario,AR,-32.9036,-60.785,85,America/Argentina/Cordoba,medium_airport
ROT,NZRO,Rotorua Regional Airport,Rotorua,NZ,-38.1092,176.317001,935,Pacific/Auckland,medium_airport
ROV,URRP,Platov International Airport,Rostov-on-Don,RU,47.493888,39.924722,213,Europe/Moscow,large_airport
ROW,KROW,Roswell Air Center Airport,Roswell,US,33.301601,-104.530998,3671,America/Denver,medium_airport
ROZ,LERT,Rota Naval Station Airport,Rota,ES,36.645198822,-6.34946012497,86,Europe/Madrid,medium_airport
RPM,YNGU,Ngukurr Airport,,AU,-14.7228,134.746994,45,Australia/Darwin,medium_airport
RPN,LLIB,Rosh Pina Airport,Rosh Pina,IL,32.980999,35.571899,884,Asia/Jerusalem,medium_airport
RPR,,Swami Vivekananda Airport,Raipur,IN,21.180401,81.7388,1041,Asia/Kolkata,medium_airport
RQA,ZWRQ,Ruoqiang Loulan Airport,Ruoqiang Town,CN,38.974722,88.008333,2916,Asia/Shanghai,medium_airport
RQW,,Qayyarah West Airport,Qayyarah,IQ,35.7672,43.125099,749,Asia/Baghdad,medium_airport
RQY,VOSH,Rashtrakavi Kuvempu Airport,Shimoga,IN,13.858024,75.618868,2017,Asia/Kolkata,medium_airport
RRG,FIMR,Sir Charles Gaetan Duval Airport,Port Mathurin,MU,-19.7577,63.361,95,Indian/Mauritius,medium_airport
RRK,VERK,Rourkela Airport,Rourkela,IN,22.256571,84.815193,659,Asia/Kolkata,medium_airport
RRS,ENRO,Røros Airport,Røros,NO,62.578399658203,11.342300415039,2054,Europe/Oslo,medium_airport
RSA,SAZR,Santa Rosa Airport,Santa Rosa,AR,-36.588299,-64.275703,630,America/Argentina/Salta,medium_airport
RSD,MYER,Rock Sound Airport,Rock Sound,BS,24.8950787333,-76.1768817902,10,America/Nassau,medium_airport
RSI,,Red Sea International Airport,Hanak,SA,25.627975,37.088914,140,Asia/Riyadh,medium_airport
RSL,KRSL,Russell Municipal Airport,Russell,US,38.872100830078,-98.811798095703,1862,America/Chicago,medium_airport
RST,KRST,Rochester International Airport,Rochester,US,43.908298,-92.5,1317,America/Chicago,medium_airport
RSU,RKJY,Yeosu Airport,Yeosu,KR,34.84230041503906,127.61699676513672,53,Asia/Seoul,medium_airport
RSW,KRSW,Southwest Florida International Airport,Fort Myers,US,26.53619956970215,-81.75520324707031,30,America/New_York,large_airport
RTB,MHRO,Juan Manuel Gálvez International Airport,Coxen Hole,HN,16.316799,-86.523003,39,America/Tegucigalpa,medium_airport
RTC,VARG,Ratnagiri Airport,,IN,17.013599,73.327797,305,Asia/Kolkata,medium_airport
RTE,,Campo de Marte Airport,São Paulo,BR,-23.5091,-46.637798,2371,N/A,medium_airport
RTM,EHRD,Rotterdam The Hague Airport,Rotterdam,NL,51.956902,4.43722,-15,Europe/Amsterdam,medium_airport
RUA,HUAR,Arua Airport,Arua,UG,3.049152,30.911714,3951,Africa/Kampala,medium_airport
RUG,ZSRG,Rugao Air Base,Rugao (Nantong),CN,32.258341,120.501131,,Asia/Shanghai,medium_airport
RUH,OERK,King Khaled International Airport,Riyadh,SA,24.9576,46.698799,2049,Asia/Riyadh,large_airport
RUI,KSRR,Sierra Blanca Regional Airport,Alto,US,33.462799,-105.535004,6814,America/Denver,medium_airport
RUN,FMEE,Roland Garros Airport,Sainte-Marie,RE,-20.890087,55.518894,66,Indian/Reunion,large_airport
RUR,NTAR,Rurutu Airport,,PF,-22.434099197387695,-151.36099243164062,18,Pacific/Tahiti,medium_airport
RUT,KRUT,Rutland - Southern Vermont Regional Airport,Rutland,US,43.5294,-72.9496,787,America/New_York,medium_airport
RUV,MGRB,Rubelsanto Airport,Rubelsanto,GT,15.992,-90.445297,426,America/Guatemala,medium_airport
RVK,ENRM,"Rørvik Airport, Ryum",Rørvik,NO,64.838302612305,11.14610004425,14,Europe/Oslo,medium_airport
RVN,EFRO,Rovaniemi Airport,Rovaniemi,FI,66.564796447754,25.830400466919,642,Europe/Helsinki,medium_airport
RVS,KRVS,Tulsa Riverside Airport,Tulsa,US,36.0396,-95.984596,638,America/Chicago,medium_airport
RWF,KRWF,Redwood Falls Municipal Airport,Redwood Falls,US,44.547199,-95.082298,1024,America/Chicago,medium_airport
RWI,KRWI,Rocky Mount Wilson Regional Airport,Rocky Mount,US,35.8563,-77.891899,159,America/New_York,medium_airport
RWL,KRWL,Rawlins Municipal Airport/Harvey Field,Rawlins,US,41.80559921,-107.1999969,6813,America/Denver,medium_airport
RWN,UKLR,Rivne International Airport,Rivne,UA,50.60710144042969,26.141599655151367,755,Europe/Kyiv,medium_airport
RXS,RPVR,Roxas Airport,Roxas City,PH,11.597700119018555,122.75199890136719,10,Asia/Manila,medium_airport
RYB,UUBK,Staroselye Airport,Rybinsk,RU,58.104198,38.929401,423,Europe/Moscow,medium_airport
RYK,OPRK,Shaikh Zaid Airport,Rahim Yar Khan,PK,28.383899688720703,70.27960205078125,271,Asia/Karachi,medium_airport
RYN,LFCY,Royan-Médis Airport,Royan/Médis,FR,45.628101,-0.9725,72,Europe/Paris,medium_airport
RZA,SAWU,Santa Cruz Airport,Puerto Santa Cruz,AR,-50.0165,-68.5792,364,America/Argentina/Rio_Gallegos,medium_airport
RZE,EPRZ,Rzeszów-Jasionka Airport,Jasionka,PL,50.109791,22.024155,693,Europe/Warsaw,medium_airport
RZR,OINR,Ramsar Airport,Ramsar,IR,36.90701,50.687316,-70,Asia/Tehran,medium_airport
RZV,LTFO,Rize–Artvin Airport,Rize,TR,41.179766,40.848802,16,Europe/Istanbul,medium_airport
SAB,TNCS,Juancho E. Yrausquin Airport,Zion's Hill,BQ,17.645351,-63.220571,60,America/Kralendijk,medium_airport
SAC,KSAC,Sacramento Executive Airport,Sacramento,US,38.5125007629,-121.492996216,24,America/Los_Angeles,medium_airport
SAF,KSAF,Santa Fe Municipal Airport,Santa Fe,US,35.6171,-106.088997,6348,America/Denver,medium_airport
SAG,VASD,Shirdi Airport,Kakadi,IN,19.688752,74.377354,1926,N/A,medium_airport
SAH,OYSN,Sanaa International Airport,Sanaa,YE,15.4763,44.2197,7216,Asia/Aden,medium_airport
SAI,VDSA,Siem Reap-Angkor International Airport,Siem Reap,KH,13.369167,104.223056,191,Asia/Phnom_Penh,large_airport
SAL,MSLP,Monseñor Óscar Arnulfo Romero International Airport,San Salvador (San Luis Talpa),SV,13.4409,-89.055702,101,America/El_Salvador,large_airport
SAN,KSAN,San Diego International Airport,San Diego,US,32.7336006165,-117.190002441,17,America/Los_Angeles,large_airport
SAP,MHLM,Ramón Villeda Morales International Airport,San Pedro Sula,HN,15.4526,-87.923599,91,America/Tegucigalpa,medium_airport
SAQ,MYAN,San Andros Airport,Andros Island,BS,25.053800582885742,-78.04900360107422,5,America/Nassau,medium_airport
SAT,KSAT,San Antonio International Airport,San Antonio,US,29.533701,-98.469803,809,America/Chicago,large_airport
SAV,KSAV,Savannah Hilton Head International Airport,Savannah,US,32.127602,-81.202103,50,America/New_York,large_airport
SAW,LTFJ,Istanbul Sabiha Gökçen International Airport,"Pendik, Istanbul",TR,40.898602,29.3092,312,Europe/Istanbul,large_airport
SBA,KSBA,Santa Barbara Municipal Airport,Santa Barbara,US,34.426201,-119.839996,13,America/Los_Angeles,medium_airport
SBD,KSBD,San Bernardino International Airport,San Bernardino,US,34.095402,-117.235001,1159,America/Los_Angeles,medium_airport
SBH,TFFJ,Saint Barthélemy - Gustaf III Airport,Gustavia,BL,17.9044,-62.843601,49,America/St_Barthelemy,medium_airport
SBK,LFRT,Saint-Brieuc-Armor Airport,"Trémuson, Côtes-d'Armor",FR,48.538628,-2.853518,453,Europe/Paris,medium_airport
SBL,SLSA,Santa Ana Del Yacuma Airport,Santa Ana del Yacuma,BO,-13.762200355500001,-65.4352035522,472,America/La_Paz,medium_airport
SBN,KSBN,South Bend Regional Airport,South Bend,US,41.708698,-86.317299,799,America/Indiana/Indianapolis,medium_airport
SBP,KSBP,San Luis County Regional Airport,San Luis Obispo,US,35.236801147499996,-120.641998291,212,America/Los_Angeles,medium_airport
SBT,USDA,Sabetta International Airport,Sabetta,RU,71.219167,72.052222,46,Asia/Yekaterinburg,medium_airport
SBU,FASB,Springbok Airport,Springbok,ZA,-29.689300537109375,17.939599990844727,2690,Africa/Johannesburg,medium_airport
SBW,WBGS,Sibu Airport,Sibu,MY,2.2616,111.985001,122,Asia/Kuching,medium_airport
SBY,KSBY,Salisbury Ocean City Wicomico Regional Airport,Salisbury,US,38.34049987792969,-75.51029968261719,52,America/New_York,medium_airport
SBZ,LRSB,Sibiu International Airport,Sibiu,RO,45.785841,24.086666,1496,Europe/Bucharest,medium_airport
SCC,PASC,Deadhorse Airport,Deadhorse,US,70.19470215,-148.4649963,65,America/Anchorage,medium_airport
SCE,KUNV,State College Regional Airport,State College,US,40.849374,-77.84852,1239,America/New_York,medium_airport
SCH,KSCH,Schenectady County Airport,Schenectady,US,42.852500915527,-73.928901672363,378,America/New_York,medium_airport
SCI,SVPM,Paramillo Airport,San Cristóbal,VE,7.80132,-72.202904,3314,America/Caracas,medium_airport
SCK,KSCK,Stockton Metropolitan Airport,Stockton,US,37.893279,-121.238079,33,America/Los_Angeles,medium_airport
SCL,SCEL,Comodoro Arturo Merino Benítez International Airport,Santiago,CL,-33.393001556396484,-70.78579711914062,1555,America/Santiago,large_airport
SCN,EDDR,Saarbrücken Airport,Saarbrücken,DE,49.214599609400004,7.10950994492,1058,Europe/Berlin,medium_airport
SCO,UATE,Aktau Airport,Aktau,KZ,43.860093,51.09086,73,Asia/Oral,medium_airport
SCQ,LEST,Santiago-Rosalía de Castro Airport,Santiago de Compostela,ES,42.896301,-8.41514,1213,Europe/Madrid,large_airport
SCR,,Scandinavian Mountains Airport,Malung-Sälen,SE,61.158393,12.842503,1608,Europe/Stockholm,medium_airport
SCT,OYSQ,Socotra International Airport,Mori,YE,12.6307,53.9058,146,Asia/Aden,medium_airport
SCU,MUCU,Antonio Maceo International Airport,Santiago,CU,19.96980094909668,-75.83540344238281,249,America/Havana,medium_airport
SCV,LRSV,Suceava Stefan cel Mare Airport,Suceava,RO,47.6875,26.35409927368164,1375,Europe/Bucharest,medium_airport
SCW,UUYY,Syktyvkar Airport,Syktyvkar,RU,61.64699935913086,50.84510040283203,342,Europe/Moscow,medium_airport
SDB,FALW,Langebaanweg Airport,Langebaanweg,ZA,-32.968898773199996,18.1602993011,108,Africa/Johannesburg,medium_airport
SDD,FNUB,Lubango Airport,Lubango,AO,-14.924699783325195,13.574999809265137,5778,Africa/Luanda,medium_airport
SDE,SANE,Vicecomodoro Angel D. La Paz Aragonés Airport,Santiago del Estero,AR,-27.765556335399996,-64.3099975586,656,America/Argentina/Cordoba,medium_airport
SDF,KSDF,Louisville Muhammad Ali International Airport,Louisville,US,38.1744,-85.736,501,America/Kentucky/Louisville,large_airport
SDG,OICS,Sanandaj Airport,,IR,35.24589920043945,47.00920104980469,4522,Asia/Tehran,medium_airport
SDJ,RJSS,Sendai Airport,Natori,JP,38.139702,140.917007,15,Asia/Tokyo,large_airport
SDK,WBKS,Sandakan Airport,Sandakan,MY,5.900899887084961,118.05899810791016,46,Asia/Kuching,medium_airport
SDL,ESNN,Sundsvall-Härnösand Airport,Sundsvall/ Härnösand,SE,62.528099060058594,17.443899154663086,16,Europe/Stockholm,medium_airport
SDM,KSDM,Brown Field Municipal Airport,San Diego,US,32.572639,-116.980019,526,America/Los_Angeles,medium_airport
SDP,PASD,Sand Point Airport,Sand Point,US,55.313908,-160.522099,21,America/Anchorage,medium_airport
SDQ,MDSD,Las Américas International Airport,Santo Domingo,DO,18.42970085144,-69.668899536133,59,America/Santo_Domingo,large_airport
SDR,LEXJ,Seve Ballesteros-Santander Airport,Santander,ES,43.427101,-3.82001,16,Europe/Madrid,medium_airport
SDS,RJSD,Sado Airport,Sado,JP,38.0601997375,138.414001465,88,Asia/Tokyo,medium_airport
SDT,OPSS,Saidu Sharif Airport,Saidu Sharif,PK,34.813599,72.352798,3183,Asia/Karachi,medium_airport
SDU,SBRJ,Santos Dumont Airport,Rio de Janeiro,BR,-22.9105,-43.163101,11,America/Sao_Paulo,medium_airport
SDW,VOSR,Sindhudurg Airport,Chipi,IN,16.002552,73.529846,203,N/A,medium_airport
SDY,KSDY,Sidney - Richland Regional Airport,Sidney,US,47.705141,-104.194422,1985,America/Denver,medium_airport
SEA,KSEA,Seattle–Tacoma International Airport,Seattle,US,47.447943,-122.310276,433,America/Los_Angeles,large_airport
SEB,HLLS,Sabha Airport,Sabha,LY,26.992452,14.466162,1427,Africa/Tripoli,medium_airport
SEK,UESK,Srednekolymsk Airport,Srednekolymsk,RU,67.4805,153.7364,60,N/A,medium_airport
SEN,EGMC,London Southend Airport,"Southend-on-Sea, Essex",GB,51.570562,0.693627,49,Europe/London,medium_airport
SES,,Svetlogorsk Airport,Svetlogorsk,RU,66.839996,88.403336,394,N/A,medium_airport
SEZ,FSIA,Seychelles International Airport,Mahe Island,SC,-4.67434,55.521801,10,Indian/Mahe,large_airport
SFA,DTTX,Sfax Thyna International Airport,Sfax,TN,34.71799850463867,10.690999984741211,85,Africa/Tunis,medium_airport
SFB,KSFB,Orlando Sanford International Airport,Orlando,US,28.777599334716797,-81.23750305175781,55,America/New_York,large_airport
SFD,SVSR,San Fernando de Apure Las Flecheras National Airport,San Fernando de Apure,VE,7.88332,-67.444,154,America/Caracas,medium_airport
SFE,RPUS,San Fernando Airport,San Fernando,PH,16.5956,120.303001,13,Asia/Manila,medium_airport
SFF,KSFF,Felts Field,Spokane,US,47.682899,-117.321925,1953,America/Los_Angeles,medium_airport
SFG,TFFG,Grand Case-l'Espérance Airport,Grand Case,MF,18.100057,-63.047444,7,America/Marigot,medium_airport
SFJ,BGSF,Kangerlussuaq Airport,Kangerlussuaq,GL,67.010446,-50.715294,165,America/Nuuk,medium_airport
SFN,SAAV,Sauce Viejo Airport,Santa Fe,AR,-31.7117,-60.8117,55,America/Argentina/Cordoba,medium_airport
SFO,KSFO,San Francisco International Airport,San Francisco,US,37.619806,-122.374821,13,America/Los_Angeles,large_airport
SFS,RPLB,Subic Bay International Airport / Naval Air Station Cubi Point,Olongapo,PH,14.7944,120.271004,64,Asia/Manila,medium_airport
SFT,ESNS,Skellefteå Airport,Skellefteå,SE,64.62480163574219,21.076900482177734,157,Europe/Stockholm,medium_airport
SGC,USRR,Surgut Airport,Surgut,RU,61.34370040893555,73.40180206298828,200,Asia/Yekaterinburg,medium_airport
SGD,EKSB,Sønderborg Airport,Sønderborg,DK,54.96440124511719,9.791729927062988,24,Europe/Copenhagen,medium_airport
SGE,EDGS,Siegerland Airport,Burbach,DE,50.707699,8.08297,1966,Europe/Berlin,medium_airport
SGF,KSGF,Springfield Branson National Airport,Springfield,US,37.245701,-93.388603,1268,America/Chicago,medium_airport
SGH,KSGH,Springfield-Beckley Municipal Airport,Springfield,US,39.840301513672,-83.840202331543,1051,America/New_York,medium_airport
SGI,OPSR,Mushaf Air Base,Sargodha,PK,32.04859924316406,72.66500091552734,614,Asia/Karachi,medium_airport
SGL,RPLS,Danilo Atienza Air Base,Cavite,PH,14.4954,120.903999,8,Asia/Manila,medium_airport
SGN,VVTS,Tan Son Nhat International Airport,Ho Chi Minh City,VN,10.8188,106.652,33,Asia/Ho_Chi_Minh,large_airport
SGR,KSGR,Sugar Land Regional Airport,Houston,US,29.622299194336,-95.65650177002,82,America/Chicago,medium_airport
SGU,KSGU,St George Regional Airport,St George,US,37.036389,-113.510306,2941,America/Denver,medium_airport
SGZ,VTSH,Songkhla Airport,,TH,7.186560153961182,100.60800170898438,12,Asia/Bangkok,medium_airport
SHA,ZSSS,Shanghai Hongqiao International Airport,Shanghai (Minhang),CN,31.198104,121.33426,10,Asia/Shanghai,large_airport
SHB,RJCN,Nakashibetsu Airport,Nakashibetsu,JP,43.5774993896,144.960006714,234,Asia/Tokyo,medium_airport
SHD,KSHD,Shenandoah Valley Regional Airport,Weyers Cave,US,38.263802,-78.8964,1201,America/New_York,medium_airport
SHE,ZYTX,Shenyang Taoxian International Airport,"Hunnan, Shenyang",CN,41.639801,123.483002,198,Asia/Shanghai,large_airport
SHI,RORS,Shimojishima Airport,Miyakojima,JP,24.8267,125.144997,54,Asia/Tokyo,medium_airport
SHJ,OMSJ,Sharjah International Airport,Sharjah,AE,25.3286,55.5172,111,Asia/Dubai,large_airport
SHL,VEBI,Shillong Airport,Shillong,IN,25.70359992980957,91.97869873046875,2910,Asia/Kolkata,medium_airport
SHM,RJBD,Nanki Shirahama Airport,Shirahama,JP,33.6622009277,135.363998413,298,Asia/Tokyo,medium_airport
SHO,FDSK,King Mswati III International Airport,Mpaka,SZ,-26.358611,31.716944,1092,Africa/Mbabane,large_airport
SHR,KSHR,Sheridan County Airport,Sheridan,US,44.76919937133789,-106.9800033569336,4021,America/Denver,medium_airport
SHS,ZHJZ,Jingzhou Shashi Airport,Jingzhou (Shashi),CN,30.29281,112.44854,95,Asia/Shanghai,medium_airport
SHT,YSHT,Shepparton Airport,,AU,-36.428341,145.391473,374,Australia/Hobart,medium_airport
SHV,KSHV,Shreveport Regional Airport,Shreveport,US,32.446602,-93.8256,258,America/Chicago,medium_airport
SHW,OESH,Sharurah Domestic Airport,Sharurah,SA,17.4669,47.121399,2363,Asia/Riyadh,medium_airport
SIA,ZLSN,Xi'an Xiguan Airport,Xi'an (Baqiao),CN,34.376701,109.120003,,N/A,medium_airport
SID,GVAC,Amílcar Cabral International Airport,Espargos,CV,16.7414,-22.9494,177,Atlantic/Cape_Verde,large_airport
SIG,TJIG,Fernando Luis Ribas Dominicci Airport,San Juan,PR,18.45680046081543,-66.09809875488281,10,America/Puerto_Rico,medium_airport
SIJ,BISI,Siglufjörður Airport,Siglufjörður,IS,66.137847,-18.908157,10,Atlantic/Reykjavik,medium_airport
SIN,WSSS,Singapore Changi Airport,Singapore,SG,1.35019,103.994003,22,Asia/Singapore,large_airport
SIO,YSMI,Smithton Airport,,AU,-40.834999084472656,145.08399963378906,31,Australia/Hobart,medium_airport
SIP,UKFF,Simferopol International Airport,Simferopol,UA,45.0522,33.975101,639,Europe/Simferopol,medium_airport
SIR,LSGS,Sion Airport,Sion,CH,46.219166,7.326944,1582,Europe/Zurich,medium_airport
SIS,FASS,Sishen Airport,Sishen,ZA,-27.6486,22.9993,3848,Africa/Johannesburg,medium_airport
SIT,PASI,Sitka Rocky Gutierrez Airport,Sitka,US,57.04710006713867,-135.36199951171875,21,America/Anchorage,medium_airport
SJC,KSJC,Norman Y. Mineta San Jose International Airport,San Jose,US,37.362452,-121.929188,62,America/Los_Angeles,large_airport
SJD,MMSD,Los Cabos International Airport,San José del Cabo,MX,23.151919,-109.720731,374,America/Mazatlan,large_airport
SJE,SKSJ,Jorge E. Gonzalez Torres Airport,San José Del Guaviare,CO,2.57969,-72.6394,605,America/Bogota,medium_airport
SJI,RPUH,San Jose Airport,San Jose,PH,12.361499786399998,121.04699707,14,Asia/Manila,medium_airport
SJJ,LQSA,Sarajevo International Airport,Sarajevo,BA,43.8246,18.331499,1708,Europe/Sarajevo,large_airport
SJK,SBSJ,Professor Urbano Ernesto Stumpf Airport,São José Dos Campos,BR,-23.2292,-45.8615,2120,America/Sao_Paulo,medium_airport
SJL,SBUA,São Gabriel da Cachoeira Airport,São Gabriel da Cachoeira,BR,-0.14835,-66.9855,249,America/Boa_Vista,medium_airport
SJO,MROC,Juan Santamaría International Airport,San José (Alajuela),CR,9.99386,-84.208801,3021,America/Costa_Rica,large_airport
SJP,SBSR,Prof. Eribelto Manoel Reino State Airport,São José do Rio Preto,BR,-20.817113,-49.406963,1784,America/Sao_Paulo,medium_airport
SJT,KSJT,San Angelo Regional Mathis Field,San Angelo,US,31.35770034790039,-100.49600219726562,1919,America/Chicago,medium_airport
SJU,TJSJ,Luis Munoz Marin International Airport,San Juan,PR,18.4394,-66.001801,9,America/Puerto_Rico,large_airport
SJW,ZBSJ,Shijiazhuang Zhengding International Airport,Shijiazhuang,CN,38.280701,114.696999,233,Asia/Shanghai,medium_airport
SJX,,Sartaneja Airport,Sartaneja,BZ,18.3561,-88.130798,3,N/A,medium_airport
SJY,EFSI,Seinäjoki Airport,Seinäjoki / Ilmajoki,FI,62.692101,22.8323,302,Europe/Helsinki,medium_airport
SJZ,LPSJ,São Jorge Airport,Velas,PT,38.665501,-28.1758,311,Atlantic/Azores,medium_airport
SKA,KSKA,Fairchild Air Force Base,Spokane,US,47.615101,-117.655998,2461,America/Los_Angeles,medium_airport
SKB,TKPK,Robert L. Bradshaw International Airport,Basseterre,KN,17.311199188232422,-62.71870040893555,170,America/St_Kitts,medium_airport
SKD,UZSS,Samarkand Airport,Samarkand,UZ,39.7005,66.983803,2224,Asia/Samarkand,medium_airport
SKF,KSKF,Lackland Air Force Base,San Antonio,US,29.38419914,-98.58110046,691,America/Chicago,medium_airport
SKG,LGTS,Thessaloniki Macedonia International Airport,Thessaloniki,GR,40.51928,22.970009,22,Europe/Athens,large_airport
SKN,ENSK,"Stokmarknes Airport, Skagen",Hadsel,NO,68.578827,15.033417,11,Europe/Oslo,medium_airport
SKO,DNSO,Sadiq Abubakar III International Airport,Sokoto,NG,12.916299819946289,5.207190036773682,1010,Africa/Lagos,medium_airport
SKP,LWSK,Skopje International Airport,Ilinden,MK,41.958087,21.622581,781,Europe/Skopje,large_airport
SKS,EKSP,Skrydstrup Air Base,Vojens,DK,55.221048,9.26702,141,Europe/Copenhagen,medium_airport
SKT,OPST,Sialkot International Airport,Sialkot,PK,32.535557,74.363892,837,Asia/Karachi,medium_airport
SKV,HESC,Saint Catherine International Airport,Saint Catherine,EG,28.684601,34.062681,4402,Africa/Cairo,medium_airport
SKX,UWPS,Saransk Airport,Saransk,RU,54.12512969970703,45.212257385253906,676,Europe/Moscow,medium_airport
SKZ,OPSK,Sukkur Airport,Mirpur Khas,PK,27.722000122070312,68.79170227050781,196,Asia/Karachi,medium_airport
SLA,SASA,Martin Miguel De Guemes International Airport,Salta,AR,-24.856000900299996,-65.4861984253,4088,America/Argentina/Salta,medium_airport
SLC,KSLC,Salt Lake City International Airport,Salt Lake City,US,40.78886,-111.979866,4227,America/Denver,large_airport
SLD,LZSL,Sliač Airport,Sliač,SK,48.63779830932617,19.13409996032715,1043,Europe/Bratislava,medium_airport
SLE,KSLE,Salem-Willamette Valley Airport/McNary Field,Salem,US,44.9095,-123.002998,214,America/Los_Angeles,medium_airport
SLK,KSLK,Adirondack Regional Airport,Saranac Lake,US,44.38691,-74.204629,1663,America/New_York,medium_airport
SLL,OOSA,Salalah Airport,Salalah,OM,17.038700103759766,54.09130096435547,73,Asia/Muscat,medium_airport
SLM,LESA,Salamanca Airport,Salamanca,ES,40.952099,-5.50199,2595,Europe/Madrid,medium_airport
SLN,KSLN,Salina Municipal Airport,Salina,US,38.79100036621094,-97.6521987915039,1288,America/Chicago,medium_airport
SLP,MMSP,Ponciano Arriaga International Airport,San Luis Potosí,MX,22.254299163800003,-100.930999756,6035,America/Mexico_City,medium_airport
SLU,TLPC,George F. L. Charles Airport,Castries,LC,14.0202,-60.992901,22,America/St_Lucia,medium_airport
SLW,MMIO,Plan De Guadalupe International Airport,Saltillo,MX,25.544145,-100.930195,4778,America/Monterrey,medium_airport
SLY,USDD,Salekhard Airport,Salekhard,RU,66.5907974243164,66.61100006103516,218,Asia/Yekaterinburg,medium_airport
SLZ,SBSL,Marechal Cunha Machado International Airport,São Luís,BR,-2.58536,-44.2341,178,America/Fortaleza,medium_airport
SMA,LPAZ,Santa Maria Airport,Vila do Porto,PT,36.97140121459961,-25.17060089111328,308,Atlantic/Azores,medium_airport
SME,KSME,Lake Cumberland Regional Airport,Somerset,US,37.053398132299996,-84.6158981323,927,America/New_York,medium_airport
SMF,KSMF,Sacramento International Airport,Sacramento,US,38.6954,-121.591003,27,America/Los_Angeles,large_airport
SMI,LGSM,Samos Airport,Samos Island,GR,37.689999,26.911699,19,Europe/Athens,medium_airport
SML,MYLS,Stella Maris Airport,Stella Maris,BS,23.582317,-75.268621,10,America/Nassau,medium_airport
SMN,KSMN,Lemhi County Airport,Salmon,US,45.122233,-113.88196,4043,America/Denver,medium_airport
SMO,KSMO,Santa Monica Municipal Airport,Santa Monica,US,34.0158,-118.450996,170,America/Los_Angeles,medium_airport
SMR,SKSM,Simón Bolívar International Airport,Santa Marta,CO,11.1196,-74.2306,22,America/Bogota,medium_airport
SMS,FMMS,Sainte Marie Airport,Vohilava,MG,-17.093901,49.8158,7,Indian/Antananarivo,medium_airport
SMV,LSZS,Samedan Airport,Samedan,CH,46.5341,9.88411,5600,Europe/Zurich,medium_airport
SMW,GMMA,Smara Airport,Smara,EH,26.731987,-11.683655,350,Africa/Casablanca,medium_airport
SMX,KSMX,Santa Maria Public Airport Captain G Allan Hancock Field,Santa Maria,US,34.898899,-120.457001,261,America/Los_Angeles,medium_airport
SNA,KSNA,John Wayne Orange County International Airport,Santa Ana,US,33.675701,-117.867996,56,America/Los_Angeles,large_airport
SNB,,Snake Bay Airport,Milikapiti,AU,-11.417674,130.648481,173,Australia/Darwin,medium_airport
SNC,SESA,General Ulpiano Paez Airport,Salinas,EC,-2.210057,-80.985067,18,America/Guayaquil,medium_airport
SNE,GVSN,Preguiça Airport,Preguiça,CV,16.588852,-24.284132,669,Atlantic/Cape_Verde,medium_airport
SNF,SVSP,Sub Teniente Nestor Arias Airport,San Felipe,VE,10.2787,-68.755203,761,America/Caracas,medium_airport
SNJ,MUSJ,San Julián Air Base,Sandino,CU,22.100525,-84.157376,98,America/Havana,medium_airport
SNN,EINN,Shannon Airport,Shannon,IE,52.702,-8.92482,46,Europe/Dublin,large_airport
SNO,VTUI,Sakon Nakhon Airport,,TH,17.195100784301758,104.11900329589844,529,Asia/Bangkok,medium_airport
SNP,PASN,St Paul Island Airport,St Paul Island,US,57.166311,-170.222555,63,America/Adak,medium_airport
SNR,LFRZ,Saint-Nazaire-Montoir Airport,Saint-Nazaire/Montoir,FR,47.31142,-2.152634,13,Europe/Paris,medium_airport
SNS,KSNS,Salinas Municipal Airport,Salinas,US,36.662799835205,-121.60600280762,85,America/Los_Angeles,medium_airport
SNU,MUSC,Abel Santamaria Airport,Santa Clara,CU,22.492201,-79.943604,338,America/Havana,medium_airport
SNV,SVSE,Santa Elena de Uairén Airport,Santa Elena de Uairén,VE,4.554699,-61.145234,2938,America/Caracas,medium_airport
SNW,VYTD,Thandwe Airport,Thandwe,MM,18.4606990814209,94.30010223388672,20,Asia/Yangon,medium_airport
SNY,KSNY,Sidney Municipal Airport Lloyd W Carr Field,Sidney,US,41.101299,-102.985001,4313,America/Denver,medium_airport
SNZ,,Santa Cruz Air Force Base,Rio de Janeiro,BR,-22.9324,-43.719101,10,America/Sao_Paulo,medium_airport
SOB,LHSM,Hévíz–Balaton Airport,Sármellék,HU,46.686391,17.159084,408,Europe/Budapest,medium_airport
SOC,WAHQ,Adisumarmo Airport,Surakarta,ID,-7.516044,110.757492,421,Asia/Jakarta,medium_airport
SOF,LBSF,Sofia Airport,Sofia,BG,42.696357,23.417671,1742,Europe/Sofia,large_airport
SOJ,ENSR,Sørkjosen Airport,Sørkjosen,NO,69.786797,20.9594,16,Europe/Oslo,medium_airport
SOM,SVST,San Tomé Airport,El Tigre,VE,8.9451465606689,-64.151084899902,861,America/Caracas,medium_airport
SON,NVSS,Santo Pekoa International Airport,Luganville,VU,-15.505000114399998,167.220001221,184,Pacific/Efate,medium_airport
SOO,ESNY,Söderhamn Airport,Söderhamn,SE,61.261501,17.0991,88,Europe/Stockholm,medium_airport
SOQ,WASS,Domine Eduard Osok Airport,Sorong,ID,-0.894,131.287,10,Asia/Jayapura,medium_airport
SOT,EFSO,Sodankyla Airport,Sodankyla,FI,67.3949966431,26.6191005707,602,Europe/Helsinki,medium_airport
SOU,EGHI,Southampton Airport,Southampton,GB,50.950298,-1.3568,44,Europe/London,medium_airport
SOW,KSOW,Show Low Regional Airport,Show Low,US,34.264062,-110.007091,6415,America/Phoenix,medium_airport
SOZ,LFKS,Solenzara (BA 126) Air Base,Solenzara,FR,41.9244,9.406,28,Europe/Paris,medium_airport
SPC,GCLA,La Palma Airport,"Sta Cruz de la Palma, La Palma Island",ES,28.626499,-17.7556,107,Atlantic/Canary,medium_airport
SPD,VGSD,Saidpur Airport,Saidpur,BD,25.759199,88.908897,125,Asia/Dhaka,medium_airport
SPI,KSPI,Abraham Lincoln Capital Airport,Springfield,US,39.844101,-89.677902,598,America/Chicago,medium_airport
SPM,ETAD,Spangdahlem Air Base,Trier,DE,49.976507,6.698413,1197,Europe/Berlin,medium_airport
SPN,PGSN,Saipan International Airport,"I Fadang, Saipan",MP,15.119,145.729004,215,Pacific/Saipan,medium_airport
SPP,FNME,Menongue Airport,Menongue,AO,-14.657600402832031,17.71980094909668,4469,Africa/Luanda,medium_airport
SPR,,John Greif II Airport,San Pedro,BZ,17.9139,-87.9711,4,N/A,medium_airport
SPS,KSPS,Wichita Falls Municipal Airport / Sheppard Air Force Base,Wichita Falls,US,33.9888,-98.491898,1019,America/Chicago,medium_airport
SPU,LDSP,Split Airport,Kaštel Štafilić,HR,43.538898,16.298,79,Europe/Zagreb,medium_airport
SPX,HESX,Sphinx International Airport,Al Jiza,EG,30.108179,30.895728,510,Africa/Cairo,medium_airport
SPY,DISP,San Pedro Airport,,CI,4.74672,-6.66082,26,Africa/Abidjan,medium_airport
SQD,ZSSR,Shangrao Sanqingshan Airport,Shangrao (Hengfeng),CN,28.3797,117.9643,340,Asia/Shanghai,medium_airport
SQG,WIOS,Tebelian Airport,Sintang,ID,-0.045214,111.458049,97,N/A,medium_airport
SQJ,ZSSM,Sanming Shaxian Airport,Sanming (Sha),CN,26.4263,117.8336,830,Asia/Shanghai,medium_airport
SQL,KSQL,San Carlos Airport,San Carlos,US,37.51313,-122.250838,5,America/Los_Angeles,medium_airport
SQO,ESUD,Storuman Airport,Storuman,SE,64.960899,17.6966,915,Europe/Stockholm,medium_airport
SQQ,EYSA,Šiauliai International Airport,Šiauliai,LT,55.89390182495117,23.395000457763672,443,Europe/Vilnius,medium_airport
SQW,EKSV,Skive Airport,Skive,DK,56.550201,9.17298,74,Europe/Copenhagen,medium_airport
SRE,SLAL,Alcantarí Airport,Sucre,BO,-19.246835,-65.149611,10184,America/La_Paz,medium_airport
SRG,WAHS,Achmad Yani Airport,Semarang,ID,-6.970732,110.373244,10,Asia/Jakarta,medium_airport
SRP,ENSO,"Stord Airport, Sørstokken",Leirvik,NO,59.791901,5.34085,160,Europe/Oslo,medium_airport
SRQ,KSRQ,Sarasota Bradenton International Airport,Sarasota/Bradenton,US,27.394631,-82.554359,30,America/New_York,large_airport
SRT,HUSO,Soroti Airport,Soroti,UG,1.7276899814605713,33.622798919677734,3697,Africa/Kampala,medium_airport
SRX,HLGD,Sirt International Airport / Ghardabiya Airbase,Sirt,LY,31.063499,16.594999,267,Africa/Tripoli,medium_airport
SRY,OINZ,Sari Dasht-e Naz International Airport,Sari,IR,36.644408,53.188761,35,Asia/Tehran,medium_airport
SRZ,SLET,El Trompillo Airport,Santa Cruz,BO,-17.8115997314,-63.1715011597,1371,America/La_Paz,medium_airport
SSA,SBSV,Deputado Luiz Eduardo Magalhães International Airport,Salvador,BR,-12.908611,-38.322498,64,America/Bahia,large_airport
SSC,KSSC,Shaw Air Force Base,Sumter,US,33.972698,-80.470596,241,America/New_York,medium_airport
SSE,VASL,Solapur Airport,Solapur,IN,17.6280002594,75.93479919430001,1584,Asia/Kolkata,medium_airport
SSF,KSSF,Stinson Municipal Airport,San Antonio,US,29.336999893188,-98.471099853516,577,America/Chicago,medium_airport
SSG,FGSL,Malabo Airport,Malabo,GQ,3.755270004272461,8.708720207214355,76,Africa/Malabo,medium_airport
SSH,HESH,Sharm El Sheikh International Airport,Sharm El Sheikh,EG,27.977272,34.394717,191,Africa/Cairo,large_airport
SSI,KSSI,St Simons Island Airport,St Simons Island,US,31.1518,-81.391296,19,America/New_York,medium_airport
SSJ,ENST,"Sandnessjøen Airport, Stokka",Alstahaug,NO,65.956802,12.4689,56,Europe/Oslo,medium_airport
SSN,,Seoul Air Base (K-16),Seongnam,KR,37.444744,127.112718,92,Asia/Seoul,medium_airport
SST,SAZL,Santa Teresita Airport,Santa Teresita,AR,-36.5423,-56.7218,9,America/Argentina/Buenos_Aires,medium_airport
SSY,FNBC,Mbanza Congo Airport,Mbanza Congo,AO,-6.269899845123291,14.246999740600586,1860,Africa/Luanda,medium_airport
SSZ,SBST,Santos Nero Moura Air Base / Guarujá Airport,Guarujá,BR,-23.928192,-46.300195,13,America/Sao_Paulo,medium_airport
STA,EKVJ,Stauning Vestjylland  Airport,Skjern,DK,55.990101,8.35391,17,Europe/Copenhagen,medium_airport
STB,SVSZ,Miguel Urdaneta Fernández Airport,San Carlos del Zulia,VE,8.97455,-71.943253,32,America/Caracas,medium_airport
STC,KSTC,Saint Cloud Regional Airport,Saint Cloud,US,45.5466,-94.059898,1031,America/Chicago,medium_airport
STD,SVSO,Mayor Buenaventura Vivas International Airport,Santo Domingo,VE,7.56538,-72.035103,1083,America/Caracas,medium_airport
STG,PAPB,St George Airport,St George,US,56.577345,-169.663823,125,America/Anchorage,medium_airport
STI,MDST,Cibao International Airport,Santiago,DO,19.406099319458008,-70.60469818115234,565,America/Santo_Domingo,medium_airport
STJ,KSTJ,Rosecrans Memorial Airport,St Joseph,US,39.771900177002,-94.909698486328,826,America/Chicago,medium_airport
STL,KSTL,St. Louis Lambert International Airport,St Louis,US,38.748697,-90.370003,618,America/Chicago,large_airport
STM,SBSN,Santarém - Maestro Wilson Fonseca International Airport,Santarém,BR,-2.422423,-54.79306,198,America/Belem,medium_airport
STN,EGSS,London Stansted Airport,London,GB,51.884998,0.235,348,Europe/London,large_airport
STP,KSTP,Saint Paul Downtown Holman Field,Saint Paul,US,44.93479,-93.060036,705,America/Chicago,medium_airport
STR,EDDS,Stuttgart Airport,Stuttgart,DE,48.689899,9.22196,1276,Europe/Berlin,large_airport
STS,KSTS,Charles M. Schulz Sonoma County Airport,Santa Rosa,US,38.50899887,-122.8130035,128,America/Los_Angeles,medium_airport
STT,TIST,Cyril E. King Airport,Charlotte Amalie,VI,18.337091,-64.977251,23,America/St_Thomas,medium_airport
STV,VASU,Surat Airport,Surat,IN,21.1141,72.741798,16,Asia/Kolkata,medium_airport
STW,URMT,Stavropol Shpakovskoye Airport,Stavropol,RU,45.10919952392578,42.11280059814453,1486,Europe/Moscow,medium_airport
STX,TISX,Henry E Rohlsen Airport,Christiansted,VI,17.701413,-64.802608,74,America/St_Thomas,medium_airport
STY,SUSO,Nueva Hesperides International Airport,Salto,UY,-31.438499,-57.985298,187,America/Montevideo,medium_airport
SUB,WARR,Juanda International Airport,Surabaya,ID,-7.37983,112.787003,9,Asia/Jakarta,large_airport
SUF,LICA,Lamezia Terme Sant'Eufemia International Airport,Lamezia Terme (CZ),IT,38.905197,16.243762,39,Europe/Rome,medium_airport
SUG,RPMS,Surigao Airport,Surigao City,PH,9.755838325629998,125.480947495,20,Asia/Manila,medium_airport
SUI,UGSS,Sukhumi Babushara /  Vladislav Ardzinba International Airport,Sukhumi,GE,42.8582,41.128101,53,Asia/Tbilisi,medium_airport
SUJ,LRSM,Satu Mare International Airport,Satu Mare,RO,47.7033,22.8857,405,Europe/Bucharest,medium_airport
SUL,OPSU,Sui Airport,Sui,PK,28.645099639892578,69.1769027709961,763,Asia/Karachi,medium_airport
SUN,KSUN,Friedman Memorial Airport,Hailey,US,43.50439835,-114.2959976,5318,America/Denver,medium_airport
SUS,KSUS,Spirit of St Louis Airport,St Louis,US,38.662102,-90.652,463,America/Chicago,medium_airport
SUU,KSUU,Travis Air Force Base,Fairfield,US,38.262699,-121.927002,62,America/Los_Angeles,medium_airport
SUV,NFNA,Nausori International Airport,Nausori,FJ,-18.04330062866211,178.5590057373047,17,Pacific/Fiji,medium_airport
SUX,KSUX,Sioux Gateway Airport / Brigadier General Bud Day Field,Sioux City,US,42.397605,-96.382237,1098,America/Chicago,medium_airport
SVA,PASA,Savoonga Airport,Savoonga,US,63.686401,-170.492996,53,America/Anchorage,medium_airport
SVB,FMNS,Sambava Airport,Sambava,MG,-14.2786,50.174702,20,Indian/Antananarivo,medium_airport
SVC,KSVC,Grant County Airport,Silver City,US,32.636701,-108.154736,5446,America/Denver,medium_airport
SVD,TVSA,Argyle International Airport,Kingstown,VC,13.156695,-61.149945,136,America/St_Vincent,medium_airport
SVG,ENZV,"Stavanger Airport, Sola",Stavanger,NO,58.876701,5.63778,29,Europe/Oslo,large_airport
SVI,SKSV,Eduardo Falla Solano Airport,San Vicente Del Caguán,CO,2.15217,-74.7663,920,America/Bogota,medium_airport
SVJ,ENSH,"Svolvær Airport, Helle",Svolvær,NO,68.243301,14.6692,27,Europe/Oslo,medium_airport
SVL,EFSA,Savonlinna Airport,Savonlinna,FI,61.9431,28.945101,311,Europe/Helsinki,medium_airport
SVN,KSVN,Hunter Army Air Field,Savannah,US,32.00999832,-81.14569855,41,America/New_York,medium_airport
SVO,UUEE,Sheremetyevo International Airport,Moscow,RU,55.972599,37.4146,622,Europe/Moscow,large_airport
SVP,FNKU,Kuito Airport,Kuito,AO,-12.404600143433,16.947399139404,5618,Africa/Luanda,medium_airport
SVQ,LEZL,Sevilla Airport,Sevilla,ES,37.417999,-5.89311,112,Europe/Madrid,medium_airport
SVW,PASV,Sparrevohn LRRS Airport,Sparrevohn,US,61.09740067,-155.5740051,1585,America/Anchorage,medium_airport
SVX,USSS,Koltsovo Airport,Yekaterinburg,RU,56.743099212646,60.802700042725,764,Asia/Yekaterinburg,large_airport
SVZ,SVSA,Juan Vicente Gómez International Airport,San Antonio del Tachira,VE,7.840809,-72.439878,1312,America/Caracas,medium_airport
SWA,ZGOW,Jieyang Chaoshan International Airport,Jieyang (Rongcheng),CN,23.552,116.5033,,Asia/Shanghai,medium_airport
SWC,YSWL,Stawell Airport,,AU,-37.07170104980469,142.74099731445312,807,Australia/Melbourne,medium_airport
SWD,PAWD,Seward Airport,Seward,US,60.130478,-149.418612,22,America/Anchorage,medium_airport
SWF,KSWF,New York Stewart International Airport,Newburgh,US,41.504101,-74.104797,491,America/New_York,medium_airport
SWH,YSWH,Swan Hill Airport,,AU,-35.37580108642578,143.5330047607422,234,Australia/Melbourne,medium_airport
SWO,KSWO,Stillwater Regional Airport,Stillwater,US,36.162132,-97.085581,1000,America/Chicago,medium_airport
SWS,EGFH,Swansea Airport,Swansea,GB,51.601366,-4.071006,299,Europe/London,medium_airport
SWT,UNSS,Strezhevoy Airport,Strezhevoy,RU,60.7094,77.660004,164,Asia/Krasnoyarsk,medium_airport
SWU,RKSW,Suwon Airport,Suwon,KR,37.239399,127.007004,88,Asia/Seoul,medium_airport
SWV,UHMW,Severo-Evensk Airport,Evensk,RU,61.921786,159.229059,32,Asia/Srednekolymsk,medium_airport
SXB,LFST,Strasbourg Airport,Strasbourg,FR,48.538299560546875,7.628230094909668,505,Europe/Paris,medium_airport
SXE,YWSL,West Sale Airport,Sale,AU,-38.090827,146.965335,72,Australia/Melbourne,medium_airport
SXI,OIBS,Siri Airport,Siri,IR,25.908899,54.539398,43,Asia/Tehran,medium_airport
SXJ,ZWSS,Shanshan Airport,Shanshan,CN,42.911701,90.247498,,Asia/Shanghai,medium_airport
SXL,EISG,Sligo Airport,Sligo,IE,54.280200958252,-8.5992097854614,11,Europe/Dublin,medium_airport
SXM,TNCM,Princess Juliana International Airport,Sint Maarten,SX,18.041,-63.108898,13,America/Lower_Princes,large_airport
SXN,FBSN,Sua Pan Airport,Sowa,BW,-20.5534,26.115801,2985,Africa/Gaborone,medium_airport
SXQ,PASX,Soldotna Airport,Soldotna,US,60.474935,-151.038471,113,America/Anchorage,medium_airport
SXR,VISR,Sheikh ul Alam International Airport,Srinagar,IN,33.987099,74.7742,5429,Asia/Kolkata,medium_airport
SXV,VOSM,Salem Airport,Salem,IN,11.78330039978,78.06559753418,1008,Asia/Kolkata,medium_airport
SXZ,LTCL,Siirt Airport,Siirt,TR,37.97890090942383,41.84040069580078,2001,Europe/Istanbul,medium_airport
SYA,PASY,Eareckson Air Station,Shemya,US,52.71229935,174.1139984,95,America/Adak,medium_airport
SYD,YSSY,Sydney Kingsford Smith International Airport,Sydney (Mascot),AU,-33.946098,151.177002,21,Australia/Sydney,large_airport
SYJ,OIKY,Sirjan Airport,Sirjan,IR,29.5509,55.672699,5846,Asia/Tehran,medium_airport
SYO,RJSY,Shonai Airport,Shonai,JP,38.812199,139.787003,86,Asia/Tokyo,medium_airport
SYP,MPSA,Ruben Cantu Airport,Santiago,PA,8.085599899291992,-80.94529724121094,272,America/Panama,medium_airport
SYQ,MRPV,Tobías Bolaños International Airport,San Jose,CR,9.95705,-84.139801,3287,America/Costa_Rica,medium_airport
SYR,KSYR,Syracuse Hancock International Airport,Syracuse,US,43.11119842529297,-76.1063003540039,421,America/New_York,large_airport
SYS,UERS,Saskylakh Airport,Saskylakh,RU,71.927902,114.080002,,Asia/Yakutsk,medium_airport
SYT,LFLN,Saint-Yan Airport,"L'Hôpital-le-Mercier, Saône-et-Loire",FR,46.414019,4.014177,796,Europe/Paris,medium_airport
SYW,OPSN,Sehwan Sharif Airport,Sehwan Sharif,PK,26.473101,67.717201,121,Asia/Karachi,medium_airport
SYX,ZJSY,Sanya Phoenix International Airport,Sanya (Tianya),CN,18.3029,109.412003,92,Asia/Shanghai,large_airport
SYY,EGPO,Stornoway Airport,"Stornoway, Western Isles",GB,58.215599,-6.33111,26,Europe/London,medium_airport
SYZ,OISS,Shiraz Shahid Dastghaib International Airport,Shiraz,IR,29.5392,52.589802,4927,Asia/Tehran,large_airport
SZA,FNSO,Soyo Airport,Soyo,AO,-6.141089916229248,12.371800422668457,15,Africa/Luanda,medium_airport
SZB,WMSA,Sultan Abdul Aziz Shah International Airport,Subang,MY,3.130579948425293,101.54900360107422,90,Asia/Kuala_Lumpur,medium_airport
SZF,LTFH,Samsun-Çarşamba Airport,Samsun,TR,41.253988,36.567546,18,Europe/Istanbul,medium_airport
SZG,LOWS,Salzburg Airport,Salzburg,AT,47.793301,13.0043,1411,Europe/Vienna,medium_airport
SZJ,MUSN,Siguanea Airport,Isla de la Juventud,CU,21.6425,-82.955101,39,America/Havana,medium_airport
SZK,FASZ,Skukuza Airport,Skukuza,ZA,-24.960899353,31.5886993408,1020,Africa/Johannesburg,medium_airport
SZL,KSZL,Whiteman Air Force Base,Knob Noster,US,38.730301,-93.547897,870,America/Chicago,medium_airport
SZV,ZSSZ,Suzhou Guangfu Airport,Suzhou,CN,31.2631,120.401001,,Asia/Shanghai,medium_airport
SZX,ZGSZ,Shenzhen Bao'an International Airport,Shenzhen (Bao'an),CN,22.639299,113.810997,13,Asia/Shanghai,large_airport
SZY,EPSY,Olsztyn-Mazury Airport,Szymany,PL,53.481899,20.9377,463,Europe/Warsaw,medium_airport
SZZ,EPSC,Solidarity Szczecin–Goleniów Airport,Glewice,PL,53.584702,14.9022,154,Europe/Warsaw,medium_airport
TAB,TTCP,A.N.R. Robinson International Airport,Scarborough,TT,11.1497,-60.832199,38,America/Port_of_Spain,medium_airport
TAC,RPVA,Daniel Z. Romualdez Airport,Tacloban City,PH,11.227761,125.027783,10,Asia/Manila,medium_airport
TAE,RKTN,Daegu Airport,Daegu,KR,35.896872,128.65531,116,Asia/Seoul,medium_airport
TAF,DAOL,Oran Tafraoui Airport,Tafraoui,DZ,35.5424,-0.532278,367,Africa/Algiers,medium_airport
TAG,RPSP,Bohol-Panglao International Airport,Panglao,PH,9.573045,123.770143,42,Asia/Manila,medium_airport
TAH,NVVW,Whitegrass Airport,Tanna Island,VU,-19.455099,169.223999,19,Pacific/Efate,medium_airport
TAI,OYTZ,Ta'izz International Airport,Ta'izz,YE,13.6859998703,44.139099121099996,4838,Asia/Aden,medium_airport
TAK,RJOT,Takamatsu Airport,Takamatsu,JP,34.214199066199996,134.01600647,607,Asia/Tokyo,medium_airport
TAM,MMTM,General Francisco Javier Mina International Airport,Tampico,MX,22.2964000702,-97.8658981323,80,America/Mexico_City,medium_airport
TAO,ZSQD,Qingdao Jiaodong International Airport,Qingdao (Jiaozhou),CN,36.361953,120.088171,30,Asia/Shanghai,large_airport
TAP,MMTP,Tapachula International Airport,Tapachula,MX,14.794549,-92.369871,97,America/Mexico_City,medium_airport
TAR,LIBG,Taranto-Grottaglie Marcello Arlotta Airport,Grottaglie,IT,40.517502,17.4032,215,Europe/Rome,medium_airport
TAS,UZTT,Tashkent International Airport,Tashkent,UZ,41.2579,69.281197,1417,Asia/Samarkand,large_airport
TAT,LZTT,Poprad-Tatry Airport,Poprad,SK,49.073601,20.2411,2356,Europe/Bratislava,medium_airport
TAY,EETU,Tartu Airport,Reola,EE,58.307438,26.686473,220,Europe/Tallinn,medium_airport
TAZ,UTAT,Daşoguz Airport,Daşoguz,TM,41.759853,59.836149,272,Asia/Ashgabat,medium_airport
TBB,VVTH,Dong Tac Airport,Tuy Hoa,VN,13.0496,109.334,20,Asia/Ho_Chi_Minh,medium_airport
TBF,NGTE,Tabiteuea North Airport,,KI,-1.22447,174.776001,7,Pacific/Tarawa,medium_airport
TBH,RPVU,Tugdan Airport,Tablas Island,PH,12.3109998703,122.084999084,10,Asia/Manila,medium_airport
TBI,MYCB,New Bight Airport,Cat Island,BS,24.3153,-75.452301,5,America/Nassau,medium_airport
TBJ,DTKA,Tabarka-Aïn Draham International Airport,Tabarka,TN,36.98,8.87694,230,Africa/Tunis,medium_airport
TBN,KTBN,Waynesville-St. Robert Regional Airport-Forney Field,Fort Leonard Wood,US,37.7416,-92.140701,1159,America/Chicago,medium_airport
TBP,SPME,Captain Pedro Canga Rodríguez International Airport,Tumbes,PE,-3.552074,-80.381086,115,America/Lima,medium_airport
TBS,UGTB,Tbilisi International Airport,Tbilisi,GE,41.669201,44.9547,1624,Asia/Tbilisi,large_airport
TBT,SBTT,Tabatinga Airport,Tabatinga,BR,-4.25567,-69.935799,263,America/Porto_Velho,medium_airport
TBU,NFTF,Fua'amotu International Airport,Nuku'alofa,TO,-21.241199493408203,-175.14999389648438,126,Pacific/Tongatapu,medium_airport
TBW,UUOT,Donskoye Airport,Tambov,RU,52.806099,41.4828,413,Europe/Moscow,medium_airport
TBZ,OITT,Tabriz International Airport,Tabriz,IR,38.1339,46.235001,4459,Asia/Tehran,medium_airport
TCA,YTNK,Tennant Creek Airport,Tennant Creek,AU,-19.6343994140625,134.18299865722656,1236,Australia/Darwin,medium_airport
TCB,MYAT,Treasure Cay Airport,Treasure Cay,BS,26.745300293,-77.3912963867,8,America/Nassau,medium_airport
TCC,KTCC,Tucumcari Municipal Airport,Tucumcari,US,35.182800293,-103.602996826,4065,America/Denver,medium_airport
TCE,LRTC,Tulcea Danube Delta Airport,Mihail Kogălniceanu,RO,45.0625,28.7143,200,Europe/Bucharest,medium_airport
TCL,KTCL,Tuscaloosa National Airport,Tuscaloosa,US,33.2206,-87.611397,170,America/Chicago,medium_airport
TCM,KTCM,McChord Air Force Base,Tacoma,US,47.137699,-122.475998,322,America/Los_Angeles,medium_airport
TCO,SKCO,La Florida Airport,Tumaco,CO,1.81442,-78.7492,8,America/Bogota,medium_airport
TCP,HETB,Taba International Airport,Taba,EG,29.594496,34.775752,2425,Africa/Cairo,medium_airport
TCQ,SPTN,Coronel FAP Carlos Ciriani Santa Rosa International Airport,Tacna,PE,-18.053300857500002,-70.2758026123,1538,America/Lima,medium_airport
TCS,KTCS,Truth or Consequences Municipal Airport,Truth or Consequences,US,33.2369,-107.272003,4853,America/Denver,medium_airport
TCX,OIMT,Tabas Airport,Tabas,IR,33.667801,56.8927,2312,Asia/Tehran,medium_airport
TCZ,ZPTC,Tengchong Tuofeng Airport,Baoshan (Tengchong),CN,24.938056,98.485833,6250,Asia/Shanghai,medium_airport
TDD,SLTR,Teniente Av. Jorge Henrich Arauz Airport,Trinidad,BO,-14.8187,-64.917999,509,America/La_Paz,medium_airport
TDG,RPMW,Tandag Airport,Tandag,PH,9.072002,126.17132,16,Asia/Manila,medium_airport
TDK,,Taldykorgan Airport,Taldykorgan,KZ,45.12255,78.442758,1925,Asia/Almaty,medium_airport
TDL,SAZT,Héroes de Malvinas Airport,Tandil,AR,-37.234634,-59.228647,574,America/Argentina/Buenos_Aires,medium_airport
TDX,VTBO,Trat Airport,Laem Ngop,TH,12.2746,102.319,105,Asia/Bangkok,medium_airport
TEA,MHTE,Tela Airport,Tela,HN,15.7759,-87.4758,7,America/Tegucigalpa,medium_airport
TEB,KTEB,Teterboro Airport,Teterboro,US,40.850101,-74.060799,9,America/New_York,medium_airport
TEC,,Telêmaco Borba Airport,Telêmaco Borba,BR,-24.317801,-50.6516,2610,America/Sao_Paulo,medium_airport
TED,EKTS,Thisted Airport,Thisted,DK,57.068802,8.70522,23,Europe/Copenhagen,medium_airport
TEE,DABS,Cheikh Larbi Tébessi Airport,Tébessi,DZ,35.4315986633,8.12071990967,2661,Africa/Algiers,medium_airport
TEF,YTEF,Telfer Airport,,AU,-21.715,122.228996,970,Australia/Perth,medium_airport
TEM,YTEM,Temora Airport,Temora,AU,-34.421398,147.511993,921,Australia/Sydney,medium_airport
TEN,ZUTR,Tongren Fenghuang Airport,Tongren (Daxing),CN,27.883333,109.308889,,Asia/Shanghai,medium_airport
TEQ,LTBU,Tekirdağ Çorlu Airport,Çorlu,TR,41.13819885253906,27.919099807739258,574,Europe/Istanbul,medium_airport
TER,LPLA,Lajes Airport,Praia da Vitória,PT,38.761799,-27.090799,180,Atlantic/Azores,medium_airport
TET,FQTT,Chingozi Airport,Tete,MZ,-16.104799270629883,33.640201568603516,525,Africa/Maputo,medium_airport
TEU,NZMO,Manapouri Airport,,NZ,-45.5331,167.649994,687,Pacific/Auckland,medium_airport
TEV,LETL,Teruel Airport,Teruel,ES,40.410269,-1.217366,3380,Europe/Madrid,medium_airport
TEX,KTEX,Telluride Regional Airport,Telluride,US,37.9538,-107.907997,9070,America/Denver,medium_airport
TEZ,VETZ,Tezpur Airport,,IN,26.7091007232666,92.78469848632812,240,Asia/Kolkata,medium_airport
TFF,SBTF,Tefé Airport,Tefé,BR,-3.38294,-64.724098,186,America/Boa_Vista,medium_airport
TFN,GCXO,Tenerife Norte-Ciudad de La Laguna Airport,Tenerife,ES,28.4827,-16.341499,2076,Atlantic/Canary,medium_airport
TFS,GCTS,Tenerife Sur Airport,Tenerife,ES,28.0445,-16.5725,209,Atlantic/Canary,large_airport
TFU,ZUTF,Chengdu Tianfu International Airport,Chengdu (Jianyang),CN,30.31252,104.441284,1440,Asia/Shanghai,large_airport
TGA,WSAT,Tengah Air Base,Western Water Catchment,SG,1.387561,103.708291,50,Asia/Singapore,medium_airport
TGD,LYPG,Podgorica Airport / Podgorica Golubovci Airbase,Podgorica,ME,42.359402,19.2519,141,Europe/Podgorica,large_airport
TGG,WMKN,Sultan Mahmud Airport,Kuala Terengganu,MY,5.3826398849487305,103.10299682617188,21,Asia/Kuala_Lumpur,medium_airport
TGJ,NWWA,Tiga Airport,Tiga,NC,-21.096407,167.80379,128,Pacific/Noumea,medium_airport
TGK,URRT,Taganrog Yuzhny Airport,Taganrog,RU,47.1983333,38.8491667,117,Europe/Moscow,medium_airport
TGM,LRTM,Târgu Mureş Transilvania International Airport,Recea,RO,46.467701,24.4125,963,Europe/Bucharest,medium_airport
TGN,YLTV,Latrobe Valley Airport,Morwell,AU,-38.211004,146.470817,180,Australia/Melbourne,medium_airport
TGO,ZBTL,Tongliao Airport,Tongliao,CN,43.556702,122.199997,2395,Asia/Shanghai,medium_airport
TGP,UNIP,Podkamennaya Tunguska Airport,Bor,RU,61.589699,89.994003,213,Asia/Krasnoyarsk,medium_airport
TGR,DAUK,Touggourt Sidi Madhi Airport,Touggourt,DZ,33.067799,6.08867,279,Africa/Algiers,medium_airport
TGT,HTTG,Tanga Airport,Tanga,TZ,-5.09236,39.071201,129,Africa/Dar_es_Salaam,medium_airport
TGU,MHTG,Toncontín International Airport,Tegucigalpa,HN,14.0609,-87.217201,3294,America/Tegucigalpa,medium_airport
TGZ,MMTG,Angel Albino Corzo International Airport,Tuxtla Gutiérrez,MX,16.5636005402,-93.02249908450001,1499,America/Mexico_City,medium_airport
THE,SBTE,Senador Petrônio Portela Airport,Teresina,BR,-5.06025,-42.823712,219,America/Fortaleza,medium_airport
THG,YTNG,Thangool Airport,Biloela,AU,-24.494863,150.577967,644,N/A,medium_airport
THL,VYTL,Tachileik Airport,Tachileik,MM,20.483800888061523,99.9354019165039,1280,Asia/Yangon,medium_airport
THN,ESGT,Trollhättan-Vänersborg Airport,Trollhättan,SE,58.31809997558594,12.345000267028809,137,Europe/Stockholm,medium_airport
THQ,ZLTS,Tianshui Maijishan Airport,Tianshui (Maiji),CN,34.5601,105.860343,3590,Asia/Shanghai,medium_airport
THR,OIII,Mehrabad International Airport,Tehran,IR,35.68920135498047,51.31340026855469,3962,Asia/Tehran,large_airport
THS,VTPO,Sukhothai Airport,,TH,17.238000869750977,99.81819915771484,179,Asia/Bangkok,medium_airport
THU,BGTL,Pituffik Space Base,Pituffik,GL,76.531197,-68.703201,251,America/Thule,medium_airport
THZ,DRRT,Tahoua Airport,Tahoua,NE,14.8757,5.26536,1266,Africa/Niamey,medium_airport
TIA,LATI,Tirana International Airport Mother Teresa,Rinas,AL,41.4147,19.7206,126,Europe/Tirane,large_airport
TID,DAOB,Abdelhafid Boussouf Bou Chekif Airport,Tiaret,DZ,35.341099,1.46315,3245,Africa/Algiers,medium_airport
TIF,OETF,Ta’if Regional Airport,Ta’if,SA,21.483001,40.543442,4848,Asia/Riyadh,medium_airport
TIH,NTGC,Tikehau Airport,Tuherahera,PF,-15.1196,-148.231003,6,Pacific/Tahiti,medium_airport
TIJ,MMTJ,General Abelardo L. Rodriguez International Airport,Tijuana,MX,32.541043,-116.969976,489,America/Tijuana,large_airport
TIK,KTIK,Tinker Air Force Base,Oklahoma City,US,35.4147,-97.386597,1291,America/Chicago,medium_airport
TIM,,Mozes Kilangin Airport,Timika,ID,-4.52978,136.887388,103,Asia/Jayapura,medium_airport
TIN,DAOF,Tindouf Airport,Tindouf,DZ,27.7003993988,-8.167099952700001,1453,Africa/Algiers,medium_airport
TIQ,PGWT,Tinian International Airport,Tinian Island,MP,14.998101,145.61923,271,Pacific/Saipan,medium_airport
TIU,NZTU,Timaru Airport,,NZ,-44.302799224853516,171.22500610351562,89,Pacific/Auckland,medium_airport
TIV,LYTV,Tivat Airport,Tivat,ME,42.404701232910156,18.72330093383789,20,Europe/Podgorica,medium_airport
TIW,KTIW,Tacoma Narrows Airport,Tacoma,US,47.267407,-122.577295,294,America/Los_Angeles,medium_airport
TIX,KTIX,Space Coast Regional Airport,Titusville,US,28.514799118042,-80.799201965332,34,America/New_York,medium_airport
TJA,SLTJ,Capitan Oriel Lea Plaza Airport,Tarija,BO,-21.5557,-64.701302,6079,America/La_Paz,medium_airport
TJG,WAON,Warukin Airport,Tanta-Tabalong,ID,-2.21656,115.435997,197,Asia/Makassar,medium_airport
TJH,RJBT,Konotori Tajima Airport,Toyooka,JP,35.512798,134.787003,584,Asia/Tokyo,medium_airport
TJI,MHTJ,Trujillo Airport,Trujillo,HN,15.926599,-85.938573,3,America/Tegucigalpa,medium_airport
TJK,LTAW,Tokat Airport,Tokat,TR,40.32472,36.39056,1859,Europe/Istanbul,medium_airport
TJM,USTR,Roshchino International Airport,Tyumen,RU,57.178984,65.327696,378,Asia/Yekaterinburg,medium_airport
TJU,UTDK,Kulob Airport,Kulyab,TJ,37.98809814453125,69.80500030517578,2293,Asia/Dushanbe,medium_airport
TKA,PATK,Talkeetna Airport,Talkeetna,US,62.320499420166,-150.09399414062,358,America/Anchorage,medium_airport
TKC,FKKC,Tiko Airport,Tiko,CM,4.08919000626,9.360529899600001,151,Africa/Douala,medium_airport
TKD,DGTK,Takoradi Airport,Sekondi-Takoradi,GH,4.896059989929199,-1.7747600078582764,21,Africa/Accra,medium_airport
TKF,KTRK,Truckee Tahoe Airport,Truckee,US,39.318628,-120.140562,5900,America/Los_Angeles,medium_airport
TKG,WILL,Radin Inten II International Airport,Bandar Lampung,ID,-5.246803,105.182531,282,Asia/Jakarta,medium_airport
TKH,VTPI,Takhli Airport,,TH,15.277299881,100.29599762,107,Asia/Bangkok,medium_airport
TKK,PTKK,Chuuk International Airport,Weno Island,FM,7.461870193481445,151.84300231933594,11,Pacific/Chuuk,medium_airport
TKN,RJKN,Tokunoshima Airport,Amagi,JP,27.836382,128.881356,17,Asia/Tokyo,medium_airport
TKP,NTGT,Takapoto Airport,,PF,-14.709500312805176,-145.24600219726562,12,Pacific/Tahiti,medium_airport
TKS,RJOS,Tokushima Awaodori Airport / JMSDF Tokushima Air Base,Tokushima,JP,34.132801,134.606995,26,Asia/Tokyo,medium_airport
TKT,VTPT,Tak Airport,,TH,16.896,99.253304,478,Asia/Bangkok,medium_airport
TKU,EFTU,Turku Airport,Turku,FI,60.514099,22.2628,161,Europe/Helsinki,medium_airport
TKX,NTKR,Takaroa Airport,,PF,-14.45580005645752,-145.02499389648438,13,Pacific/Tahiti,medium_airport
TLC,MMTO,Adolfo López Mateos International Airport,Toluca,MX,19.3369,-99.56583,8466,America/Mexico_City,medium_airport
TLE,FMST,Toliara Airport,Toliara,MG,-23.3834,43.7285,29,Indian/Antananarivo,medium_airport
TLH,KTLH,Tallahassee Regional Airport,Tallahassee,US,30.3965,-84.350304,81,America/New_York,medium_airport
TLJ,PATL,Tatalina LRRS Airport,Takotna,US,62.894401550299996,-155.977005005,964,America/Anchorage,medium_airport
TLL,EETN,Lennart Meri Tallinn Airport,Tallinn,EE,59.413246,24.83264,131,Europe/Tallinn,large_airport
TLM,DAON,Zenata – Messali El Hadj Airport,Zenata,DZ,35.013426,-1.457191,814,Africa/Algiers,medium_airport
TLN,LFTH,Toulon-Hyères Airport,"Hyères, Var",FR,43.097301,6.14603,7,Europe/Paris,medium_airport
TLQ,ZWTL,Turpan Jiaohe Airport,Turpan,CN,43.0308,89.0987,934,Asia/Shanghai,medium_airport
TLS,LFBO,Toulouse-Blagnac Airport,Toulouse/Blagnac,FR,43.629101,1.36382,499,Europe/Paris,large_airport
TLV,LLBG,Ben Gurion International Airport,Tel Aviv,IL,32.011398,34.8867,135,Asia/Jerusalem,large_airport
TLX,SCTL,Panguilemo Airport,Talca,CL,-35.3778,-71.6017,371,America/Santiago,medium_airport
TMB,KTMB,Miami Executive Airport,Miami,US,25.6479,-80.4328,8,America/New_York,medium_airport
TME,SKTM,Gustavo Vargas Airport,Tame,CO,6.45108,-71.7603,1050,America/Bogota,medium_airport
TMH,WAKT,Tanah Merah Airport,Tanah Merah,ID,-6.09669,140.303521,57,Asia/Jayapura,medium_airport
TMJ,UZST,Termez Airport,Termez,UZ,37.287261,67.311869,1027,Asia/Samarkand,medium_airport
TML,DGLE,Tamale Airport,Tamale,GH,9.55718994140625,-0.8632140159606934,553,Africa/Accra,medium_airport
TMM,FMMT,Toamasina Ambalamanasy Airport,Toamasina,MG,-18.109501,49.392502,22,Indian/Antananarivo,medium_airport
TMO,SVTM,Tumeremo Airport,,VE,7.24938,-61.52893,345,America/Caracas,medium_airport
TMP,EFTP,Tampere-Pirkkala Airport,Tampere / Pirkkala,FI,61.414101,23.604401,390,Europe/Helsinki,medium_airport
TMR,DAAT,Aguenar – Hadj Bey Akhamok Airport,Tamanrasset,DZ,22.811501,5.45108,4518,Africa/Algiers,medium_airport
TMS,FPST,São Tomé International Airport,São Tomé,ST,0.378175,6.71215,33,Africa/Sao_Tome,medium_airport
TMT,SBTB,Trombetas Airport,Oriximiná,BR,-1.4896,-56.396801,167,America/Belem,medium_airport
TMW,YSTW,Tamworth Airport,Tamworth,AU,-31.077898,150.845484,1334,Australia/Sydney,medium_airport
TMX,DAUT,Timimoun Airport,Timimoun,DZ,29.237101,0.276033,1027,Africa/Algiers,medium_airport
TNA,ZSJN,Jinan Yaoqiang International Airport,Jinan (Licheng),CN,36.857201,117.216003,76,Asia/Shanghai,large_airport
TND,MUTD,Alberto Delgado Airport,Trinidad,CU,21.7883,-79.9972,125,America/Havana,medium_airport
TNE,RJFG,New Tanegashima Airport,Tanegashima,JP,30.605100631699997,130.990997314,768,Asia/Tokyo,medium_airport
TNF,LFPN,Toussus-le-Noble Airport,"Toussus-le-Noble, Yvelines",FR,48.7519,2.10619,538,Europe/Paris,medium_airport
TNG,GMTT,Tangier Ibn Battuta Airport,Tangier,MA,35.731741,-5.921459,62,Africa/Casablanca,large_airport
TNH,ZYTN,Tonghua Sanyuanpu Airport,Tonghua,CN,42.048435,125.733963,1347,Asia/Shanghai,medium_airport
TNN,RCNN,Tainan International Airport / Tainan Air Base,Tainan (Rende),TW,22.950399,120.206001,63,Asia/Taipei,medium_airport
TNR,FMMI,Ivato Airport,Antananarivo,MG,-18.7969,47.478802,4198,Indian/Antananarivo,large_airport
TNW,SEJD,Jumandy Airport,Ahuano,EC,-1.060185,-77.580525,1234,N/A,medium_airport
TOD,WMBT,Tioman Airport,Tioman Island,MY,2.81818,104.160004,15,Asia/Kuala_Lumpur,medium_airport
TOE,DTTZ,Tozeur Nefta International Airport,Tozeur,TN,33.939701080322266,8.110560417175293,287,Africa/Tunis,medium_airport
TOF,UNTT,Bogashevo Airport,Tomsk,RU,56.380298614502,85.208297729492,597,Asia/Tomsk,medium_airport
TOI,KTOI,Troy Municipal Airport at N Kenneth Campbell Field,Troy,US,31.860399,-86.012101,398,America/Chicago,medium_airport
TOJ,LETO,Madrid–Torrejón Airport / Torrejón Air Base,Madrid,ES,40.487875,-3.456808,2026,Europe/Madrid,medium_airport
TOL,KTOL,Eugene F. Kranz Toledo Express Airport,Toledo,US,41.5868,-83.8078,683,America/New_York,medium_airport
TOM,GATB,Timbuktu Airport,Timbuktu,ML,16.730499,-3.00758,863,Africa/Bamako,medium_airport
TOP,KTOP,Philip Billard Municipal Airport,Topeka,US,39.069899,-95.622606,881,America/Chicago,medium_airport
TOQ,SCBE,Barriles Airport,Tocopilla,CL,-22.1411,-70.062897,3475,America/Santiago,medium_airport
TOS,ENTC,"Tromsø Airport, Langnes",Tromsø,NO,69.683296,18.9189,31,Europe/Oslo,large_airport
TOU,NWWU,Touho Airport,Touho,NC,-20.790127,165.259524,10,Pacific/Noumea,medium_airport
TOY,RJNT,Toyama Airport,Toyama,JP,36.64830017089844,137.18800354003906,95,Asia/Tokyo,medium_airport
TPA,KTPA,Tampa International Airport,Tampa,US,27.9755,-82.533203,26,America/New_York,large_airport
TPC,SETR,Tarapoa Airport,Tarapoa,EC,-0.122956,-76.337799,814,America/Guayaquil,medium_airport
TPE,RCTP,Taiwan Taoyuan International Airport,Taoyuan,TW,25.0777,121.233002,106,Asia/Taipei,large_airport
TPH,KTPH,Tonopah Airport,Tonopah,US,38.06019974,-117.086998,5430,America/Los_Angeles,medium_airport
TPJ,VNTJ,Taplejung Airport,Taplejung,NP,27.3509,87.69525,7990,Asia/Kathmandu,medium_airport
TPL,KTPL,Draughon Miller Central Texas Regional Airport,Temple,US,31.1525,-97.407799,682,America/Chicago,medium_airport
TPP,SPST,Cadete FAP Guillermo Del Castillo Paredes Airport,Tarapoto,PE,-6.508739948272705,-76.37319946289062,869,America/Lima,medium_airport
TPQ,MMEP,Amado Nervo National Airport,Tepic,MX,21.419833,-104.842472,3020,America/Mazatlan,medium_airport
TPS,LICT,Vincenzo Florio Airport Trapani-Birgi,Trapani (TP),IT,37.9114,12.488,25,Europe/Rome,medium_airport
TQD,ORAT,Al Taqaddum Air Base,Al Habbaniyah,IQ,33.33810043335,43.597099304199,275,Asia/Baghdad,medium_airport
TQO,MMTL,Felipe Carrillo Puerto International Airport,Tulum,MX,20.172098,-87.660272,66,America/Cancun,medium_airport
TQS,SKTQ,Captain Ernesto Esguerra Cubides Air Base,Tres Esquinas,CO,0.7459,-75.234,585,America/Bogota,medium_airport
TRA,RORT,Tarama Airport,Tarama,JP,24.653793,124.675453,36,Asia/Tokyo,medium_airport
TRC,MMTC,Francisco Sarabia Tinoco International Airport,Torreón,MX,25.5683,-103.411003,3688,America/Mexico_City,medium_airport
TRD,ENVA,"Trondheim Airport, Værnes",Trondheim,NO,63.457802,10.924,56,Europe/Oslo,large_airport
TRE,EGPU,Tiree Airport,Balemartine,GB,56.49919891357422,-6.869170188903809,38,Europe/London,medium_airport
TRF,ENTO,"Sandefjord Airport, Torp",Torp,NO,59.186699,10.2586,286,Europe/Oslo,medium_airport
TRG,NZTG,Tauranga Airport,Tauranga,NZ,-37.67190170288086,176.1959991455078,13,Pacific/Auckland,medium_airport
TRI,KTRI,Tri-Cities Regional TN/VA Airport,Blountville,US,36.475201,-82.407401,1519,America/New_York,medium_airport
TRK,WAQQ,Juwata International Airport / Suharnoko Harbani AFB,Tarakan,ID,3.325145,117.564169,23,Asia/Makassar,medium_airport
TRM,KTRM,Jacqueline Cochran Regional Airport,Palm Springs,US,33.62670135498,-116.16000366211,-115,America/Los_Angeles,medium_airport
TRN,LIMF,Turin Airport,Caselle Torinese (TO),IT,45.200802,7.64963,989,Europe/Rome,large_airport
TRO,YTRE,Taree Airport,Taree,AU,-31.888599,152.514008,38,Australia/Sydney,medium_airport
TRQ,SBTK,Tarauacá Airport,Tarauacá,BR,-8.155534,-70.782985,646,America/Rio_Branco,medium_airport
TRR,VCCT,China Bay Airport,Trincomalee,LK,8.539159,81.18128,6,Asia/Colombo,medium_airport
TRS,LIPQ,Trieste–Friuli Venezia Giulia Airport,Ronchi dei Legionari (GO),IT,45.827499,13.4722,39,Europe/Rome,medium_airport
TRT,WAFB,Toraja Airport,Toraja,ID,-3.185833,119.91775,2884,N/A,medium_airport
TRU,SPRU,Capitan FAP Carlos Martinez De Pinillos International Airport,Trujillo,PE,-8.08141040802002,-79.10880279541016,106,America/Lima,medium_airport
TRV,VOTV,Thiruvananthapuram International Airport,Thiruvananthapuram,IN,8.48212,76.920097,15,Asia/Kolkata,large_airport
TRW,NGTA,Bonriki International Airport,Tarawa,KI,1.38164,173.147003,9,Pacific/Tarawa,medium_airport
TRZ,VOTR,Tiruchirappalli International Airport,Tiruchirappalli,IN,10.766223,78.71774,288,Asia/Kolkata,medium_airport
TSA,RCSS,Taipei Songshan Airport,Taipei (Songshan),TW,25.069401,121.552002,18,Asia/Taipei,medium_airport
TSB,FYTM,Tsumeb Airport,Tsumeb,NA,-19.26189994812,17.732500076294,4353,Africa/Windhoek,medium_airport
TSF,LIPH,Treviso Antonio Canova Airport,Treviso (TV),IT,45.648399,12.1944,59,Europe/Rome,medium_airport
TSJ,RJDT,Tsushima Airport,Tsushima,JP,34.2849006653,129.330993652,213,Asia/Tokyo,medium_airport
TSM,KSKX,Taos Regional Airport,Taos,US,36.452494,-105.67749,7095,America/Denver,medium_airport
TSN,ZBTJ,Tianjin Binhai International Airport,Tianjin,CN,39.124401092499994,117.346000671,10,Asia/Shanghai,large_airport
TSR,LRTR,Timişoara Traian Vuia Airport,Timişoara,RO,45.809898,21.3379,348,Europe/Bucharest,medium_airport
TST,VTST,Trang Airport,Trang,TH,7.50874,99.6166,67,Asia/Bangkok,medium_airport
TSV,YBTL,Townsville Airport / RAAF Base Townsville,Townsville,AU,-19.252904,146.766512,18,Australia/Brisbane,medium_airport
TTA,GMAT,Tan Tan Airport,Tan Tan,MA,28.448200225830078,-11.161299705505371,653,Africa/Casablanca,medium_airport
TTC,SCTT,Las Breas Airport,Taltal,CL,-25.564301,-70.3759,2580,America/Santiago,medium_airport
TTD,KTTD,Portland Troutdale Airport,Portland,US,45.54940032959,-122.40100097656,39,America/Los_Angeles,medium_airport
TTE,WAEE,Sultan Babullah Airport,Ternate,ID,0.831012,127.381611,49,Asia/Jayapura,medium_airport
TTG,SAST,General Enrique Mosconi Airport,Tartagal,AR,-22.616877,-63.793015,1472,America/Argentina/Salta,medium_airport
TTH,OOTH,Thumrait Air Base,Thumrait,OM,17.666,54.024601,1570,Asia/Muscat,medium_airport
TTJ,RJOR,Tottori Sand Dunes Conan Airport,Tottori,JP,35.530102,134.167007,65,Asia/Tokyo,medium_airport
TTN,KTTN,Trenton Mercer Airport,Ewing Township,US,40.276699,-74.813499,213,America/New_York,medium_airport
TTT,RCFN,Taitung Airport,Taitung City,TW,22.7549991607666,121.10199737548828,143,Asia/Taipei,medium_airport
TTU,GMTN,Sania Ramel Airport,Tétouan,MA,35.594299,-5.32002,10,Africa/Casablanca,medium_airport
TUA,SETU,Lieutenant Colonel Luis A. Mantilla International Airport,Tulcán,EC,0.809506,-77.708099,9649,America/Guayaquil,medium_airport
TUB,NTAT,Tubuai Airport,,PF,-23.365400314331055,-149.5240020751953,7,Pacific/Tahiti,medium_airport
TUC,SANT,Teniente Benjamin Matienzo Airport,San Miguel de Tucumán,AR,-26.8409,-65.104897,1493,America/Argentina/Tucuman,medium_airport
TUD,GOTT,Tambacounda Airport,Tambacounda,SN,13.7368,-13.6531,161,Africa/Dakar,medium_airport
TUF,LFOT,Tours Val de Loire Airport,"Tours, Indre-et-Loire",FR,47.432201,0.727606,357,Europe/Paris,medium_airport
TUG,RPUT,Tuguegarao Airport,Tuguegarao City,PH,17.6433676823,121.733150482,70,Asia/Manila,medium_airport
TUI,OETR,Turaif Domestic Airport,Turaif,SA,31.692188,38.731544,2803,Asia/Riyadh,medium_airport
TUK,OPTU,Turbat International Airport,Turbat,PK,25.986400604248047,63.03020095825195,498,Asia/Karachi,medium_airport
TUL,KTUL,Tulsa International Airport,Tulsa,US,36.19839859008789,-95.88809967041016,677,America/Chicago,large_airport
TUM,YTMU,Tumut Aerodrome,Tumut,AU,-35.26832,148.240526,878,Australia/Sydney,medium_airport
TUN,DTTA,Tunis Carthage International Airport,Tunis,TN,36.851002,10.2272,22,Africa/Tunis,large_airport
TUO,NZAP,Taupo Airport,Taupo,NZ,-38.73970031738281,176.08399963378906,1335,Pacific/Auckland,medium_airport
TUP,KTUP,Tupelo Regional Airport,Tupelo,US,34.26810073852539,-88.7698974609375,346,America/Chicago,medium_airport
TUR,SBTU,Tucuruí Airport,Tucuruí,BR,-3.78601,-49.720299,830,America/Belem,medium_airport
TUS,KTUS,Tucson International Airport / Morris Air National Guard Base,Tucson,US,32.115004,-110.938053,2643,America/Phoenix,medium_airport
TUU,OETB,Tabuk Airport,Tabuk,SA,28.3654,36.6189,2551,Asia/Riyadh,medium_airport
TUV,SVTC,Tucupita Airport,Tucupita,VE,9.088994,-62.094173,16,America/Caracas,medium_airport
TVC,KTVC,Cherry Capital Airport,Traverse City,US,44.74140167236328,-85.58219909667969,624,America/New_York,medium_airport
TVF,KTVF,Thief River Falls Regional Airport,Thief River Falls,US,48.065701,-96.184998,1119,America/Chicago,medium_airport
TVL,KTVL,Lake Tahoe Airport,South Lake Tahoe,US,38.89390182495117,-119.99500274658203,6264,America/Los_Angeles,medium_airport
TVY,VYDW,Dawei Airport,Dawei,MM,14.103899955749512,98.20359802246094,84,Asia/Yangon,medium_airport
TWF,KTWF,Joslin Field Magic Valley Regional Airport,Twin Falls,US,42.4818,-114.487999,4154,America/Boise,medium_airport
TWT,RPMN,Sanga Sanga Airport,Bongao,PH,5.048196,119.743338,15,N/A,medium_airport
TWU,WBKW,Tawau Airport,Tawau,MY,4.31338,118.12152,57,Asia/Kuala_Lumpur,medium_airport
TWZ,NZUK,Pukaki Airport,Twitzel,NZ,-44.2350006104,170.117996216,1575,Pacific/Auckland,medium_airport
TXC,,Orsha Airport - Balbasovo Air Base,Orsha,BY,54.439999,30.2967,620,N/A,medium_airport
TXE,WITK,Rembele Airport,Takengon,ID,4.72113,96.851943,4648,N/A,medium_airport
TXK,KTXK,Texarkana Regional Airport (Webb Field),Texarkana,US,33.453701,-93.990997,390,America/Chicago,medium_airport
TXN,ZSTX,Tunxi International Airport,Huangshan,CN,29.733299255371094,118.25599670410156,,Asia/Shanghai,medium_airport
TYB,YTIB,Tibooburra Airport,,AU,-29.451099,142.057999,584,Australia/Sydney,medium_airport
TYF,ESST,Torsby Airport,Torsby,SE,60.1576,12.9913,393,Europe/Stockholm,medium_airport
TYL,SPYL,Captain Victor Montes Arias International Airport,Talara,PE,-4.57664,-81.254097,282,America/Lima,medium_airport
TYM,MYES,Staniel Cay Airport,Staniel Cay,BS,24.1691,-76.439102,5,America/Nassau,medium_airport
TYN,ZBYN,Taiyuan Wusu International Airport,Taiyuan,CN,37.746899,112.627998,2575,Asia/Shanghai,large_airport
TYR,KTYR,Tyler Pounds Regional Airport,Tyler,US,32.35409927368164,-95.40239715576172,544,America/Chicago,medium_airport
TYS,KTYS,McGhee Tyson Airport,Alcoa,US,35.811001,-83.994003,981,America/New_York,medium_airport
TZA,,Sir Barry Bowen Municipal Airport,Belize City,BZ,17.517239,-88.195775,8,N/A,medium_airport
TZL,LQTZ,Tuzla International Airport,Dubrave Gornje,BA,44.458698,18.7248,784,Europe/Sarajevo,medium_airport
TZN,MYAK,Congo Town Airport,Andros,BS,24.158701,-77.589798,15,N/A,medium_airport
TZX,LTCG,Trabzon International Airport,Trabzon,TR,40.995098,39.7897,104,Europe/Istanbul,medium_airport
UAB,LTAG,İncirlik Air Base,Sarıçam,TR,37.002102,35.4259,238,Europe/Istanbul,medium_airport
UAI,WPDB,Suai Airport,Suai,TL,-9.30331039428711,125.28700256347656,96,Asia/Dili,medium_airport
UAK,BGBW,Narsarsuaq Airport,Narsarsuaq,GL,61.1605,-45.425999,112,America/Nuuk,medium_airport
UAM,PGUA,Andersen Air Force Base,Yigo,GU,13.584,144.929998,627,Pacific/Guam,medium_airport
UAQ,SANU,Domingo Faustino Sarmiento Airport,San Juan,AR,-31.571501,-68.418198,1958,America/Argentina/San_Juan,medium_airport
UAR,GMFB,Bouarfa Airport,Bouarfa,MA,32.514306,-1.983056,3630,Africa/Casablanca,medium_airport
UBA,SBUR,Mário de Almeida Franco Airport,Uberaba,BR,-19.765036,-47.964805,2655,America/Sao_Paulo,medium_airport
UBJ,RJDC,Yamaguchi Ube Airport,Ube,JP,33.930000305200004,131.279006958,23,Asia/Tokyo,medium_airport
UBN,ZMCK,Ulaanbaatar Chinggis Khaan International Airport,Ulaanbaatar (Sergelen),MN,47.646916,106.819833,4482,Asia/Ulaanbaatar,large_airport
UBP,VTUU,Ubon Ratchathani Airport,Ubon Ratchathani,TH,15.2512998581,104.870002747,406,Asia/Bangkok,medium_airport
UCB,,Ulanqab Jining Airport,Ulanqab,CN,41.130266,113.107274,,Asia/Shanghai,medium_airport
UCT,UUYH,Ukhta Airport,Ukhta,RU,63.566898,53.804699,482,Europe/Moscow,medium_airport
UDE,EHVK,Volkel Air Base,Uden,NL,51.657222,5.707778,72,Europe/Amsterdam,medium_airport
UDI,SBUL,Ten. Cel. Aviador César Bombonato Airport,Uberlândia,BR,-18.883579,-48.225936,3094,America/Sao_Paulo,medium_airport
UDJ,UKLU,Uzhhorod International Airport,Uzhhorod,UA,48.6343,22.263399,383,Europe/Uzhgorod,medium_airport
UDR,VAUD,Maharana Pratap Airport,Udaipur,IN,24.617700576799997,73.89610290530001,1684,Asia/Kolkata,medium_airport
UEL,FQQL,Quelimane Airport,Quelimane,MZ,-17.855499267578125,36.86909866333008,36,Africa/Maputo,medium_airport
UEO,ROKJ,Kumejima Airport,Kumejima,JP,26.363445,126.71384,23,Asia/Tokyo,medium_airport
UET,OPQT,Quetta International Airport,Quetta,PK,30.251399993896484,66.93779754638672,5267,Asia/Karachi,medium_airport
UFA,UWUU,Ufa International Airport,Ufa,RU,54.557498931885,55.874401092529,449,Asia/Yekaterinburg,large_airport
UGA,ZMBN,Bulgan Airport,Bulgan,MN,48.85499954223633,103.47599792480469,4311,Asia/Ulaanbaatar,medium_airport
UGC,UZNU,Urgench Airport,Urgench,UZ,41.584301,60.641701,320,Asia/Samarkand,medium_airport
UGO,FNUG,Uige Airport,Uige,AO,-7.60307,15.0278,2720,Africa/Luanda,medium_airport
UGU,,Bilorai Airport,Bilogai,ID,-3.739503,137.031183,7348,N/A,medium_airport
UHE,LKKU,Kunovice Airport,Uherské Hradiště,CZ,49.0294,17.439699,581,Europe/Prague,medium_airport
UIB,SKUI,El Caraño Airport,Quibdó,CO,5.69076,-76.6412,204,America/Bogota,medium_airport
UIH,VVPC,Phu Cat Airport,Quy Nohn,VN,13.955,109.042,80,Asia/Ho_Chi_Minh,medium_airport
UIN,KUIN,Quincy Regional Airport Baldwin Field,Quincy,US,39.942699,-91.194603,768,America/Chicago,medium_airport
UIO,SEQM,Mariscal Sucre International Airport,Quito,EC,-0.125399,-78.354306,7841,America/Guayaquil,large_airport
UIP,LFRQ,Quimper-Cornouaille Airport,Quimper/Pluguffan,FR,47.973031,-4.169655,297,Europe/Paris,medium_airport
UKB,RJBE,Kobe Airport,Kobe,JP,34.6328010559082,135.2239990234375,22,Asia/Tokyo,medium_airport
UKI,KUKI,Ukiah Municipal Airport,Ukiah,US,39.125999,-123.200996,614,America/Los_Angeles,medium_airport
UKK,UASK,Ust-Kamenogorsk Airport,Ust-Kamenogorsk (Oskemen),KZ,50.036571,82.493477,939,Asia/Almaty,medium_airport
UKS,UKFB,Sevastopol International Airport / Belbek Air Base,Sevastopol,UA,44.691822,33.57462,344,Europe/Simferopol,medium_airport
UKX,UITT,Ust-Kut Airport,Ust-Kut,RU,56.856701,105.730003,2188,Asia/Irkutsk,medium_airport
ULA,SAWJ,Capitan D Daniel Vazquez Airport,San Julian,AR,-49.306816,-67.802596,203,America/Argentina/Rio_Gallegos,medium_airport
ULD,FAUL,Prince Mangosuthu Buthelezi Airport,Ulundi,ZA,-28.3206005096,31.4165000916,1720,Africa/Johannesburg,medium_airport
ULH,OEAO,Majeed Bin Abdulaziz Airport,Al Ula,SA,26.483333,38.116944,2050,N/A,medium_airport
ULK,UERL,Lensk Airport,Lensk,RU,60.7206001282,114.825996399,801,Asia/Yakutsk,medium_airport
ULN,ZMUB,Buyant-Ukhaa International Airport,Ulaanbaatar,MN,47.843102,106.766998,4364,Asia/Ulaanbaatar,medium_airport
ULP,YQLP,Quilpie Airport,,AU,-26.609176,144.253746,655,Australia/Brisbane,medium_airport
ULQ,SKUL,Heriberto Gíl Martínez Airport,Tuluá,CO,4.08836,-76.2351,3132,America/Bogota,medium_airport
ULU,HUGU,Gulu Airport,Gulu,UG,2.8055601119995117,32.27180099487305,3510,Africa/Kampala,medium_airport
ULV,UWLL,Ulyanovsk Baratayevka Airport,Ulyanovsk,RU,54.268299,48.2267,449,Europe/Samara,medium_airport
ULY,UWLW,Ulyanovsk East Airport,Cherdakly,RU,54.401001,48.8027,252,Europe/Ulyanovsk,medium_airport
UMB,,Kalumbila Airport,Kalumbila,ZM,-12.25358,25.44432,4354,N/A,medium_airport
UME,ESNU,Umeå Airport,Umeå,SE,63.791801452637,20.282800674438,24,Europe/Stockholm,medium_airport
UND,OAUZ,Kunduz Airport,Kunduz,AF,36.6651,68.910797,1457,Asia/Kabul,medium_airport
UNI,TVSU,Union Island International Airport,Union Island,VC,12.600135,-61.411945,16,America/St_Vincent,medium_airport
UNK,PAUN,Unalakleet Airport,Unalakleet,US,63.888401,-160.798996,27,America/Anchorage,medium_airport
UNN,VTSR,Ranong Airport,Ranong,TH,9.77762,98.585503,57,Asia/Bangkok,medium_airport
UOX,KUOX,University Oxford Airport,Oxford,US,34.384300231934,-89.536796569824,452,America/Chicago,medium_airport
UPB,MUPB,Playa Baracoa Airport,Havana,CU,23.032801,-82.579399,102,America/Havana,medium_airport
UPG,WAAA,Hasanuddin International Airport,Ujung Pandang,ID,-5.06163,119.554001,47,Asia/Makassar,large_airport
UPL,MRUP,Upala Airport,Upala,CR,10.8922,-85.016197,184,America/Costa_Rica,medium_airport
UPN,MMPN,Uruapan - Licenciado y General Ignacio Lopez Rayon International Airport,Uruapan,MX,19.3967,-102.039001,5258,America/Mexico_City,medium_airport
URA,UARR,Uralsk Airport,Uralsk,KZ,51.15079879760742,51.54309844970703,125,Asia/Oral,medium_airport
URC,ZWWW,Ürümqi Tianshan International Airport,Ürümqi,CN,43.907101,87.474197,2125,Asia/Shanghai,large_airport
URE,EEKE,Kuressaare Airport,Kuressaare,EE,58.22990036010742,22.50950050354004,14,Europe/Tallinn,medium_airport
URG,SBUG,Rubem Berta Airport,Uruguaiana,BR,-29.7822,-57.0382,256,America/Sao_Paulo,medium_airport
URJ,USHU,Uray Airport,Uray,RU,60.103298,64.826698,190,Asia/Yekaterinburg,medium_airport
URO,LFOP,Rouen Vallée de Seine Airport,Boos,FR,49.384887,1.179142,512,Europe/Paris,medium_airport
URS,UUOK,Kursk East Airport,Kursk,RU,51.7505989074707,36.29560089111328,686,Europe/Moscow,medium_airport
URT,VTSB,Surat Thani Airport,Surat Thani,TH,9.13259983063,99.135597229,20,Asia/Bangkok,medium_airport
URY,OEGT,Gurayat Domestic Airport,Gurayat,SA,31.412413,37.278898,1672,Asia/Riyadh,medium_airport
USA,KJQF,Concord-Padgett Regional Airport,Concord,US,35.387798,-80.709099,705,America/New_York,medium_airport
USH,SAWH,Ushuaia - Malvinas Argentinas International Airport,Ushuaia,AR,-54.8433,-68.2958,102,America/Argentina/Ushuaia,medium_airport
USK,UUYS,Usinsk Airport,Usinsk,RU,66.0047,57.367199,262,Europe/Moscow,medium_airport
USM,VTSM,Samui Airport,Na Thon (Ko Samui Island),TH,9.54779,100.061996,64,Asia/Bangkok,medium_airport
USN,RKPU,Ulsan Airport,Ulsan,KR,35.59349823,129.352005005,45,Asia/Seoul,medium_airport
USQ,LTBO,Uşak Airport,Uşak,TR,38.681499,29.471701,2897,Europe/Istanbul,medium_airport
USR,UEMT,Ust-Nera Airport,Ust-Nera,RU,64.550003,143.115005,1805,Asia/Vladivostok,medium_airport
UST,KSGJ,Northeast Florida Regional Airport,St Augustine,US,29.9592,-81.339798,10,America/New_York,medium_airport
USU,RPVV,Francisco B. Reyes (Busuanga) Airport,Coron,PH,12.121865,120.100801,148,Asia/Manila,medium_airport
UTH,VTUD,Udon Thani Airport,Udon Thani,TH,17.386400222800003,102.788002014,579,Asia/Bangkok,medium_airport
UTI,EFUT,Utti Air Base,Utti / Valkeala,FI,60.8964,26.9384,339,Europe/Helsinki,medium_airport
UTN,FAUP,Pierre Van Ryneveld Airport,Upington,ZA,-28.39909935,21.260200500499998,2782,Africa/Johannesburg,medium_airport
UTO,PAIM,Indian Mountain LRRS Airport,Utopia Creek,US,65.992798,-153.703995,1273,America/Anchorage,medium_airport
UTP,VTBU,U-Tapao International Airport,Rayong,TH,12.679900169372559,101.00499725341797,42,Asia/Bangkok,medium_airport
UTS,UUYX,Ust-Tsylma Airport,Ust-Tsylma,RU,65.437294,52.200336,262,Europe/Moscow,medium_airport
UTT,FAUT,K. D. Matanzima Airport,Mthatha,ZA,-31.546363184900002,28.6733551025,2400,Africa/Johannesburg,medium_airport
UTW,FAQT,Queenstown Airport,Queenstown,ZA,-31.92020034790039,26.882200241088867,3637,Africa/Johannesburg,medium_airport
UUA,UWKB,Bugulma Airport,Bugulma,RU,54.641184,52.800229,991,Europe/Moscow,medium_airport
UUD,UIUU,Baikal International Airport,Ulan Ude,RU,51.808614,107.439652,1690,Asia/Irkutsk,medium_airport
UUN,ZMBU,Baruun Urt Airport,,MN,46.660301208496094,113.28500366210938,3205,Asia/Choibalsan,medium_airport
UUS,UHSS,Yuzhno-Sakhalinsk Airport,Yuzhno-Sakhalinsk,RU,46.885461,142.717466,59,Asia/Vladivostok,medium_airport
UVE,NWWV,Ouvéa Airport,Ouvéa,NC,-20.640932,166.573024,23,Pacific/Noumea,medium_airport
UVF,TLPL,Hewanorra International Airport,Vieux Fort,LC,13.7332,-60.952599,14,America/St_Lucia,large_airport
UYL,HSNN,Nyala Airport,Nyala,SD,12.0535,24.9562,2106,Africa/Khartoum,medium_airport
UZC,LYUZ,Ponikve Airport,Stapari,RS,43.898899,19.697701,2966,Europe/Belgrade,medium_airport
UZU,SATU,Curuzu Cuatia Airport,Curuzu Cuatia,AR,-29.7706,-57.9789,229,America/Argentina/Cordoba,medium_airport
VAA,EFVA,Vaasa Airport,Vaasa,FI,63.050701,21.762199,19,Europe/Helsinki,medium_airport
VAD,KVAD,Moody Air Force Base,Valdosta,US,30.9678001404,-83.1930007935,233,America/New_York,medium_airport
VAF,LFLU,Valence-Chabeuil Airport,"Chabeuil, Drôme",FR,44.9216,4.9699,525,Europe/Paris,medium_airport
VAG,SBVG,Major Brigadeiro Trompowsky Airport,Varginha,BR,-21.591375,-45.474116,3025,America/Sao_Paulo,medium_airport
VAI,AYVN,Vanimo Airport,Vanimo,PG,-2.6926,141.3028,10,Pacific/Port_Moresby,medium_airport
VAM,VRMV,Villa International Airport Maamigili,Maamigili,MV,3.470556,72.835833,6,Indian/Maldives,medium_airport
VAN,LTCI,Van Ferit Melen Airport,Van,TR,38.46820068359375,43.332298278808594,5480,Europe/Istanbul,medium_airport
VAQ,,Vanavara Airport,Vanavara,RU,60.356229,102.309641,892,N/A,medium_airport
VAR,LBWN,Varna Airport,Varna,BG,43.232101,27.8251,230,Europe/Sofia,large_airport
VAV,NFTV,Vava'u International Airport,Vava'u Island,TO,-18.58530044555664,-173.96200561523438,236,Pacific/Tongatapu,medium_airport
VAW,ENSS,"Vardø Airport, Svartnes",Vardø,NO,70.3554,31.044901,42,Europe/Oslo,medium_airport
VBG,KVBG,Vandenberg Space Force Base,Lompoc,US,34.737301,-120.584,369,America/Los_Angeles,medium_airport
VBS,LIPO,Brescia Gabriele d'Annunzio Airport,Montichiari (BS),IT,45.428902,10.3306,355,Europe/Rome,medium_airport
VBY,ESSV,Visby Airport,Visby,SE,57.662799835205,18.346200942993,164,Europe/Stockholm,medium_airport
VCA,VVCT,Can Tho International Airport,Can Tho,VN,10.0851,105.711998,9,Asia/Ho_Chi_Minh,medium_airport
VCE,LIPZ,Venice Marco Polo Airport,Venezia (VE),IT,45.505299,12.3519,7,Europe/Rome,large_airport
VCP,SBKP,Viracopos International Airport,Campinas,BR,-23.007404,-47.134502,2170,America/Sao_Paulo,medium_airport
VCS,VVCS,Con Dao Airport,Con Dao,VN,8.73183,106.633003,20,Asia/Ho_Chi_Minh,medium_airport
VCT,KVCT,Victoria Regional Airport,Victoria,US,28.85260009765625,-96.91850280761719,115,America/Chicago,medium_airport
VDC,SBVC,Glauber de Andrade Rocha Airport,Vitória da Conquista,BR,-14.907885,-40.914804,2940,America/Bahia,medium_airport
VDE,GCHI,El Hierro Airport,El Hierro Island,ES,27.8148,-17.8871,103,Atlantic/Canary,medium_airport
VDH,VVDH,Dong Hoi Airport,Dong Hoi,VN,17.515,106.590556,59,Asia/Ho_Chi_Minh,medium_airport
VDM,SAVV,Gobernador Castello Airport,Viedma / Carmen de Patagones,AR,-40.8692,-63.0004,20,America/Argentina/Salta,medium_airport
VDO,VVVD,Van Don International Airport,Van Don,VN,21.120693,107.41539,24,Asia/Ho_Chi_Minh,medium_airport
VDP,SVVP,Valle de La Pascua Airport,,VE,9.22202777863,-65.9935836792,410,America/Caracas,medium_airport
VDR,SAOD,Villa Dolores Airport,Villa Dolores,AR,-31.9452,-65.146301,1847,America/Argentina/Cordoba,medium_airport
VDS,ENVD,Vadsø Airport,Vadsø,NO,70.0653,29.8447,127,Europe/Oslo,medium_airport
VDZ,PAVD,Valdez Pioneer Field,Valdez,US,61.132712,-146.246567,121,America/Anchorage,medium_airport
VEL,KVEL,Vernal Regional Airport,Vernal,US,40.436214,-109.511661,5278,America/Denver,medium_airport
VEO,,Severo-Yeniseysk Airport,Severo-Yeniseysk,RU,60.373299,93.011703,1706,N/A,medium_airport
VER,MMVR,General Heriberto Jara International Airport,Veracruz,MX,19.1459007263,-96.1873016357,90,America/Mexico_City,medium_airport
VEY,BIVM,Vestmannaeyjar Airport,Vestmannaeyjar,IS,63.42430114746094,-20.278900146484375,326,Atlantic/Reykjavik,medium_airport
VFA,FVFA,Victoria Falls International Airport,Victoria Falls,ZW,-18.09589958190918,25.839000701904297,3490,Africa/Harare,medium_airport
VGA,VOBZ,Vijayawada Airport,Gannavaram,IN,16.530399,80.796799,82,Asia/Kolkata,medium_airport
VGD,ULWW,Vologda Airport,Vologda,RU,59.282501,39.944401,387,Europe/Moscow,medium_airport
VGO,LEVX,Vigo Airport,Vigo,ES,42.2318,-8.62677,856,Europe/Madrid,medium_airport
VGT,KVGT,North Las Vegas Metropolitan International Airport,Las Vegas,US,36.210701,-115.194,2205,America/Los_Angeles,medium_airport
VHC,FNSA,Saurimo Airport,Saurimo,AO,-9.68907,20.4319,3584,Africa/Luanda,medium_airport
VHM,ESNV,Vilhelmina South Lapland Airport,Vilhelmina,SE,64.579102,16.833599,1140,Europe/Stockholm,medium_airport
VHY,LFLV,Vichy-Charmeil Airport,"Charmeil, Allier",FR,46.16969,3.403637,817,Europe/Paris,medium_airport
VIE,LOWW,Vienna International Airport,Vienna,AT,48.110298,16.5697,600,Europe/Vienna,large_airport
VIG,SVVG,Juan Pablo Pérez Alfonso Airport,El Vigía,VE,8.624139,-71.672668,250,America/Caracas,medium_airport
VII,VVVH,Vinh Airport,Vinh,VN,18.7376003265,105.67099762,23,Asia/Ho_Chi_Minh,medium_airport
VIL,GMMH,Dakhla Airport,Dakhla,EH,23.7183,-15.932,36,Africa/Casablanca,medium_airport
VIN,UKWW,Vinnytsia/Gavyryshivka International Airport,Vinnitsa,UA,49.242531,28.613778,961,Europe/Kyiv,medium_airport
VIP,LSMP,Payerne Air Base,Payerne,CH,46.8432,6.91506,1465,Europe/Zurich,medium_airport
VIR,FAVG,Virginia Airport,Durban,ZA,-29.770599,31.058399,20,Africa/Johannesburg,medium_airport
VIS,KVIS,Visalia Municipal Airport,Visalia,US,36.318699,-119.392998,295,America/Los_Angeles,medium_airport
VIT,LEVT,Vitoria Airport,Alava,ES,42.882801,-2.72447,1682,Europe/Madrid,medium_airport
VIX,SBVT,Eurico de Aguiar Salles Airport,Vitória,BR,-20.258,-40.285,34,America/Sao_Paulo,large_airport
VIY,,Vélizy-Villacoublay Air Base,"Vélizy-Villacoublay, Yvelines",FR,48.774406,2.203102,584,Europe/Paris,medium_airport
VKG,VVRG,Rach Gia Airport,Rach Gia,VN,9.95802997234,105.132379532,7,Asia/Ho_Chi_Minh,medium_airport
VKO,UUWW,Vnukovo International Airport,Moscow,RU,55.591499,37.261501,685,Europe/Moscow,large_airport
VKT,UUYW,Vorkuta Airport,Vorkuta,RU,67.488602,63.993099,604,Europe/Moscow,medium_airport
VKV,,Vaskovo Airport,Arkhangelsk,RU,64.441704,40.4217,82,N/A,medium_airport
VLC,LEVC,Valencia Airport,Valencia,ES,39.4893,-0.481625,240,Europe/Madrid,large_airport
VLD,KVLD,Valdosta Regional Airport,Valdosta,US,30.782499313354492,-83.27670288085938,203,America/New_York,medium_airport
VLG,SAZV,Villa Gesell Airport,Villa Gesell,AR,-37.2354,-57.0292,32,America/Argentina/Buenos_Aires,medium_airport
VLI,NVVV,Bauerfield International Airport,Port Vila,VU,-17.699301,168.320007,70,Pacific/Efate,large_airport
VLL,LEVD,Valladolid Airport,Valladolid,ES,41.7061,-4.85194,2776,Europe/Madrid,medium_airport
VLM,SLVM,Teniente Coronel Rafael Pabón Airport,Villamontes,BO,-21.255199432399998,-63.4056015015,1305,America/La_Paz,medium_airport
VLN,SVVA,Arturo Michelena International Airport,Valencia,VE,10.14973258972168,-67.92839813232422,1411,America/Caracas,medium_airport
VLR,SCLL,Vallenar Airport,Vallenar,CL,-28.596399,-70.755997,1725,America/Santiago,medium_airport
VLV,SVVL,Dr. Antonio Nicolás Briceño Airport,Valera,VE,9.340478,-70.584061,2060,America/Caracas,medium_airport
VLY,EGOV,Anglesey Airport,Angelsey,GB,53.2481,-4.53534,37,N/A,medium_airport
VME,SAOR,Villa Reynolds Airport,Villa Mercedes,AR,-33.7299003601,-65.3873977661,1591,America/Argentina/San_Luis,medium_airport
VMI,,Aeropuerto Nacional Doctor Juan Plate,Puerto Vallemi,PY,-22.159371,-57.942395,280,N/A,medium_airport
VMU,AYBA,Baimuru Airport,Baimuru,PG,-7.496955,144.821756,27,Pacific/Port_Moresby,medium_airport
VNE,LFRV,Vannes-Meucon Airport,Vannes/Meucon,FR,47.723301,-2.71856,446,Europe/Paris,medium_airport
VNO,EYVI,Vilnius International Airport,Vilnius,LT,54.634102,25.285801,648,Europe/Vilnius,large_airport
VNS,VEBN,Lal Bahadur Shastri Airport,Varanasi,IN,25.452129,82.861805,266,Asia/Kolkata,medium_airport
VNX,FQVL,Vilankulo Airport,Vilanculo,MZ,-22.018400192260742,35.31330108642578,46,Africa/Maputo,medium_airport
VNY,KVNY,Van Nuys Airport,Van Nuys,US,34.209800720215,-118.48999786377,802,America/Los_Angeles,medium_airport
VOD,LKVO,Vodochody Airport,Vodochody,CZ,50.216599,14.3958,919,Europe/Prague,medium_airport
VOG,URWW,Volgograd International Airport,Volgograd,RU,48.782501220703125,44.34550094604492,482,Europe/Volgograd,medium_airport
VOH,FMNV,Vohemar Airport,Vohemar,MG,-13.3758,50.0028,19,Indian/Antananarivo,medium_airport
VOK,KVOK,Volk Field,Camp Douglas,US,43.938999,-90.253403,912,America/Chicago,medium_airport
VOL,LGBL,Nea Anchialos National Airport,Nea Anchialos,GR,39.219601,22.7943,83,Europe/Athens,medium_airport
VOZ,UUOO,Voronezh International Airport,Voronezh,RU,51.81420135498047,39.22959899902344,514,Europe/Moscow,medium_airport
VPE,FNGI,Ngjiva Pereira Airport,Ngiva,AO,-17.0435009003,15.683799743700002,3566,Africa/Luanda,medium_airport
VPS,KVPS,Destin-Fort Walton Beach Airport,Valparaiso,US,30.4832,-86.525398,87,America/Chicago,medium_airport
VPY,FQCH,Chimoio Airport,Chimoio,MZ,-19.15130043029785,33.42900085449219,2287,Africa/Maputo,medium_airport
VPZ,KVPZ,Porter County Municipal Airport,Valparaiso,US,41.45399857,-87.00710297,770,America/Chicago,medium_airport
VQQ,KVQQ,Cecil Airport,Jacksonville,US,30.2187,-81.876701,81,America/New_York,medium_airport
VQS,TJVQ,Antonio Rivera Rodriguez Airport,Vieques,PR,18.1348,-65.493599,49,America/Puerto_Rico,medium_airport
VRA,MUVR,Juan Gualberto Gomez International Airport,Matanzas,CU,23.034401,-81.435303,210,America/Havana,large_airport
VRB,KVRB,Vero Beach Regional Airport,Vero Beach,US,27.6556,-80.417901,24,America/New_York,medium_airport
VRC,RPUV,Virac Airport,Virac,PH,13.576399803161621,124.20600128173828,121,Asia/Manila,medium_airport
VRE,FAVR,Vredendal Airport,Vredendal,ZA,-31.641000747680664,18.5447998046875,330,Africa/Johannesburg,medium_airport
VRK,EFVR,Varkaus Airport,Varkaus / Joroinen,FI,62.171101,27.868601,286,Europe/Helsinki,medium_airport
VRL,LPVR,Vila Real Airport,Vila Real,PT,41.2743,-7.72047,1805,Europe/Lisbon,medium_airport
VRN,LIPX,Verona Villafranca Valerio Catullo Airport,Caselle (VR),IT,45.394955,10.887303,239,Europe/Rome,large_airport
VRO,MUKW,Kawama Airport,Santa Marta,CU,23.124001,-81.301598,16,America/Havana,medium_airport
VRU,FAVB,Vryburg Airport,Vyrburg,ZA,-26.9824008942,24.7287998199,3920,Africa/Johannesburg,medium_airport
VSA,MMVA,Carlos Rovirosa Pérez International Airport,Villahermosa,MX,17.997,-92.817398,46,America/Mexico_City,medium_airport
VSE,LPVZ,Aerodromo Goncalves Lobato (Viseu Airport),Viseu,PT,40.725498,-7.88899,2060,Europe/Lisbon,medium_airport
VST,ESOW,Stockholm Västerås Airport,Stockholm / Västerås,SE,59.58940124511719,16.63360023498535,21,Europe/Stockholm,medium_airport
VTB,UMII,Vitebsk Vostochny Airport,Vitebsk,BY,55.126499176025,30.349599838257,682,Europe/Minsk,medium_airport
VTE,VLVT,Wattay International Airport,Vientiane,LA,17.988300323500003,102.56300354,564,Asia/Vientiane,medium_airport
VTM,LLNV,Nevatim Air Base,Beersheba,IL,31.208299636799996,35.012298584,1330,Asia/Jerusalem,medium_airport
VTN,KVTN,Miller Field,Valentine,US,42.856211,-100.549192,2596,America/Chicago,medium_airport
VTU,MUVT,Hermanos Ameijeiras Airport,Las Tunas,CU,20.9876,-76.935799,328,America/Havana,medium_airport
VTZ,VOVZ,Visakhapatnam Airport,Visakhapatnam,IN,17.723506,83.227729,15,Asia/Kolkata,medium_airport
VUP,SKVP,Alfonso López Pumarejo Airport,Valledupar,CO,10.435,-73.2495,483,America/Bogota,medium_airport
VUS,ULWU,Velikiy Ustyug Airport,Velikiy Ustyug,RU,60.7883,46.259998,331,Europe/Moscow,medium_airport
VVC,SKVV,Vanguardia Airport,Villavicencio,CO,4.16787,-73.6138,1394,America/Bogota,medium_airport
VVI,SLVR,Viru Viru International Airport,Santa Cruz,BO,-17.6448,-63.135399,1224,America/La_Paz,large_airport
VVO,UHWW,Vladivostok International Airport,Artyom,RU,43.396256,132.148155,59,Asia/Vladivostok,large_airport
VVZ,DAAP,Illizi Takhamalt Airport,Illizi,DZ,26.723499,8.62265,1778,Africa/Algiers,medium_airport
VXC,FQLC,Lichinga Airport,Lichinga,MZ,-13.274,35.2663,4505,Africa/Maputo,medium_airport
VXE,GVSV,São Pedro Airport,São Pedro,CV,16.8332,-25.0553,66,Atlantic/Cape_Verde,medium_airport
VXO,ESMX,Växjö Kronoberg Airport,Växjö,SE,56.929100036621094,14.727999687194824,610,Europe/Stockholm,medium_airport
VYI,UENW,Vilyuisk Airport,Vilyuisk,RU,63.756668,121.693336,361,Asia/Yakutsk,medium_airport
WAE,OEWD,Wadi Al Dawasir Domestic Airport,Wadi Al Dawasir,SA,20.504299,45.1996,2062,Asia/Riyadh,medium_airport
WAG,NZWU,Wanganui Airport,Wanganui,NZ,-39.963467,175.02444,27,Pacific/Auckland,medium_airport
WAI,FMNW,Ambalabe Airport,Antsohihy,MG,-14.8988,47.9939,92,Indian/Antananarivo,medium_airport
WAT,EIWF,Waterford Airport,Waterford,IE,52.187199,-7.08696,119,Europe/Dublin,medium_airport
WAW,EPWA,Warsaw Chopin Airport,Warsaw,PL,52.165699,20.9671,362,Europe/Warsaw,large_airport
WBG,ETNS,Schleswig Air Base,Jagel,DE,54.459301,9.51633,70,Europe/Berlin,medium_airport
WBM,AYWD,Wapenamanda Airport,Wapenamanda,PG,-5.635293,143.892231,5889,Pacific/Port_Moresby,medium_airport
WCH,SCTN,Nuevo Chaitén Airport,Chaitén,CL,-42.781943,-72.834999,95,America/Santiago,medium_airport
WDH,FYWH,Hosea Kutako International Airport,Windhoek,NA,-22.4799,17.4709,5640,Africa/Windhoek,large_airport
WDS,ZHSY,Shiyan Wudangshan Airport,Shiyan (Maojian),CN,32.592889,110.906296,,Asia/Shanghai,medium_airport
WEF,ZSWF,Weifang Nanyuan Airport,Weifang (Kuiwen),CN,36.646702,119.119003,,Asia/Shanghai,medium_airport
WEH,ZSWH,Weihai Dashuibo Airport,Weihai,CN,37.187099,122.228996,145,Asia/Shanghai,medium_airport
WEI,YBWP,Weipa Airport,Weipa,AU,-12.677493,141.922618,63,Australia/Brisbane,medium_airport
WFI,FMSF,Fianarantsoa Airport,Fianarantsoa,MG,-21.441601,47.111698,3658,Indian/Antananarivo,medium_airport
WFR,,Wolf's Fang Runway,,AQ,-71.517,8.8,3707,N/A,medium_airport
WGA,YSWG,Wagga Wagga Airport,Forest Hill,AU,-35.163484,147.46832,724,Australia/Sydney,medium_airport
WGE,YWLG,Walgett Airport,,AU,-30.032801,148.126007,439,Australia/Sydney,medium_airport
WGN,ZGSY,Shaoyang Wugang Airport,Shaoyang (Wugang),CN,26.806123,110.641042,1444,N/A,medium_airport
WGT,YWGT,Wangaratta Airport,Laceby,AU,-36.417914,146.306896,504,Australia/Melbourne,medium_airport
WHA,ZSWA,Wuhu Xuanzhou Airport,Wuhu,CN,31.1045,118.66687,80,Asia/Shanghai,medium_airport
WHB,,Eliwana,,AU,-22.428395,116.887879,1576,N/A,medium_airport
WHK,NZWK,Whakatane Airport,,NZ,-37.92060089111328,176.91400146484375,20,Pacific/Auckland,medium_airport
WHN,,Wuhan Hannan Municipal Airport,Wuhan (Hannan),CN,30.25521,114.062805,85,N/A,medium_airport
WIC,EGPC,Wick John O'Groats Airport,Wick,GB,58.4589,-3.09306,126,Europe/London,medium_airport
WIE,ETOU,Wiesbaden Army Airfield,Wiesbaden,DE,50.049800872802734,8.325400352478027,461,Europe/Berlin,medium_airport
WIL,HKNW,Nairobi Wilson Airport,Nairobi,KE,-1.321720004081726,36.81480026245117,5536,Africa/Nairobi,medium_airport
WIN,YWTN,Winton Airport,,AU,-22.36359977722168,143.08599853515625,638,Australia/Brisbane,medium_airport
WIR,NZWO,Wairoa Airport,Wairoa,NZ,-39.012118,177.404395,42,Pacific/Auckland,medium_airport
WJF,KWJF,General William J Fox Airfield,Lancaster,US,34.7411,-118.219002,2351,America/Los_Angeles,medium_airport
WJR,HKWJ,Wajir Airport,Wajir,KE,1.73324,40.091599,770,Africa/Nairobi,medium_airport
WJU,RKNW,Wonju Airport / Hoengseong Air Base (K-38/K-46),Wonju,KR,37.437113,127.960051,329,Asia/Seoul,medium_airport
WKA,NZWF,Wanaka Airport,Wanaka,NZ,-44.722954,169.248419,1142,Pacific/Auckland,medium_airport
WKB,YWKB,Warracknabeal Airport,,AU,-36.32109832763672,142.41900634765625,397,Australia/Melbourne,medium_airport
WKF,FAWK,Waterkloof Air Force Base,Pretoria,ZA,-25.829999923699997,28.222499847399998,4940,Africa/Johannesburg,medium_airport
WKJ,RJCW,Wakkanai Airport,Wakkanai,JP,45.4042015076,141.800994873,30,Asia/Tokyo,medium_airport
WKK,,Aleknagik / New Airport,Aleknagik,US,59.2826004028,-158.617996216,66,America/Anchorage,medium_airport
WLG,NZWN,Wellington International Airport,Wellington,NZ,-41.327202,174.804993,41,Pacific/Auckland,large_airport
WLS,NLWW,Hihifo Airport,Wallis Island,WF,-13.2383003235,-176.199005127,79,Pacific/Wallis,medium_airport
WMC,KWMC,Winnemucca Municipal Airport,Winnemucca,US,40.8965988159,-117.805999756,4308,America/Los_Angeles,medium_airport
WME,YMNE,Mount Keith Airport,,AU,-27.28733,120.554937,1792,Australia/Perth,medium_airport
WMH,KBPK,Ozark Regional Airport,Mountain Home,US,36.3689002991,-92.47049713130001,928,America/Chicago,medium_airport
WMI,EPMO,Modlin Airport,Nowy Dwór Mazowiecki,PL,52.451099,20.6518,341,Europe/Warsaw,medium_airport
WMN,FMNR,Maroantsetra Airport,Maroantsetra,MG,-15.437742,49.689081,9,Indian/Antananarivo,medium_airport
WMR,FMNC,Mananara Nord Airport,Mananara Nord,MG,-16.1639,49.7738,9,Indian/Antananarivo,medium_airport
WMT,ZUMT,Zunyi Maotai Airport,Zunyi,CN,27.961837,106.435416,4068,Asia/Shanghai,medium_airport
WMX,WAVV,Wamena Airport,Wamena,ID,-4.097324,138.952417,5435,Asia/Jayapura,medium_airport
WNI,WAWD,Matahora Airport,Wangi-wangi Island,ID,-5.293996,123.634,88,N/A,medium_airport
WNP,RPUN,Naga Airport,Naga,PH,13.58489990234375,123.2699966430664,142,Asia/Manila,medium_airport
WNR,YWDH,Windorah Airport,Windorah,AU,-25.410641,142.668428,452,Australia/Brisbane,medium_airport
WNS,OPNH,Shaheed Benazirabad Airport,Nawabashah,PK,26.2194,68.390099,95,Asia/Karachi,medium_airport
WNZ,ZSWZ,Wenzhou Longwan International Airport,Wenzhou (Longwan),CN,27.910572,120.853465,13,Asia/Shanghai,large_airport
WOE,EHWO,Woensdrecht Air Base,Hoogerheide,NL,51.4491,4.34203,63,Europe/Amsterdam,medium_airport
WOL,,Shellharbour Airport,Albion Park Rail,AU,-34.5611,150.789001,31,Australia/Sydney,medium_airport
WOS,ZKWS,Wonsan Kalma International Airport,Wonsan,KP,39.166801,127.486,7,N/A,medium_airport
WPC,CZPC,Pincher Creek Airport,Pincher Creek,CA,49.520429,-113.997002,3903,America/Edmonton,medium_airport
WPR,SCFM,Captain Fuentes Martinez Airport,Porvenir,CL,-53.2537,-70.319199,104,America/Santiago,medium_airport
WPU,SCGZ,Guardia Marina Zañartu Airport,Puerto Williams,CL,-54.931099,-67.626297,88,America/Santiago,medium_airport
WRB,KWRB,Robins Air Force Base,Warner Robins,US,32.640099,-83.591904,294,America/New_York,medium_airport
WRE,NZWR,Whangarei Airport,Whangarei,NZ,-35.769253,174.363713,133,Pacific/Auckland,medium_airport
WRG,PAWG,Wrangell Airport,Wrangell,US,56.48429871,-132.3699951,49,America/Anchorage,medium_airport
WRI,KWRI,Mc Guire Air Force Base,Wrightstown,US,40.0155983,-74.59169769,131,America/New_York,medium_airport
WRL,KWRL,Worland Municipal Airport,Worland,US,43.965698,-107.950996,4227,America/Denver,medium_airport
WRO,EPWR,Copernicus Wrocław Airport,Wrocław,PL,51.103719,16.882096,404,Europe/Warsaw,medium_airport
WRT,EGNO,Warton Aerodrome,Warton,GB,53.745098,-2.88306,55,Europe/London,medium_airport
WST,KWST,Westerly State Airport,Westerly,US,41.349602,-71.803398,81,America/New_York,medium_airport
WSZ,NZWS,Westport Airport,Westport,NZ,-41.737111,171.579033,13,Pacific/Auckland,medium_airport
WTB,YBWW,Toowoomba Wellcamp Airport,Toowoomba,AU,-27.558332,151.793335,1509,Australia/Brisbane,medium_airport
WTN,EGXW,RAF Waddington,"Lincoln, Lincolnshire",GB,53.166199,-0.523811,231,Europe/London,medium_airport
WUH,ZHHH,Wuhan Tianhe International Airport,Wuhan (Huangpi),CN,30.774798,114.213723,113,Asia/Shanghai,large_airport
WUN,YWLU,Wiluna Airport,,AU,-26.629199981689453,120.22100067138672,1649,Australia/Perth,medium_airport
WUS,ZSWY,Nanping Wuyishan Airport,Wuyishan,CN,27.7019,118.000999,614,Asia/Shanghai,medium_airport
WUU,,Wau Airport,Wau,SS,7.72583,27.975,1529,Africa/Juba,medium_airport
WUX,ZSWX,Sunan Shuofang International Airport,Wuxi,CN,31.494400024399997,120.429000854,24,Asia/Shanghai,medium_airport
WUZ,ZGWZ,Wuzhou Xijiang Airport,Tangbu,CN,23.40316,111.09331,357,Asia/Shanghai,medium_airport
WVB,FYWB,Walvis Bay Airport,Rooikop,NA,-22.979332,14.647102,299,Africa/Windhoek,medium_airport
WVK,FMSK,Manakara Airport,Manakara,MG,-22.119699,48.021702,33,Indian/Antananarivo,medium_airport
WWA,PAWS,Wasilla Airport,Wasilla,US,61.571701,-149.539993,354,America/Anchorage,medium_airport
WWD,KWWD,Cape May County Airport,Wildwood,US,39.008499145500004,-74.9083023071,23,America/New_York,medium_airport
WWK,AYWK,Wewak International Airport,Wewak,PG,-3.58383011818,143.669006348,19,Pacific/Port_Moresby,medium_airport
WWR,KWWR,West Woodward Airport,Woodward,US,36.438,-99.5226667,2189,America/Chicago,medium_airport
WWY,YWWL,West Wyalong Airport,West Wyalong,AU,-33.9371986389,147.190994263,859,Australia/Sydney,medium_airport
WYA,YWHA,Whyalla Airport,Whyalla,AU,-33.05889892578125,137.51400756835938,41,Australia/Adelaide,medium_airport
WYE,GFYE,Yengema Airport,Yengema,SL,8.61047,-11.0454,1300,Africa/Freetown,medium_airport
WYS,KWYS,Yellowstone Airport,West Yellowstone,US,44.6884,-111.117996,6649,America/Denver,medium_airport
XAI,ZHXY,Xinyang Minggang Airport,Xinyang,CN,32.540819,114.079141,312,Asia/Shanghai,medium_airport
XAP,SBCH,Serafin Enoss Bertaso Airport,Chapecó,BR,-27.134199,-52.656601,2154,America/Sao_Paulo,medium_airport
XBJ,OIMB,Birjand International Airport,Birjand,IR,32.896525,59.281258,4952,Asia/Tehran,medium_airport
XCH,YPXM,Christmas Island Airport,Flying Fish Cove,CX,-10.449382,105.690931,916,Indian/Christmas,medium_airport
XCR,LFOK,Chalons Vatry airport,Chalons en Champagne,FR,48.77333,4.20611,587,Europe/Paris,medium_airport
XEN,ZYXC,Xingcheng Air Base,Huludao (Xingcheng),CN,40.580328,120.700374,30,Asia/Shanghai,medium_airport
XFN,ZHXF,Xiangyang Liuji Airport,Xiangyang (Xiangzhou),CN,32.152222,112.291666,234,Asia/Shanghai,medium_airport
XFW,EDHI,Hamburg-Finkenwerder Airport,Hamburg,DE,53.5352783203125,9.835556030273438,23,Europe/Berlin,medium_airport
XGN,FNXA,Xangongo Airport,Xangongo,AO,-16.755399703979492,14.965299606323242,3635,Africa/Luanda,medium_airport
XIC,ZUXC,Xichang Qingshan Airport,Liangshan (Xichang),CN,27.9891,102.183998,5112,Asia/Shanghai,medium_airport
XIJ,OKAJ,Ahmed Al Jaber Air Base,Ahmed Al Jaber AB,KW,28.9347991943,47.791900634799994,409,Asia/Kuwait,medium_airport
XIL,ZBXH,Xilinhot Airport,Xilinhot,CN,43.91559982299805,115.96399688720703,,Asia/Shanghai,medium_airport
XIY,ZLXY,Xi'an Xianyang International Airport,Xianyang (Weicheng),CN,34.447102,108.751999,1572,Asia/Shanghai,large_airport
XJD,OTBH,Al Udeid Air Base,Ar Rayyan,QA,25.1173000336,51.3149986267,130,N/A,medium_airport
XJM,OPMA,Mangla Airport,Mangla,PK,33.05009841918945,73.63839721679688,902,Asia/Karachi,medium_airport
XKS,CYAQ,Kasabonika Airport,Kasabonika,CA,53.52470016479492,-88.6427993774414,672,America/Toronto,medium_airport
XLS,GOSS,Saint Louis Airport,Saint Louis,SN,16.049814,-16.461039,9,Africa/Dakar,medium_airport
XMH,NTGI,Manihi Airport,,PF,-14.436800003051758,-146.07000732421875,14,Pacific/Tahiti,medium_airport
XMN,ZSAM,Xiamen Gaoqi International Airport,Xiamen,CN,24.54400062561035,118.12799835205078,59,Asia/Shanghai,large_airport
XMS,SEMC,Coronel E Carvajal Airport,Macas,EC,-2.2991700172424316,-78.12079620361328,3452,America/Guayaquil,medium_airport
XNA,KXNA,Northwest Arkansas National Airport,Fayetteville/Springdale/Rogers,US,36.281898,-94.306801,1287,America/Chicago,medium_airport
XNH,,Ali Air Base,Nasiriyah,IQ,30.935801,46.090099,20,N/A,medium_airport
XNN,ZLXN,Xining Caojiabao International Airport,Haidong (Huzhu Tu Autonomous County),CN,36.530093,102.040062,7119,Asia/Shanghai,medium_airport
XPL,MHPR,Palmerola International Airport / José Enrique Soto Cano Air Base,Palmerola,HN,14.3824,-87.621201,2061,America/Tegucigalpa,medium_airport
XQP,MRQP,Quepos Managua Airport,Quepos,CR,9.44316,-84.129799,85,America/Costa_Rica,medium_airport
XQU,,Qualicum Beach Airport,Qualicum Beach,CA,49.337456,-124.393086,191,America/Vancouver,medium_airport
XRH,YSRI,RAAF Base Richmond,Richmond,AU,-33.604652,150.783051,67,Australia/Sydney,medium_airport
XRR,CYDM,Ross River Airport,Ross River,CA,61.9706001282,-132.42300415,2314,America/Whitehorse,medium_airport
XRY,LEJR,Jerez Airport,Jerez de la Frontera,ES,36.744598,-6.06011,93,Europe/Madrid,medium_airport
XSB,OMBY,Sir Bani Yas Airport,Sir Bani Yas,AE,24.283611,52.580278,25,Asia/Dubai,medium_airport
XSC,MBSC,South Caicos Airport,South Caicos,TC,21.515699,-71.528503,6,America/Grand_Turk,medium_airport
XSP,WSSL,Seletar Airport,Seletar,SG,1.41555,103.86673,36,Asia/Singapore,medium_airport
XTG,YTGM,Thargomindah Airport,Thargomindah,AU,-27.986368,143.812065,433,Australia/Brisbane,medium_airport
XUZ,ZSXZ,Xuzhou Guanyin International Airport,Xuzhou,CN,34.059056,117.555278,108,Asia/Shanghai,medium_airport
XWA,KXWA,Williston Basin International Airport,Williston,US,48.258387,-103.748797,2344,America/Chicago,medium_airport
YAA,,Anahim Lake Airport,Anahim Lake,CA,52.451501,-125.303776,3635,America/Vancouver,medium_airport
YAG,CYAG,Fort Frances Municipal Airport,Fort Frances,CA,48.655749,-93.44349,1125,America/Winnipeg,medium_airport
YAH,CYAH,La Grande-4 Airport,La Grande-4,CA,53.754699707,-73.6753005981,1005,America/Toronto,medium_airport
YAI,SCCH,Gral. Bernardo O´Higgins Airport,Chillan,CL,-36.5825,-72.031403,495,America/Santiago,medium_airport
YAK,PAYA,Yakutat Airport,Yakutat,US,59.508717,-139.660435,33,America/Anchorage,medium_airport
YAM,CYAM,Sault Ste Marie Airport,Sault Ste Marie,CA,46.483216,-84.508467,630,America/Toronto,medium_airport
YAO,FKKY,Yaoundé Airport,Yaoundé,CM,3.83604,11.5235,2464,Africa/Douala,medium_airport
YAP,PTYA,Yap International Airport,Yap Island,FM,9.49891,138.082993,91,Pacific/Chuuk,medium_airport
YAY,CYAY,St. Anthony Airport,St. Anthony,CA,51.391909,-56.08321,108,America/St_Johns,medium_airport
YAZ,CYAZ,Tofino / Long Beach Airport,Tofino,CA,49.079833,-125.775583,80,America/Vancouver,medium_airport
YBC,CYBC,Baie-Comeau Airport,Baie-Comeau,CA,49.1325,-68.204399,71,America/Toronto,medium_airport
YBG,CYBG,CFB Bagotville / Saguenay-Bagotville Airport,La Baie,CA,48.331908,-70.992909,522,America/Toronto,medium_airport
YBK,CYBK,Baker Lake Airport,Baker Lake,CA,64.29889678960001,-96.077796936,59,America/Winnipeg,medium_airport
YBL,CYBL,Campbell River Airport,Campbell River,CA,49.950802,-125.271004,346,America/Vancouver,medium_airport
YBP,ZUYB,Yibin Wuliangye Airport,Yibin (Cuiping),CN,28.858431,104.526157,1378,Asia/Shanghai,medium_airport
YBR,CYBR,Brandon Municipal Airport,Brandon,CA,49.91,-99.951897,1343,America/Winnipeg,medium_airport
YBX,CYBX,Lourdes-de-Blanc-Sablon Airport,Blanc-Sablon,CA,51.4436,-57.185299,121,America/Blanc-Sablon,medium_airport
YBY,CYBF,Bonnyville Airport,Bonnyville,CA,54.304199,-110.744003,1836,America/Edmonton,medium_airport
YCB,CYCB,Cambridge Bay Airport,Cambridge Bay,CA,69.1081008911,-105.138000488,90,America/Edmonton,medium_airport
YCC,CYCC,Cornwall Regional Airport,Cornwall,CA,45.092637,-74.567724,175,America/Toronto,medium_airport
YCD,CYCD,Nanaimo Airport,Nanaimo,CA,49.05497,-123.869863,92,America/Vancouver,medium_airport
YCE,CYCE,Centralia / James T. Field Memorial Aerodrome,Huron Park,CA,43.285599,-81.508301,824,America/Toronto,medium_airport
YCG,CYCG,Castlegar/West Kootenay Regional Airport,Castlegar,CA,49.296398,-117.632004,1624,America/Vancouver,medium_airport
YCH,CYCH,Miramichi Airport,Miramichi,CA,47.007801,-65.449203,108,America/Halifax,medium_airport
YCL,CYCL,Charlo Airport,Charlo,CA,47.990799,-66.330299,132,America/Halifax,medium_airport
YCM,CYSN,Niagara District Airport,Niagara-on-the-Lake,CA,43.191598,-79.171686,321,America/Toronto,medium_airport
YCN,CYCN,Cochrane Airport,Cochrane,CA,49.10559844970703,-81.01360321044922,861,America/Toronto,medium_airport
YCQ,CYCQ,Chetwynd Airport,Chetwynd,CA,55.687198638916016,-121.62699890136719,2000,America/Dawson_Creek,medium_airport
YCU,ZBYC,Yuncheng Yanhu International Airport,Yuncheng (Yanhu),CN,35.116391,111.031389,1242,Asia/Shanghai,medium_airport
YDA,CYDA,Dawson City Airport,Dawson City,CA,64.04309844970703,-139.1280059814453,1215,America/Vancouver,medium_airport
YDB,CYDB,Burwash Airport,Burwash Landing,CA,61.371101,-139.041,2647,America/Vancouver,medium_airport
YDF,CYDF,Deer Lake Airport,Deer Lake,CA,49.2108,-57.391399,72,America/St_Johns,medium_airport
YDG,CYID,Digby / Annapolis Regional Airport,Digby,CA,44.5458450365,-65.7854247093,499,America/Halifax,medium_airport
YDN,CYDN,Dauphin Barker Airport,Dauphin,CA,51.1008,-100.052002,999,America/Winnipeg,medium_airport
YDO,CYDO,Dolbeau-Saint-Felicien Airport,Dolbeau-Saint-Felicien,CA,48.7785,-72.375,372,America/Toronto,medium_airport
YDQ,CYDQ,Dawson Creek Airport,Dawson Creek,CA,55.741245,-120.183263,2148,America/Dawson_Creek,medium_airport
YDT,CZBB,Boundary Bay Airport,Delta,CA,49.0742,-123.012001,6,America/Vancouver,medium_airport
YEC,RKTY,Yecheon Airbase,Yecheon-ri,KR,36.630373,128.34971,354,Asia/Seoul,medium_airport
YEG,CYEG,Edmonton International Airport,Edmonton,CA,53.3097,-113.580002,2373,America/Edmonton,large_airport
YEI,LTBR,Bursa Yenişehir Airport,Yenişehir,TR,40.255199,29.562599,764,Europe/Istanbul,medium_airport
YEL,CYEL,Elliot Lake Municipal Airport,Elliot Lake,CA,46.351398468,-82.5614013672,1087,America/Toronto,medium_airport
YEM,CYEM,Manitoulin East Municipal Airport,Sheguiandah,CA,45.842435,-81.857595,869,America/Toronto,medium_airport
YEN,CYEN,Estevan Airport,Estevan,CA,49.2103004456,-102.966003418,1905,America/Regina,medium_airport
YEO,EGDY,RNAS Yeovilton,"Yeovil, Somerset",GB,51.009399,-2.63882,75,Europe/London,medium_airport
YES,OISY,Yasuj Airport,Yasuj,IR,30.702238,51.542988,5939,Asia/Tehran,medium_airport
YET,CYET,Edson Airport,Edson,CA,53.578899383499994,-116.464996338,3043,America/Edmonton,medium_airport
YEV,CYEV,Inuvik Mike Zubko Airport,Inuvik,CA,68.30419921880001,-133.483001709,224,America/Inuvik,medium_airport
YEY,CYEY,Amos/Magny Airport,Amos,CA,48.563903,-78.249702,1068,America/Toronto,medium_airport
YFB,CYFB,Iqaluit Airport,Iqaluit,CA,63.756402,-68.555801,110,America/Toronto,medium_airport
YFC,CYFC,Fredericton Airport,Fredericton,CA,45.868900299072266,-66.53720092773438,68,America/Moncton,medium_airport
YFE,CYFE,Forestville Airport,Forestville,CA,48.74610137939453,-69.09719848632812,293,America/Toronto,medium_airport
YFR,CYFR,Fort Resolution Airport,Fort Resolution,CA,61.1808013916,-113.690002441,526,America/Edmonton,medium_airport
YFS,CYFS,Fort Simpson Airport,Fort Simpson,CA,61.76020050048828,-121.23699951171875,555,America/Edmonton,medium_airport
YGJ,RJOH,Yonago Kitaro Airport / JASDF Miho Air Base,Yonago,JP,35.492199,133.235992,20,Asia/Tokyo,medium_airport
YGK,CYGK,Kingston Norman Rogers Airport,Kingston,CA,44.2253,-76.596901,305,America/Toronto,medium_airport
YGL,CYGL,La Grande Rivière Airport,La Grande Rivière,CA,53.625301361083984,-77.7042007446289,639,America/Toronto,medium_airport
YGM,CYGM,Gimli Industrial Park Airport,Gimli,CA,50.62810134887695,-97.04329681396484,753,America/Winnipeg,medium_airport
YGP,CYGP,Michel-Pouliot Gaspé Airport,Gaspé,CA,48.774915,-64.481893,112,America/Toronto,medium_airport
YGQ,CYGQ,Geraldton Greenstone Regional Airport,Geraldton,CA,49.77830123901367,-86.93939971923828,1144,America/Toronto,medium_airport
YGR,CYGR,Îles-de-la-Madeleine Airport,Les Îles-de-la-Madeleine,CA,47.425242,-61.778612,35,America/Toronto,medium_airport
YGV,CYGV,Havre-Saint-Pierre Airport,Havre-Saint-Pierre,CA,50.281898,-63.611401,124,America/Toronto,medium_airport
YGW,CYGW,Kuujjuarapik Airport,Kuujjuarapik,CA,55.281898498535156,-77.76529693603516,34,America/Toronto,medium_airport
YHD,CYHD,Dryden Regional Airport,Dryden,CA,49.831699,-92.744202,1354,America/Winnipeg,medium_airport
YHF,CYHF,Hearst René Fontaine Municipal Airport,Hearst,CA,49.71419906616211,-83.68609619140625,827,America/Toronto,medium_airport
YHM,CYHM,John C. Munro Hamilton International Airport,Hamilton,CA,43.173599243199995,-79.93499755859999,780,America/Toronto,medium_airport
YHN,CYHN,Hornepayne Municipal Airport,Hornepayne,CA,49.19309997558594,-84.75890350341797,1099,America/Toronto,medium_airport
YHT,CYHT,Haines Junction Airport,Haines Junction,CA,60.7892,-137.546005,2150,America/Whitehorse,medium_airport
YHU,CYHU,Montréal / Saint-Hubert Metropolitan Airport,Montréal,CA,45.517502,-73.416901,90,America/Toronto,medium_airport
YHY,CYHY,Hay River / Merlyn Carter Airport,Hay River,CA,60.8396987915,-115.782997131,541,America/Yellowknife,medium_airport
YHZ,CYHZ,Halifax / Stanfield International Airport,Halifax,CA,44.8807983398,-63.5085983276,477,America/Halifax,large_airport
YIA,WAHI,Yogyakarta International Airport,Yogyakarta,ID,-7.905338,110.057264,24,Asia/Jakarta,medium_airport
YIB,CYIB,Atikokan Municipal Airport,Atikokan,CA,48.773899,-91.638603,1408,America/Panama,medium_airport
YIC,ZSYC,Yichun Mingyueshan Airport,Yichun,CN,27.8025,114.3062,430,N/A,medium_airport
YIE,ZBES,Arxan Yi'ershi Airport,Arxan,CN,47.3106,119.9117,2925,Asia/Shanghai,medium_airport
YIF,CYIF,St Augustin Airport,St-Augustin,CA,51.2117,-58.658298,20,America/Blanc-Sablon,medium_airport
YIH,ZHYC,Yichang Sanxia Airport,Yichang (Xiaoting),CN,30.554132,111.482563,673,Asia/Shanghai,medium_airport
YIP,KYIP,Willow Run Airport,Detroit,US,42.2379,-83.530403,716,America/New_York,medium_airport
YIV,CYIV,Island Lake Airport,Island Lake,CA,53.857200622558594,-94.65360260009766,770,America/Winnipeg,medium_airport
YIW,ZSYW,Yiwu Airport,Jinhua (Yiwu),CN,29.342095,120.03116,262,Asia/Shanghai,medium_airport
YJF,CYJF,Fort Liard Airport,Fort Liard,CA,60.235801696799996,-123.46900177,708,America/Yellowknife,medium_airport
YJN,CYJN,St Jean Airport,St Jean,CA,45.29439926147461,-73.28109741210938,136,America/Toronto,medium_airport
YJT,CYJT,Dymond Airport,Stephenville,CA,48.544201,-58.549999,84,America/St_Johns,medium_airport
YKA,CYKA,Kamloops John Moose Fulton Field Regional Airport,Kamloops,CA,50.703038,-120.448641,1133,America/Vancouver,medium_airport
YKD,CYKM,Kincardine Municipal Airport,Kincardine,CA,44.201401,-81.606697,772,America/Toronto,medium_airport
YKF,CYKF,Region of Waterloo International Airport,Breslau,CA,43.4608,-80.378601,1054,America/Toronto,medium_airport
YKH,ZYYK,Yingkou Lanqi Airport,Yingkou (Laobian),CN,40.542524,122.3586,,N/A,medium_airport
YKJ,CYKJ,Key Lake Airport,Key Lake,CA,57.256099700927734,-105.61799621582031,1679,America/Regina,medium_airport
YKL,CYKL,Schefferville Airport,Schefferville,CA,54.805301666259766,-66.8052978515625,1709,America/Toronto,medium_airport
YKM,KYKM,Yakima Air Terminal McAllister Field,Yakima,US,46.56819916,-120.5439987,1099,America/Los_Angeles,medium_airport
YKN,KYKN,Chan Gurney Municipal Airport,Yankton,US,42.916698455811,-97.385902404785,1306,America/Chicago,medium_airport
YKO,LTCW,Hakkari Yüksekova Airport,Hakkari,TR,37.5497,44.2381,6400,Europe/Istanbul,medium_airport
YKS,UEEE,Yakutsk Airport,Yakutsk,RU,62.093299865722656,129.77099609375,325,Asia/Yakutsk,medium_airport
YKX,CYKX,Kirkland Lake Airport,Kirkland Lake,CA,48.21030044555664,-79.98139953613281,1157,America/Toronto,medium_airport
YKY,CYKY,Kindersley Airport,Kindersley,CA,51.5175018311,-109.180999756,2277,America/Regina,medium_airport
YLD,CYLD,Chapleau Airport,Chapleau,CA,47.81999969482422,-83.3467025756836,1470,America/Toronto,medium_airport
YLI,EFYL,Ylivieska Airfield,Ylivieska,FI,64.054722,24.725278,252,Europe/Helsinki,medium_airport
YLJ,CYLJ,Meadow Lake Airport,Meadow Lake,CA,54.125301361083984,-108.52300262451172,1576,America/Regina,medium_airport
YLK,CYLS,Barrie-Lake Simcoe Regional Airport,Barrie,CA,44.485056,-79.554663,972,America/Toronto,medium_airport
YLL,CYLL,Lloydminster Airport,Lloydminster,CA,53.3092,-110.072998,2193,America/Edmonton,medium_airport
YLR,CYLR,Leaf Rapids Airport,Leaf Rapids,CA,56.513301849365234,-99.98529815673828,959,America/Winnipeg,medium_airport
YLT,CYLT,Alert Airport,Alert,CA,82.517799,-62.280602,100,America/Toronto,medium_airport
YLW,CYLW,Kelowna International Airport,Kelowna,CA,49.9561,-119.377998,1421,America/Vancouver,medium_airport
YLX,ZGYL,Yulin Fumian Airport,Yùlín,CN,22.438056,110.120833,328,Asia/Shanghai,medium_airport
YLY,CYNJ,Langley Airport,Langley,CA,49.1008,-122.630997,34,America/Vancouver,medium_airport
YMA,CYMA,Mayo Airport,Mayo,CA,63.61640167236328,-135.8679962158203,1653,America/Vancouver,medium_airport
YME,CYME,Matane Airport,Matane,CA,48.85689926147461,-67.45330047607422,102,America/Toronto,medium_airport
YMG,CYMG,Manitouwadge Airport,Manitouwadge,CA,49.083900451660156,-85.86060333251953,1198,America/Toronto,medium_airport
YMJ,CYMJ,Moose Jaw Air Vice Marshal C. M. McEwen Airport,Moose Jaw,CA,50.330299377441406,-105.55899810791016,1892,America/Regina,medium_airport
YML,CYML,Charlevoix Airport,Charlevoix,CA,47.59749984741211,-70.2238998413086,977,America/Toronto,medium_airport
YMM,CYMM,Fort McMurray Airport,Fort McMurray,CA,56.653301239,-111.222000122,1211,America/Edmonton,medium_airport
YMO,CYMO,Moosonee Airport,Moosonee,CA,51.291099548339844,-80.60780334472656,30,America/Toronto,medium_airport
YMS,SPMS,Moises Benzaquen Rengifo Airport,Yurimaguas,PE,-5.89377,-76.118202,587,America/Lima,medium_airport
YMT,CYMT,Chapais Airport,Chibougamau,CA,49.77190017700195,-74.5280990600586,1270,America/Toronto,medium_airport
YMX,CYMX,Montreal International (Mirabel) Airport,Montréal,CA,45.679501,-74.038696,270,America/Toronto,medium_airport
YNA,CYNA,Natashquan Airport,Natashquan,CA,50.190114,-61.78898,39,America/Toronto,medium_airport
YNB,OEYN,Prince Abdul Mohsin bin Abdulaziz International Airport / Yanbu Airport,Yanbu,SA,24.144199,38.0634,26,Asia/Riyadh,medium_airport
YND,CYND,Ottawa / Gatineau Airport,Gatineau,CA,45.521702,-75.563599,211,America/Toronto,medium_airport
YNG,KYNG,Youngstown Warren Regional Airport,Youngstown/Warren,US,41.26070023,-80.67910004,1192,America/New_York,medium_airport
YNJ,ZYYJ,Yanji Chaoyangchuan Airport,Yanji,CN,42.8828010559,129.451004028,624,Asia/Shanghai,medium_airport
YNL,CYNL,Points North Landing Airport,Points North Landing,CA,58.27669906616211,-104.08200073242188,1605,America/Regina,medium_airport
YNM,CYNM,Matagami Airport,Matagami,CA,49.76169967651367,-77.80280303955078,918,America/Toronto,medium_airport
YNT,ZSYT,Yantai Penglai International Airport,Yantai,CN,37.659724,120.978124,154,Asia/Shanghai,large_airport
YNY,RKNY,Yangyang International Airport,Gonghang-ro,KR,38.061298,128.669006,241,Asia/Seoul,medium_airport
YNZ,ZSYN,Yancheng Nanyang International Airport,Yancheng (Tinghu),CN,33.425833,120.203056,10,Asia/Shanghai,medium_airport
YOA,CYOA,Ekati Airport,Ekati,CA,64.6988983154,-110.614997864,1536,America/Edmonton,medium_airport
YOD,CYOD,CFB Cold Lake,Cold Lake,CA,54.404998779296875,-110.27899932861328,1775,America/Edmonton,medium_airport
YOJ,CYOJ,High Level Airport,High Level,CA,58.62139892578125,-117.16500091552734,1110,America/Edmonton,medium_airport
YOL,DNYO,Yola Airport,Yola,NG,9.257550239562988,12.430399894714355,599,Africa/Lagos,medium_airport
YOO,CYOO,Oshawa Executive Airport,Oshawa,CA,43.922798,-78.894997,460,America/Toronto,medium_airport
YOP,CYOP,Rainbow Lake Airport,Rainbow Lake,CA,58.491402,-119.407997,1759,America/Edmonton,medium_airport
YOS,CYOS,Owen Sound / Billy Bishop Regional Airport,Owen Sound,CA,44.5903015137,-80.8375015259,1007,America/Toronto,medium_airport
YOW,CYOW,Ottawa Macdonald-Cartier International Airport,Ottawa,CA,45.322498,-75.669197,374,America/Toronto,large_airport
YPA,CYPA,Prince Albert Glass Field,Prince Albert,CA,53.214199066199996,-105.672996521,1405,America/Regina,medium_airport
YPE,CYPE,Peace River Airport,Peace River,CA,56.226898,-117.446999,1873,America/Edmonton,medium_airport
YPG,CYPG,Portage-la-Prairie / Southport Airport,Portage la Prairie,CA,49.903099,-98.273817,885,America/Winnipeg,medium_airport
YPL,CYPL,Pickle Lake Airport,Pickle Lake,CA,51.4463996887207,-90.21420288085938,1267,America/Panama,medium_airport
YPN,CYPN,Port-Menier Airport,Port-Menier,CA,49.836399,-64.288597,167,America/Toronto,medium_airport
YPQ,CYPQ,Peterborough Municipal Airport,Peterborough,CA,44.23,-78.363297,628,America/Toronto,medium_airport
YPR,CYPR,Prince Rupert Airport,Prince Rupert,CA,54.286098480199996,-130.445007324,116,America/Vancouver,medium_airport
YPS,CYPD,Port Hawkesbury Airport,Port Hawkesbury,CA,45.6567001343,-61.3680992126,377,America/Halifax,medium_airport
YPW,CYPW,Powell River Airport,Powell River,CA,49.83420181274414,-124.5,425,America/Vancouver,medium_airport
YPX,CYPX,Puvirnituq Airport,Puvirnituq,CA,60.050598,-77.286903,74,America/Toronto,medium_airport
YPY,CYPY,Fort Chipewyan Airport,Fort Chipewyan,CA,58.7672004699707,-111.11699676513672,761,America/Edmonton,medium_airport
YPZ,CYPZ,Burns Lake Airport,Burns Lake,CA,54.3764,-125.950996,2343,America/Vancouver,medium_airport
YQA,CYQA,Muskoka Airport,Gravenhurst,CA,44.975376,-79.306546,925,America/Toronto,medium_airport
YQB,CYQB,Quebec Jean Lesage International Airport,Quebec,CA,46.7911,-71.393303,244,America/Toronto,large_airport
YQD,CYQD,The Pas Airport,The Pas,CA,53.97140121459961,-101.09100341796875,887,America/Winnipeg,medium_airport
YQF,CYQF,Red Deer Regional Airport,Springbrook,CA,52.182201,-113.893997,2968,America/Edmonton,medium_airport
YQG,CYQG,Windsor Airport,Windsor,CA,42.27560043334961,-82.95559692382812,622,America/Toronto,medium_airport
YQH,CYQH,Watson Lake Airport,Watson Lake,CA,60.116839,-128.821993,2255,America/Vancouver,medium_airport
YQI,CYQI,Yarmouth Airport,Yarmouth,CA,43.826900482177734,-66.08809661865234,141,America/Halifax,medium_airport
YQK,CYQK,Kenora Airport,Kenora,CA,49.788299560546875,-94.36309814453125,1332,America/Winnipeg,medium_airport
YQL,CYQL,Lethbridge County Airport,Lethbridge,CA,49.6302986145,-112.800003052,3048,America/Edmonton,medium_airport
YQM,CYQM,Greater Moncton Roméo LeBlanc International Airport,Moncton,CA,46.112202,-64.678596,232,America/Halifax,medium_airport
YQN,CYQN,Nakina Airport,Nakina,CA,50.18280029296875,-86.69640350341797,1057,America/Toronto,medium_airport
YQQ,CYQQ,Comox Valley Airport / CFB Comox,Comox,CA,49.7108,-124.887001,84,America/Vancouver,medium_airport
YQR,CYQR,Regina International Airport,Regina,CA,50.43190002441406,-104.66600036621094,1894,America/Regina,medium_airport
YQS,CYQS,St Thomas Municipal Airport,St Thomas,CA,42.77000045776367,-81.11080169677734,778,America/Toronto,medium_airport
YQT,CYQT,Thunder Bay Airport,Thunder Bay,CA,48.37189865112305,-89.32389831542969,653,America/Thunder_Bay,medium_airport
YQU,CYQU,Grande Prairie Airport,Grande Prairie,CA,55.1796989441,-118.885002136,2195,America/Edmonton,medium_airport
YQV,CYQV,Yorkton Municipal Airport,Yorkton,CA,51.26470184326172,-102.46199798583984,1635,America/Regina,medium_airport
YQW,CYQW,North Battleford Airport,North Battleford,CA,52.769409,-108.243742,1799,America/Regina,medium_airport
YQX,CYQX,Gander International Airport / CFB Gander,Gander,CA,48.936258,-54.567719,496,America/St_Johns,medium_airport
YQY,CYQY,Sydney / J.A. Douglas McCurdy Airport,Sydney,CA,46.1614,-60.047798,203,America/Glace_Bay,medium_airport
YQZ,CYQZ,Quesnel Airport,Quesnel,CA,53.026100158691406,-122.51000213623047,1789,America/Vancouver,medium_airport
YRB,CYRB,Resolute Bay Airport,Resolute Bay,CA,74.7169036865,-94.9693984985,215,America/Winnipeg,medium_airport
YRI,CYRI,Rivière-du-Loup Airport,Rivière-du-Loup,CA,47.764400482177734,-69.58470153808594,427,America/Toronto,medium_airport
YRJ,CYRJ,Roberval Airport,Roberval,CA,48.519665,-72.265735,586,America/Toronto,medium_airport
YRL,CYRL,Red Lake Airport,Red Lake,CA,51.066898345947266,-93.79309844970703,1265,America/Winnipeg,medium_airport
YRO,CYRO,Ottawa / Rockcliffe Airport,Ottawa,CA,45.4603004456,-75.64610290530001,188,America/Toronto,medium_airport
YRQ,CYRQ,Trois-Rivières Airport,Trois-Rivières,CA,46.35279846191406,-72.67939758300781,199,America/Toronto,medium_airport
YRT,CYRT,Rankin Inlet Airport,Rankin Inlet,CA,62.8114013672,-92.1157989502,94,America/Winnipeg,medium_airport
YRV,CYRV,Revelstoke Airport,Revelstoke,CA,50.962245,-118.184258,1459,America/Vancouver,medium_airport
YSB,CYSB,Sudbury Airport,Sudbury,CA,46.625,-80.79889678955078,1141,America/Toronto,medium_airport
YSC,CYSC,Sherbrooke Airport,Sherbrooke,CA,45.438599,-71.691399,792,America/Toronto,medium_airport
YSF,CYSF,Stony Rapids Airport,Stony Rapids,CA,59.250301361083984,-105.84100341796875,805,America/Regina,medium_airport
YSH,CYSH,Smiths Falls-Montague (Russ Beach) Airport,Smiths Falls,CA,44.945801,-75.940598,416,America/Toronto,medium_airport
YSJ,CYSJ,Saint John Airport,Saint John,CA,45.31610107421875,-65.89029693603516,357,America/Halifax,medium_airport
YSL,CYSL,Saint-Léonard Airport,Saint-Léonard,CA,47.157097,-67.836242,793,America/Moncton,medium_airport
YSM,CYSM,Fort Smith Airport,Fort Smith,CA,60.020302,-111.961998,671,America/Edmonton,medium_airport
YSN,CZAM,Shuswap Regional Airport,Salmon Arm,CA,50.682802,-119.228996,1751,America/Vancouver,medium_airport
YSP,CYSP,Marathon Airport,Marathon,CA,48.75529861450195,-86.34439849853516,1035,America/Toronto,medium_airport
YSQ,ZYSQ,Songyuan Chaganhu Airport,Qian Gorlos Mongol Autonomous County,CN,44.931143,124.552121,459,Asia/Shanghai,medium_airport
YSU,CYSU,Summerside Airport,Slemon Park,CA,46.440601,-63.833599,56,America/Halifax,medium_airport
YTA,CYTA,Pembroke Airport,Pembroke,CA,45.86439895629883,-77.25170135498047,529,America/Toronto,medium_airport
YTD,CZLQ,Thicket Portage Airport,Thicket Portage,CA,55.31890106201172,-97.70780181884766,678,America/Winnipeg,medium_airport
YTF,CYTF,Alma Airport,Alma,CA,48.5089,-71.641899,445,America/Toronto,medium_airport
YTH,CYTH,Thompson Airport,Thompson,CA,55.80110168457031,-97.86419677734375,729,America/Winnipeg,medium_airport
YTM,CYFJ,Mont-Tremblant International Airport,La Macaza,CA,46.409401,-74.779999,827,America/Toronto,medium_airport
YTR,CYTR,CFB Trenton,Trenton,CA,44.118900299072266,-77.5280990600586,283,America/Toronto,medium_airport
YTS,CYTS,Timmins/Victor M. Power,Timmins,CA,48.569698333699996,-81.376701355,967,America/Toronto,medium_airport
YTY,ZSYA,Yangzhou Taizhou Airport,Yangzhou,CN,32.5634,119.7198,7,N/A,medium_airport
YTZ,CYTZ,Billy Bishop Toronto City Centre Airport,Toronto,CA,43.627499,-79.396202,252,America/Toronto,medium_airport
YUA,ZPYM,Yuanmou Air Base,Chuxiong (Yuanmou),CN,25.737499,101.882004,3810,N/A,medium_airport
YUL,CYUL,Montreal / Pierre Elliott Trudeau International Airport,Montréal,CA,45.467837,-73.742294,118,America/Toronto,large_airport
YUM,KNYL,Yuma International Airport / Marine Corps Air Station Yuma,Yuma,US,32.650938,-114.609375,213,America/Phoenix,medium_airport
YUS,ZLYS,Yushu Batang Airport,Yushu (Batang),CN,32.836389,97.036389,12816,Asia/Shanghai,medium_airport
YUX,CYUX,Hall Beach Airport,Sanirajak,CA,68.7761,-81.2425,30,America/Toronto,medium_airport
YUY,CYUY,Rouyn Noranda Airport,Rouyn-Noranda,CA,48.20610046386719,-78.83560180664062,988,America/Toronto,medium_airport
YVB,CYVB,Bonaventure Airport,Bonaventure,CA,48.071098,-65.460297,123,America/Toronto,medium_airport
YVC,CYVC,La Ronge Airport,La Ronge,CA,55.151401519800004,-105.262001038,1242,America/Regina,medium_airport
YVE,CYVK,Vernon Regional Airport,Vernon,CA,50.246163,-119.330963,1140,America/Vancouver,medium_airport
YVO,CYVO,Val-d'Or Airport,Val-d'Or,CA,48.0532989502,-77.7827987671,1107,America/Toronto,medium_airport
YVP,CYVP,Kuujjuaq Airport,Kuujjuaq,CA,58.096099853515625,-68.4269027709961,129,America/Toronto,medium_airport
YVQ,CYVQ,Norman Wells Airport,Norman Wells,CA,65.28160095214844,-126.7979965209961,238,America/Edmonton,medium_airport
YVR,CYVR,Vancouver International Airport,Vancouver,CA,49.193901062,-123.183998108,14,America/Vancouver,large_airport
YVV,CYVV,Wiarton Airport,Wiarton,CA,44.7458,-81.107201,729,America/Toronto,medium_airport
YWG,CYWG,Winnipeg / James Armstrong Richardson International Airport,Winnipeg,CA,49.909999847399995,-97.2398986816,783,America/Winnipeg,large_airport
YWK,CYWK,Wabush Airport,Wabush,CA,52.92190170288086,-66.8644027709961,1808,America/Halifax,medium_airport
YWL,CYWL,Williams Lake Airport,Williams Lake,CA,52.1831016541,-122.054000854,3085,America/Vancouver,medium_airport
YWY,CYWY,Wrigley Airport,Wrigley,CA,63.20940017700195,-123.43699645996094,489,America/Edmonton,medium_airport
YXC,CYXC,Cranbrook/Canadian Rockies International Airport,Cranbrook,CA,49.610801696777,-115.78199768066,3082,America/Edmonton,medium_airport
YXE,CYXE,Saskatoon John G. Diefenbaker International Airport,Saskatoon,CA,52.170799255371094,-106.69999694824219,1653,America/Regina,medium_airport
YXH,CYXH,Medicine Hat Regional Airport,Medicine Hat,CA,50.018902,-110.721001,2352,America/Edmonton,medium_airport
YXJ,CYXJ,Fort St John / North Peace Regional Airport,Fort Saint John,CA,56.238098,-120.739998,2280,America/Dawson_Creek,medium_airport
YXK,CYXK,Rimouski Airport,Rimouski,CA,48.477644,-68.496323,82,America/Toronto,medium_airport
YXL,CYXL,Sioux Lookout Airport,Sioux Lookout,CA,50.11389923095703,-91.9052963256836,1258,America/Winnipeg,medium_airport
YXQ,CYXQ,Beaver Creek Airport,Beaver Creek,CA,62.410301208496094,-140.86700439453125,2131,America/Whitehorse,medium_airport
YXR,CYXR,Earlton (Timiskaming Regional) Airport,Earlton,CA,47.697400654599996,-79.8473453522,800,America/Toronto,medium_airport
YXS,CYXS,Prince George Airport,Prince George,CA,53.884311,-122.666554,2267,America/Vancouver,medium_airport
YXT,CYXT,Northwest Regional Airport Terrace-Kitimat,Terrace,CA,54.468498,-128.576009,713,America/Vancouver,medium_airport
YXU,CYXU,London Airport,London,CA,43.035599,-81.1539,912,America/Toronto,medium_airport
YXX,CYXX,Abbotsford International Airport,Abbotsford,CA,49.025299,-122.361,195,America/Vancouver,medium_airport
YXY,CYXY,Whitehorse / Erik Nielsen International Airport,Whitehorse,CA,60.709599,-135.067001,2317,America/Whitehorse,medium_airport
YXZ,CYXZ,Wawa Airport,Wawa,CA,47.96670150756836,-84.78669738769531,942,America/Toronto,medium_airport
YYA,ZGYY,Yueyang Sanhe Airport,Yueyang (Yueyanglou),CN,29.311699,113.281574,230,Asia/Shanghai,medium_airport
YYB,CYYB,North Bay Jack Garland Airport,North Bay,CA,46.363602,-79.422798,1215,America/Toronto,medium_airport
YYC,CYYC,Calgary International Airport,Calgary,CA,51.118822,-114.009933,3557,America/Edmonton,large_airport
YYD,CYYD,Smithers Airport,Smithers,CA,54.82469940185547,-127.18299865722656,1712,America/Vancouver,medium_airport
YYE,CYYE,Fort Nelson Airport,Fort Nelson,CA,58.8363990784,-122.597000122,1253,America/Fort_Nelson,medium_airport
YYF,CYYF,Penticton Airport,Penticton,CA,49.46310043334961,-119.60199737548828,1129,America/Vancouver,medium_airport
YYG,CYYG,Charlottetown Airport,Charlottetown,CA,46.290000915527344,-63.12110137939453,160,America/Halifax,medium_airport
YYJ,CYYJ,Victoria International Airport,Victoria,CA,48.647201,-123.427792,63,America/Vancouver,medium_airport
YYL,CYYL,Lynn Lake Airport,Lynn Lake,CA,56.86389923095703,-101.07599639892578,1170,America/Winnipeg,medium_airport
YYN,CYYN,Swift Current Airport,Swift Current,CA,50.291900634799994,-107.691001892,2680,America/Regina,medium_airport
YYQ,CYYQ,Churchill Airport,Churchill,CA,58.739200592041016,-94.06500244140625,94,America/Winnipeg,medium_airport
YYR,CYYR,Goose Bay Airport,Goose Bay,CA,53.3191986084,-60.4258003235,160,America/Goose_Bay,medium_airport
YYT,CYYT,St. John's International Airport,St. John's,CA,47.618599,-52.7519,461,America/St_Johns,large_airport
YYU,CYYU,Kapuskasing Airport,Kapuskasing,CA,49.411587,-82.469645,743,America/Toronto,medium_airport
YYW,CYYW,Armstrong Airport,Armstrong,CA,50.29029846191406,-88.90969848632812,1058,America/Toronto,medium_airport
YYY,CYYY,Mont Joli Airport,Mont-Joli,CA,48.60860061645508,-68.20809936523438,172,America/Toronto,medium_airport
YYZ,CYYZ,Toronto Lester B. Pearson International Airport,Toronto,CA,43.6772,-79.6306,569,America/Toronto,large_airport
YZA,,Cache Creek-Ashcroft Regional Airport,Cache Creek,CA,50.775258,-121.321314,2034,N/A,medium_airport
YZE,CYZE,Gore Bay Manitoulin Airport,Gore Bay,CA,45.8853,-82.567802,623,America/Toronto,medium_airport
YZF,CYZF,Yellowknife International Airport,Yellowknife,CA,62.462799,-114.440002,675,America/Edmonton,medium_airport
YZH,CYZH,Slave Lake Airport,Slave Lake,CA,55.292945,-114.777276,1912,America/Edmonton,medium_airport
YZP,CYZP,Sandspit Airport,Sandspit,CA,53.25429916379999,-131.813995361,21,America/Vancouver,medium_airport
YZR,CYZR,Chris Hadfield Airport,Sarnia,CA,42.999401,-82.308899,594,America/Toronto,medium_airport
YZS,CYZS,Coral Harbour Airport,Coral Harbour,CA,64.1932983398,-83.3593978882,210,America/Panama,medium_airport
YZT,CYZT,Port Hardy Airport,Port Hardy,CA,50.680599212646484,-127.36699676513672,71,America/Vancouver,medium_airport
YZU,CYZU,Whitecourt Airport,Whitecourt,CA,54.143902,-115.787003,2567,America/Edmonton,medium_airport
YZV,CYZV,Sept-Îles Airport,Sept-Îles,CA,50.22330093383789,-66.2656021118164,180,America/Toronto,medium_airport
YZW,CYZW,Teslin Airport,Teslin,CA,60.17279815673828,-132.7429962158203,2313,America/Vancouver,medium_airport
YZX,CYZX,CFB Greenwood,Greenwood,CA,44.98440170288086,-64.91690063476562,92,America/Halifax,medium_airport
ZAD,LDZD,Zadar Airport,Zemunik Donji (Zadar),HR,44.094988,15.354879,289,Europe/Zagreb,medium_airport
ZAG,LDZA,Zagreb Franjo Tuđman International Airport,Velika Gorica,HR,45.742901,16.0688,353,Europe/Zagreb,large_airport
ZAH,OIZH,Zahedan International Airport,Zahedan,IR,29.47570037841797,60.90620040893555,4564,Asia/Tehran,medium_airport
ZAL,SCVD,Pichoy Airport,Valdivia,CL,-39.6500015259,-73.0860977173,59,America/Santiago,medium_airport
ZAM,RPMZ,Zamboanga International Airport,Zamboanga,PH,6.92242,122.059998,33,Asia/Manila,medium_airport
ZAO,LFCC,Cahors Lalbenque airport,Cahors,FR,44.351398,1.47528,912,Europe/Paris,medium_airport
ZAR,DNZA,Zaria Airport,Zaria,NG,11.1302,7.68581,2170,Africa/Lagos,medium_airport
ZAZ,LEZG,Zaragoza Airport,Zaragoza,ES,41.666199,-1.04155,863,Europe/Madrid,medium_airport
ZBF,CZBF,Bathurst Airport,South Tetagouche,CA,47.6297,-65.738899,193,America/Halifax,medium_airport
ZBM,CZBM,Bromont (Roland Désourdy) Airport,Bromont,CA,45.290798,-72.741402,375,America/Toronto,medium_airport
ZBR,OIZC,Chabahar Konarak International Airport,Konarak,IR,25.44319,60.382167,13,Asia/Tehran,medium_airport
ZCL,MMZC,General Leobardo C. Ruiz International Airport,Zacatecas,MX,22.8971,-102.686996,7141,America/Mexico_City,medium_airport
ZCO,SCQP,La Araucanía Airport,Temuco,CL,-38.9259,-72.6515,333,America/Santiago,medium_airport
ZEC,FASC,Secunda Airport,Secunda,ZA,-26.52409935,29.170099258399997,5250,Africa/Johannesburg,medium_airport
ZEL,CBBC,Bella Bella (Campbell Island) Airport,Bella Bella,CA,52.185001,-128.156994,141,America/Vancouver,medium_airport
ZER,VEZO,Ziro Airport,Ziro,IN,27.588301,93.828102,5403,Asia/Kolkata,medium_airport
ZFA,CZFA,Faro Airport,Faro,CA,62.20750045776367,-133.37600708007812,2351,America/Vancouver,medium_airport
ZGF,CZGF,Grand Forks Airport,Grand Forks,CA,49.015598,-118.431,1720,America/Vancouver,medium_airport
ZGU,NVSQ,Gaua Island Airport,Gaua Island,VU,-14.2181,167.587006,100,Pacific/Efate,medium_airport
ZHA,ZGZJ,Zhanjiang Wuchuan Airport,Zhanjiang,CN,21.481667,110.590278,,Asia/Shanghai,medium_airport
ZHY,ZLZW,Zhongwei Shapotou Airport,Zhongwei (Shapotou),CN,37.573125,105.154454,4088,Asia/Shanghai,medium_airport
ZIA,UUBW,Zhukovsky International Airport,Moscow,RU,55.553299,38.150002,377,Europe/Moscow,large_airport
ZIC,SCTO,Victoria Airport,Victoria,CL,-38.245602,-72.348602,1148,America/Santiago,medium_airport
ZIG,GOGG,Ziguinchor Airport,Ziguinchor,SN,12.5556,-16.281799,75,Africa/Dakar,medium_airport
ZIH,MMZH,Ixtapa-Zihuatanejo International Airport,Ixtapa,MX,17.601771,-101.460629,26,America/Mexico_City,medium_airport
ZIX,UEVV,Zhigansk Airport,Zhigansk,RU,66.7965011597,123.361000061,292,Asia/Yakutsk,medium_airport
ZJG,CZJG,Jenpeg Airport,Jenpeg,CA,54.51890182495117,-98.04609680175781,729,America/Winnipeg,medium_airport
ZJN,CZJN,Swan River Airport,Swan River,CA,52.120602,-101.236,1100,America/Winnipeg,medium_airport
ZKP,UESU,Zyryanka Airport,Zyryanka,RU,65.7485,150.8889,140,Asia/Magadan,medium_airport
ZLO,MMZO,Playa de Oro International Airport,Manzanillo,MX,19.1448,-104.558998,30,America/Mexico_City,medium_airport
ZMT,CZMT,Masset Airport,Masset,CA,54.0275,-132.125,25,America/Vancouver,medium_airport
ZND,DRZR,Zinder Airport,Zinder,NE,13.779000282287598,8.983759880065918,1516,Africa/Niamey,medium_airport
ZNE,YNWN,Newman Airport,Newman,AU,-23.417800903299998,119.803001404,1724,Australia/Perth,medium_airport
ZNZ,HTZA,Abeid Amani Karume International Airport,Zanzibar,TZ,-6.22202,39.224899,54,Africa/Dar_es_Salaam,large_airport
ZOS,SCJO,Cañal Bajo Carlos Hott Siebert Airport,Osorno,CL,-40.611198,-73.060997,187,America/Santiago,medium_airport
ZQN,NZQN,Queenstown International Airport,Queenstown,NZ,-45.021099,168.738998,1171,Pacific/Auckland,medium_airport
ZQZ,ZBZJ,Zhangjiakou Ningyuan Airport,Zhangjiakou,CN,40.738602,114.930278,2347,N/A,medium_airport
ZRH,LSZH,Zürich Airport,Zurich,CH,47.458056,8.548056,1417,Europe/Zurich,large_airport
ZRI,WABO,Stevanus Rumbewas Airport,Serui,ID,-1.82842,136.062402,20,Asia/Jayapura,medium_airport
ZSA,MYSM,San Salvador Airport,San Salvador,BS,24.063299,-74.524002,24,America/Nassau,medium_airport
ZSE,FMEP,Pierrefonds Airport,Saint-Pierre,RE,-21.319362,55.422506,59,Indian/Reunion,medium_airport
ZSJ,CZSJ,Sandy Lake Airport,Sandy Lake,CA,53.06420135498047,-93.34439849853516,951,America/Winnipeg,medium_airport
ZST,CZST,Stewart Airport,Stewart,CA,55.935410448,-129.982434511,24,America/Vancouver,medium_airport
ZTH,LGZA,Zakynthos International Airport Dionysios Solomos,Zakynthos,GR,37.7509,20.8843,12,Europe/Athens,medium_airport
ZTU,UBBY,Zaqatala International Airport,Zaqatala,AZ,41.557823,46.669464,1279,Asia/Baku,medium_airport
ZUC,CZUC,Ignace Municipal Airport,Ignace,CA,49.428204,-91.720418,1435,America/Winnipeg,medium_airport
ZUH,ZGSD,Zhuhai Jinwan Airport,Zhuhai (Jinwan),CN,22.006399,113.375999,23,Asia/Shanghai,medium_airport
ZVA,FMMN,Miandrivazo Airport,Miandrivazo,MG,-19.562799,45.450802,203,Indian/Antananarivo,medium_airport
ZVK,VLSK,Savannakhet Airport,,LA,16.55660057067871,104.76000213623047,509,Asia/Vientiane,medium_airport
ZWA,FMND,Andapa Airport,,MG,-14.651700019836426,49.620601654052734,1552,Indian/Antananarivo,medium_airport
ZXT,UBTT,Zabrat Airport,Zabrat,AZ,40.494884,49.977065,36,Asia/Baku,medium_airport
ZYI,ZUZY,Zunyi Xinzhou Airport,Zunyi,CN,27.810723,107.247189,2723,Asia/Shanghai,medium_airport
ZYL,VGSY,Osmany International Airport,Sylhet,BD,24.963832,91.864843,50,Asia/Dhaka,medium_airport
ZZU,FWUU,Mzuzu Airport,Mzuzu,MW,-11.4447,34.011799,4115,N/A,medium_airport
ZZV,KZZV,Zanesville Municipal Airport,Zanesville,US,39.9444007874,-81.89209747310001,900,America/New_York,medium_airport
